2001.10.28,00:00,1.43630,1.46870,1.43600,1.46270,45231
2001.11.04,00:00,1.46170,1.46780,1.44740,1.45810,42899
2001.11.11,00:00,1.45650,1.46240,1.42620,1.42740,43572
2001.11.18,00:00,1.42790,1.42880,1.40390,1.40950,100273
2001.11.25,00:00,1.41060,1.43020,1.40600,1.42390,111063
2001.12.02,00:00,1.42340,1.43410,1.41370,1.43360,104935
2001.12.09,00:00,1.43270,1.45720,1.42690,1.45280,94860
2001.12.16,00:00,1.45390,1.46140,1.43430,1.44020,93388
2001.12.23,00:00,1.44070,1.45580,1.43240,1.45060,49550
2001.12.30,00:00,1.44990,1.45660,1.43600,1.44610,60242
2002.01.06,00:00,1.44740,1.45000,1.43370,1.44840,95046
2002.01.13,00:00,1.44990,1.45310,1.42970,1.43800,85670
2002.01.20,00:00,1.43730,1.44260,1.40600,1.40900,48396
2002.01.27,00:00,1.40850,1.41880,1.40410,1.41730,40027
2002.02.03,00:00,1.41440,1.42500,1.40660,1.41490,61205
2002.02.10,00:00,1.41320,1.43630,1.41300,1.43160,56841
2002.02.17,00:00,1.43200,1.43470,1.42220,1.43270,48543
2002.02.24,00:00,1.43180,1.43310,1.41070,1.41870,76778
2002.03.03,00:00,1.41900,1.43140,1.41550,1.42270,65965
2002.03.10,00:00,1.42130,1.42740,1.40870,1.42440,75620
2002.03.17,00:00,1.42330,1.43290,1.41930,1.42580,74745
2002.03.24,00:00,1.42480,1.42900,1.42120,1.42590,69777
2002.03.31,00:00,1.42540,1.44330,1.42470,1.43340,75237
2002.04.07,00:00,1.43070,1.44070,1.42870,1.43610,75164
2002.04.14,00:00,1.43630,1.45020,1.43410,1.44760,71243
2002.04.21,00:00,1.44670,1.45830,1.44530,1.45830,65415
2002.04.28,00:00,1.45740,1.47050,1.45470,1.46920,72609
2002.05.05,00:00,1.46810,1.47000,1.45310,1.46400,62225
2002.05.12,00:00,1.46320,1.46530,1.44610,1.45800,85956
2002.05.19,00:00,1.45940,1.46360,1.45060,1.45790,81347
2002.05.26,00:00,1.45690,1.46890,1.45360,1.45420,73670
2002.06.02,00:00,1.45710,1.46690,1.45310,1.45990,81240
2002.06.09,00:00,1.45950,1.48020,1.45490,1.47730,78494
2002.06.16,00:00,1.47650,1.50200,1.47480,1.49750,79183
2002.06.23,00:00,1.49630,1.53830,1.49450,1.53320,99029
2002.06.30,00:00,1.53230,1.53670,1.51480,1.52210,87888
2002.07.07,00:00,1.52420,1.55840,1.52300,1.55350,90629
2002.07.14,00:00,1.55140,1.58580,1.55100,1.57730,93867
2002.07.21,00:00,1.57550,1.58660,1.55530,1.56480,103059
2002.07.28,00:00,1.56520,1.57490,1.54690,1.57020,89809
2002.08.04,00:00,1.56970,1.57150,1.52080,1.52390,90955
2002.08.11,00:00,1.52340,1.54720,1.52260,1.53870,81982
2002.08.18,00:00,1.53960,1.54470,1.51600,1.52060,77952
2002.08.25,00:00,1.52070,1.55500,1.51790,1.55080,37950
2002.09.01,00:00,1.54920,1.57330,1.54610,1.55950,89751
2002.09.08,00:00,1.55880,1.56570,1.54720,1.55150,88085
2002.09.15,00:00,1.55090,1.55980,1.52820,1.55470,102828
2002.09.22,00:00,1.55470,1.56720,1.54790,1.56110,95734
2002.09.29,00:00,1.56080,1.57670,1.56000,1.56580,26920
2002.10.06,00:00,1.56460,1.56940,1.55040,1.56190,25484
2002.10.13,00:00,1.56200,1.56720,1.54290,1.54610,28188
2002.10.20,00:00,1.54610,1.55690,1.54090,1.55070,25098
2002.10.27,00:00,1.54820,1.56800,1.54490,1.56480,22600
2002.11.03,00:00,1.56420,1.59310,1.55240,1.59170,24482
2002.11.10,00:00,1.59030,1.59700,1.57280,1.58040,24491
2002.11.17,00:00,1.58090,1.59160,1.57030,1.58100,25151
2002.11.24,00:00,1.57810,1.57860,1.54110,1.55760,24689
2002.12.01,00:00,1.55630,1.57990,1.54280,1.57640,26494
2002.12.08,00:00,1.57810,1.59110,1.56810,1.58950,24696
2002.12.15,00:00,1.58900,1.60650,1.58640,1.60340,24086
2002.12.22,00:00,1.60230,1.60640,1.58650,1.60390,13981
2002.12.29,00:00,1.60330,1.61170,1.59060,1.61070,17847
2003.01.05,00:00,1.60880,1.61670,1.59640,1.60770,25758
2003.01.12,00:00,1.60900,1.62000,1.59560,1.61360,27008
2003.01.19,00:00,1.61180,1.63630,1.60170,1.63340,26720
2003.01.26,00:00,1.63340,1.65760,1.62780,1.64710,27863
2003.02.02,00:00,1.64710,1.65390,1.62340,1.63210,29353
2003.02.09,00:00,1.63150,1.63560,1.60990,1.61530,29579
2003.02.16,00:00,1.61180,1.61220,1.57690,1.57870,32562
2003.02.23,00:00,1.57610,1.58930,1.57040,1.57340,34725
2003.03.02,00:00,1.57400,1.60980,1.57090,1.60290,36871
2003.03.09,00:00,1.60250,1.61600,1.57880,1.58270,35647
2003.03.16,00:00,1.58770,1.59090,1.55380,1.56290,38031
2003.03.23,00:00,1.56460,1.57990,1.56080,1.57410,32178
2003.03.30,00:00,1.57450,1.58420,1.55880,1.56080,27283
2003.04.06,00:00,1.55550,1.57440,1.54590,1.57070,26310
2003.04.13,00:00,1.57050,1.58480,1.56700,1.57110,23220
2003.04.20,00:00,1.57260,1.59830,1.55830,1.59180,38112
2003.04.27,00:00,1.59340,1.61380,1.58590,1.60350,39978
2003.05.04,00:00,1.60370,1.61910,1.59010,1.60410,38604
2003.05.11,00:00,1.60840,1.62990,1.60400,1.62270,38118
2003.05.18,00:00,1.62770,1.64750,1.62490,1.63610,41390
2003.05.25,00:00,1.63360,1.65500,1.63070,1.63550,36753
2003.06.01,00:00,1.62630,1.67140,1.62350,1.66260,46311
2003.06.08,00:00,1.65850,1.67940,1.64180,1.67250,46162
2003.06.15,00:00,1.67440,1.69080,1.65830,1.66420,44336
2003.06.22,00:00,1.66230,1.68010,1.64540,1.64960,38038
2003.06.29,00:00,1.65000,1.67490,1.64550,1.66680,31229
2003.07.06,00:00,1.66690,1.66800,1.62150,1.63070,36965
2003.07.13,00:00,1.63040,1.63060,1.58240,1.59070,45437
2003.07.20,00:00,1.57980,1.62390,1.57750,1.62140,48259
2003.07.27,00:00,1.61910,1.63130,1.60010,1.61150,38540
2003.08.03,00:00,1.61150,1.61910,1.60060,1.60460,34000
2003.08.10,00:00,1.60310,1.61410,1.59240,1.59700,19583
2003.08.17,00:00,1.59790,1.59890,1.57010,1.57460,30353
2003.08.24,00:00,1.57410,1.58330,1.56170,1.57800,28014
2003.08.31,00:00,1.57900,1.59130,1.56070,1.58850,31919
2003.09.07,00:00,1.58670,1.60720,1.57820,1.60270,31822
2003.09.14,00:00,1.60480,1.63800,1.58500,1.63650,37434
2003.09.21,00:00,1.64710,1.66340,1.64120,1.65910,39301
2003.09.28,00:00,1.65790,1.67640,1.64500,1.66390,43146
2003.10.05,00:00,1.66140,1.67800,1.65610,1.66460,38841
2003.10.12,00:00,1.66440,1.68210,1.65340,1.67850,42278
2003.10.19,00:00,1.67930,1.69980,1.66850,1.69480,39203
2003.10.26,00:00,1.69540,1.70810,1.68720,1.69560,43973
2003.11.02,00:00,1.69600,1.69820,1.65640,1.67610,46010
2003.11.09,00:00,1.67320,1.69120,1.66340,1.68800,34050
2003.11.16,00:00,1.68980,1.70910,1.68570,1.70450,46194
2003.11.23,00:00,1.70540,1.72450,1.69270,1.72200,37089
2003.11.30,00:00,1.72150,1.73230,1.71660,1.72960,37663
2003.12.07,00:00,1.73030,1.75140,1.72670,1.74580,38312
2003.12.14,00:00,1.73600,1.77480,1.73540,1.76510,35343
2003.12.21,00:00,1.76500,1.77650,1.75970,1.77100,19402
2003.12.28,00:00,1.77240,1.79530,1.77000,1.79360,25356
2004.01.04,00:00,1.79350,1.85000,1.79300,1.84790,48357
2004.01.11,00:00,1.84740,1.85810,1.79310,1.79910,54209
2004.01.18,00:00,1.79830,1.85260,1.78240,1.82610,52778
2004.01.25,00:00,1.82590,1.83850,1.80180,1.82410,61592
2004.02.01,00:00,1.82430,1.85210,1.81350,1.84780,51620
2004.02.08,00:00,1.84290,1.89900,1.84140,1.88490,52746
2004.02.15,00:00,1.88490,1.91450,1.85630,1.86140,51365
2004.02.22,00:00,1.86070,1.89500,1.84550,1.86860,54669
2004.02.29,00:00,1.86720,1.87510,1.81560,1.84620,59450
2004.03.07,00:00,1.84660,1.85890,1.79020,1.80350,56344
2004.03.14,00:00,1.79980,1.84090,1.79420,1.83340,55271
2004.03.21,00:00,1.83330,1.85420,1.79870,1.81600,53509
2004.03.28,00:00,1.81350,1.86070,1.80570,1.83070,52846
2004.04.04,00:00,1.82910,1.84720,1.81060,1.83310,45113
2004.04.11,00:00,1.83320,1.84250,1.77600,1.79800,54164
2004.04.18,00:00,1.79740,1.81490,1.76240,1.77150,56576
2004.04.25,00:00,1.77130,1.79770,1.75790,1.77800,55354
2004.05.02,00:00,1.77950,1.80470,1.76870,1.78620,46004
2004.05.09,00:00,1.78590,1.78750,1.74790,1.76060,51031
2004.05.16,00:00,1.76020,1.79600,1.75680,1.78730,50415
2004.05.23,00:00,1.78810,1.84240,1.78200,1.83300,50815
2004.05.30,00:00,1.83460,1.84870,1.82760,1.84040,43368
2004.06.06,00:00,1.84130,1.84820,1.81580,1.81920,44665
2004.06.13,00:00,1.81640,1.84060,1.80420,1.83820,65498
2004.06.20,00:00,1.83860,1.84090,1.81000,1.82670,48224
2004.06.27,00:00,1.82630,1.83580,1.80100,1.83070,61477
2004.07.04,00:00,1.83170,1.86180,1.82690,1.85930,57687
2004.07.11,00:00,1.85990,1.87570,1.84740,1.87300,61586
2004.07.18,00:00,1.87430,1.87720,1.82980,1.83170,67025
2004.07.25,00:00,1.83190,1.84480,1.80830,1.81960,77205
2004.08.01,00:00,1.82320,1.84680,1.81470,1.84120,70719
2004.08.08,00:00,1.84330,1.84570,1.81310,1.84340,60482
2004.08.15,00:00,1.84430,1.84670,1.81600,1.82020,63478
2004.08.22,00:00,1.81970,1.82000,1.78830,1.79070,63975
2004.08.29,00:00,1.79070,1.80680,1.77350,1.77640,35562
2004.09.05,00:00,1.77530,1.80290,1.77070,1.79640,36667
2004.09.12,00:00,1.79860,1.80380,1.77380,1.79300,40700
2004.09.19,00:00,1.79220,1.80930,1.78140,1.80590,39006
2004.09.26,00:00,1.80590,1.81650,1.79300,1.79860,40818
2004.10.03,00:00,1.79770,1.79830,1.77440,1.79440,35576
2004.10.10,00:00,1.79450,1.80690,1.78390,1.80410,29490
2004.10.17,00:00,1.80380,1.83190,1.79210,1.82810,33933
2004.10.24,00:00,1.83030,1.84530,1.81930,1.83720,39725
2004.10.31,00:00,1.83890,1.85640,1.82960,1.85610,43000
2004.11.07,00:00,1.85660,1.86200,1.83760,1.85640,43765
2004.11.14,00:00,1.85560,1.86410,1.84380,1.85720,42243
2004.11.21,00:00,1.85820,1.90400,1.85190,1.89390,44025
2004.11.28,00:00,1.89190,1.94470,1.88480,1.94370,65512
2004.12.05,00:00,1.94270,1.95100,1.90120,1.91470,65575
2004.12.12,00:00,1.90990,1.95540,1.90920,1.94170,71465
2004.12.19,00:00,1.94400,1.95090,1.90980,1.92340,50971
2004.12.26,00:00,1.92320,1.94200,1.91180,1.91860,41727
2005.01.02,00:00,1.91900,1.92060,1.86450,1.87110,72191
2005.01.09,00:00,1.87030,1.89410,1.86370,1.87110,77006
2005.01.16,00:00,1.87040,1.88300,1.85230,1.87690,76336
2005.01.23,00:00,1.87850,1.89190,1.86260,1.88810,68339
2005.01.30,00:00,1.88530,1.89240,1.87290,1.87550,64139
2005.02.06,00:00,1.87200,1.87550,1.85060,1.86850,61829
2005.02.13,00:00,1.86950,1.89790,1.86750,1.89420,65672
2005.02.20,00:00,1.89320,1.91990,1.89060,1.91950,54836
2005.02.27,00:00,1.91710,1.92760,1.90470,1.92250,34148
2005.03.06,00:00,1.92300,1.93300,1.91130,1.92420,48818
2005.03.13,00:00,1.92660,1.92950,1.90970,1.92210,36691
2005.03.20,00:00,1.91970,1.92040,1.86600,1.87100,34685
2005.03.27,00:00,1.87060,1.89820,1.85920,1.88110,38159
2005.04.03,00:00,1.87800,1.88610,1.86700,1.88570,37017
2005.04.10,00:00,1.88570,1.89790,1.87570,1.89280,40822
2005.04.17,00:00,1.89370,1.92190,1.88820,1.91410,47007
2005.04.24,00:00,1.91680,1.91760,1.89870,1.90860,49408
2005.05.01,00:00,1.90650,1.90800,1.88840,1.89060,34599
2005.05.08,00:00,1.89060,1.89140,1.84810,1.85060,39616
2005.05.15,00:00,1.85070,1.85110,1.82320,1.82720,49399
2005.05.22,00:00,1.82520,1.83600,1.81860,1.82450,64599
2005.05.29,00:00,1.82430,1.82590,1.80760,1.81580,68676
2005.06.05,00:00,1.81340,1.84070,1.81090,1.81240,68253
2005.06.12,00:00,1.81200,1.83120,1.79990,1.83070,64874
2005.06.19,00:00,1.82470,1.83330,1.81220,1.82450,79819
2005.06.26,00:00,1.82310,1.83150,1.76720,1.76750,80428
2005.07.03,00:00,1.76030,1.76560,1.73060,1.73810,81340
2005.07.10,00:00,1.73700,1.77900,1.73560,1.75210,82508
2005.07.17,00:00,1.75030,1.76180,1.72720,1.73900,88984
2005.07.24,00:00,1.73780,1.76160,1.73300,1.75780,80065
2005.07.31,00:00,1.75610,1.78350,1.75390,1.77940,59522
2005.08.07,00:00,1.77640,1.81790,1.77260,1.81430,65453
2005.08.14,00:00,1.81640,1.81660,1.78900,1.79460,61965
2005.08.21,00:00,1.79660,1.81020,1.79050,1.80000,65367
2005.08.28,00:00,1.80180,1.84500,1.78210,1.84190,72377
2005.09.04,00:00,1.83970,1.85020,1.83180,1.83900,48553
2005.09.11,00:00,1.84120,1.84260,1.80200,1.80800,39961
2005.09.18,00:00,1.80260,1.81460,1.77570,1.77760,42753
2005.09.25,00:00,1.77200,1.77960,1.75650,1.76350,40857
2005.10.02,00:00,1.76190,1.78110,1.75130,1.76050,45164
2005.10.09,00:00,1.76000,1.77050,1.73910,1.76980,38735
2005.10.16,00:00,1.76750,1.77980,1.74210,1.76750,42610
2005.10.23,00:00,1.76570,1.79000,1.76320,1.77350,41321
2005.10.30,00:00,1.77380,1.78220,1.74550,1.75200,38974
2005.11.06,00:00,1.74590,1.75170,1.73270,1.74220,37649
2005.11.13,00:00,1.74200,1.74940,1.70980,1.71760,42630
2005.11.20,00:00,1.71670,1.72850,1.70650,1.71410,37423
2005.11.27,00:00,1.71230,1.73770,1.70480,1.73330,43316
2005.12.04,00:00,1.73130,1.75650,1.72700,1.75470,38773
2005.12.11,00:00,1.75060,1.78070,1.75020,1.77190,47662
2005.12.18,00:00,1.76920,1.77300,1.73050,1.73460,40689
2005.12.25,00:00,1.73300,1.74070,1.71340,1.72030,29193
2006.01.01,00:00,1.72100,1.77220,1.71860,1.77040,40271
2006.01.08,00:00,1.76780,1.77800,1.75190,1.77560,45535
2006.01.15,00:00,1.77670,1.77940,1.75250,1.77090,43254
2006.01.22,00:00,1.77140,1.79330,1.76650,1.76770,46947
2006.01.29,00:00,1.76890,1.78570,1.75880,1.76160,41992
2006.02.05,00:00,1.76230,1.76400,1.73730,1.74350,41512
2006.02.12,00:00,1.74430,1.74890,1.72780,1.74140,46939
2006.02.19,00:00,1.74130,1.75540,1.73740,1.74400,46313
2006.02.26,00:00,1.74330,1.75920,1.73740,1.75390,50574
2006.03.05,00:00,1.75620,1.76230,1.72290,1.72660,52113
2006.03.12,00:00,1.72600,1.75950,1.72310,1.75660,48992
2006.03.19,00:00,1.75540,1.75840,1.73070,1.74320,44671
2006.03.26,00:00,1.74270,1.75350,1.73150,1.73630,49377
2006.04.02,00:00,1.73690,1.76140,1.72490,1.74360,55528
2006.04.09,00:00,1.74250,1.75720,1.73750,1.75090,39342
2006.04.16,00:00,1.75310,1.79340,1.75310,1.78240,46337
2006.04.23,00:00,1.78670,1.82450,1.77930,1.82350,54683
2006.04.30,00:00,1.82340,1.86220,1.82040,1.85830,54203
2006.05.07,00:00,1.86250,1.89970,1.85120,1.89470,62788
2006.05.14,00:00,1.89660,1.90240,1.86990,1.87770,65792
2006.05.21,00:00,1.87650,1.88860,1.85290,1.85650,62162
2006.05.28,00:00,1.85760,1.88670,1.85610,1.88330,52564
2006.06.04,00:00,1.88320,1.88770,1.83640,1.84060,54632
2006.06.11,00:00,1.83960,1.85560,1.83160,1.84950,56244
2006.06.18,00:00,1.85160,1.85310,1.81260,1.81800,51040
2006.06.25,00:00,1.81840,1.85000,1.80860,1.84900,57239
2006.07.02,00:00,1.84710,1.85390,1.83230,1.85140,43915
2006.07.09,00:00,1.84990,1.85210,1.83080,1.83760,45503
2006.07.16,00:00,1.83750,1.85970,1.81740,1.85870,46485
2006.07.23,00:00,1.85910,1.86750,1.83830,1.86270,44580
2006.07.30,00:00,1.86260,1.91280,1.86160,1.90810,49907
2006.08.06,00:00,1.90730,1.91430,1.88660,1.89050,43929
2006.08.13,00:00,1.88960,1.90240,1.87750,1.88160,37224
2006.08.20,00:00,1.88170,1.89960,1.88150,1.88710,42258
2006.08.27,00:00,1.88720,1.90900,1.88600,1.90600,42288
2006.09.03,00:00,1.90640,1.90790,1.86240,1.86510,40541
2006.09.10,00:00,1.86500,1.89200,1.86010,1.88030,44781
2006.09.17,00:00,1.87760,1.90610,1.87340,1.90070,50296
2006.09.24,00:00,1.90050,1.90720,1.86320,1.87210,47401
2006.10.01,00:00,1.87460,1.88970,1.86720,1.87060,41867
2006.10.08,00:00,1.86880,1.87110,1.85160,1.85620,37696
2006.10.15,00:00,1.85510,1.88570,1.85210,1.88340,40566
2006.10.22,00:00,1.88330,1.90020,1.86730,1.89650,35698
2006.10.29,00:00,1.89620,1.91350,1.89530,1.90050,38532
2006.11.05,00:00,1.90190,1.91780,1.89470,1.91060,37964
2006.11.12,00:00,1.91020,1.91510,1.88340,1.89460,41399
2006.11.19,00:00,1.89490,1.93490,1.89310,1.93120,32770
2006.11.26,00:00,1.93130,1.98480,1.93050,1.97950,53346
2006.12.03,00:00,1.97960,1.98370,1.95110,1.95310,48515
2006.12.10,00:00,1.95180,1.97260,1.94650,1.95150,48380
2006.12.17,00:00,1.95160,1.97480,1.94320,1.95920,41872
2006.12.24,00:00,1.95890,1.97510,1.95100,1.95750,30121
2006.12.31,00:00,1.95860,1.97500,1.92630,1.92990,36753
2007.01.07,00:00,1.93030,1.96070,1.92620,1.95850,45601
2007.01.14,00:00,1.95940,1.97780,1.95700,1.97350,43799
2007.01.21,00:00,1.97400,1.99140,1.95570,1.95910,44764
2007.01.28,00:00,1.95990,1.97470,1.94800,1.96710,42518
2007.02.04,00:00,1.96510,1.97320,1.94550,1.95030,40513
2007.02.11,00:00,1.95040,1.96760,1.94010,1.95000,39199
2007.02.18,00:00,1.95020,1.96510,1.94300,1.96320,35453
2007.02.25,00:00,1.96340,1.96720,1.94110,1.94330,50550
2007.03.04,00:00,1.94340,1.94480,1.91840,1.93200,45033
2007.03.11,00:00,1.93250,1.95030,1.92110,1.94230,45520
2007.03.18,00:00,1.94050,1.97260,1.93820,1.96110,40881
2007.03.25,00:00,1.96120,1.97200,1.95450,1.96760,36037
2007.04.01,00:00,1.96910,1.98210,1.96350,1.96450,30272
2007.04.08,00:00,1.96550,1.98860,1.95910,1.98650,33790
2007.04.15,00:00,1.98580,2.01310,1.98530,2.00330,35237
2007.04.22,00:00,2.00500,2.00610,1.98640,1.99840,35471
2007.04.29,00:00,1.99620,2.00740,1.98430,1.99300,30791
2007.05.06,00:00,1.99430,1.99980,1.97600,1.98180,31485
2007.05.13,00:00,1.98240,1.98730,1.96990,1.97490,34019
2007.05.20,00:00,1.97500,1.98930,1.96750,1.98420,32410
2007.05.27,00:00,1.98400,1.98980,1.97320,1.98220,27587
2007.06.03,00:00,1.98200,1.99670,1.96210,1.96790,29813
2007.06.10,00:00,1.97030,1.97820,1.96500,1.97470,31352
2007.06.17,00:00,1.97610,1.99940,1.97510,1.99840,30275
2007.06.24,00:00,1.99850,2.00840,1.99280,2.00800,31062
2007.07.01,00:00,2.00830,2.02050,2.00560,2.01100,27450
2007.07.08,00:00,2.01170,2.03660,2.00960,2.03390,32906
2007.07.15,00:00,2.03340,2.05850,2.03230,2.05510,31875
2007.07.22,00:00,2.05490,2.06520,2.02490,2.02520,46990
2007.07.29,00:00,2.02300,2.04600,2.01800,2.04140,45986
2007.08.05,00:00,2.03940,2.04610,2.01520,2.02260,47510
2007.08.12,00:00,2.02150,2.02570,1.96520,1.98160,67422
2007.08.19,00:00,1.98100,2.01370,1.97420,2.01320,50156
2007.08.26,00:00,2.01370,2.02320,1.99590,2.01600,46893
2007.09.02,00:00,2.01730,2.03240,2.00420,2.02830,43601
2007.09.09,00:00,2.02770,2.03640,2.00590,2.00650,51675
2007.09.16,00:00,2.00490,2.02120,1.98780,2.02000,56526
2007.09.23,00:00,2.02100,2.04640,2.00840,2.04580,50238
2007.09.30,00:00,2.04550,2.04920,2.02770,2.04200,45770
2007.10.07,00:00,2.04190,2.04760,2.02450,2.03350,217100
2007.10.14,00:00,2.03510,2.05220,2.02840,2.05120,182476
2007.10.21,00:00,2.05400,2.05700,2.02570,2.05260,106360
2007.10.28,00:00,2.05330,2.08970,2.05200,2.08920,158613
2007.11.04,00:00,2.08800,2.11610,2.07810,2.09110,178940
2007.11.11,00:00,2.08990,2.08990,2.03510,2.05240,307512
2007.11.18,00:00,2.05440,2.07650,2.04500,2.06080,293750
2007.11.25,00:00,2.06200,2.08360,2.05330,2.05580,312225
2007.12.02,00:00,2.05510,2.06800,2.01800,2.03030,288144
2007.12.09,00:00,2.03010,2.05770,2.01450,2.01730,305990
2007.12.16,00:00,2.01760,2.02280,1.98070,1.98190,284322
2007.12.23,00:00,1.98350,2.00200,1.97530,1.99280,123615
2007.12.30,00:00,1.99490,2.00990,1.96710,1.97130,202844
2008.01.06,00:00,1.97340,1.98270,1.94780,1.95630,282077
2008.01.13,00:00,1.95610,1.97890,1.95090,1.95410,332176
2008.01.20,00:00,1.95740,1.98510,1.93340,1.98190,245297
2008.01.27,00:00,1.98370,1.99580,1.96530,1.96620,132045
2008.02.03,00:00,1.96520,1.97880,1.93840,1.94580,184223
2008.02.10,00:00,1.94570,1.97360,1.93990,1.96010,76789
2008.02.17,00:00,1.95690,1.97080,1.93600,1.96710,29300
2008.02.24,00:00,1.96910,1.99720,1.96140,1.98690,34497
2008.03.02,00:00,1.98850,2.02140,1.97210,2.01440,33766
2008.03.09,00:00,2.01370,2.04000,1.99940,2.02010,118499
2008.03.16,00:00,2.02130,2.02730,1.97350,1.98150,142049
2008.03.23,00:00,1.98150,2.01920,1.97560,1.99430,24418
2008.03.30,00:00,1.99420,2.00490,1.97300,1.99290,37917
2008.04.06,00:00,1.99300,1.99510,1.96470,1.97180,60425
2008.04.13,00:00,1.96520,1.99970,1.95990,1.99470,67435
2008.04.20,00:00,1.99700,2.00250,1.96770,1.98280,64704
2008.04.27,00:00,1.98560,1.99640,1.96210,1.97310,60629
2008.05.04,00:00,1.97120,1.97830,1.94570,1.95200,50495
2008.05.11,00:00,1.95340,1.96310,1.93600,1.95530,54308
2008.05.18,00:00,1.95690,1.98500,1.94530,1.97960,48686
2008.05.25,00:00,1.98050,1.98450,1.96720,1.98070,58247
2008.06.01,00:00,1.98170,1.98170,1.94600,1.96960,108745
2008.06.08,00:00,1.97030,1.97990,1.94080,1.94700,67302
2008.06.15,00:00,1.94730,1.97900,1.94570,1.97630,117785
2008.06.22,00:00,1.97600,1.99510,1.95840,1.99460,92682
2008.06.29,00:00,1.99480,2.00070,1.97930,1.98250,94516
2008.07.06,00:00,1.98210,1.99570,1.96490,1.98690,99401
2008.07.13,00:00,1.99040,2.01560,1.98120,1.99810,110432
2008.07.20,00:00,1.99900,2.00760,1.98170,1.99020,103307
2008.07.27,00:00,1.99130,1.99660,1.97260,1.97320,93907
2008.08.03,00:00,1.97520,1.97610,1.91430,1.91970,112671
2008.08.10,00:00,1.92120,1.92530,1.85100,1.86250,136053
2008.08.17,00:00,1.86590,1.87930,1.85030,1.85070,109139
2008.08.24,00:00,1.85060,1.85880,1.81720,1.82260,78753
2008.08.31,00:00,1.81410,1.81500,1.75360,1.76390,95775
2008.09.07,00:00,1.77900,1.79740,1.74460,1.79400,102390
2008.09.14,00:00,1.80550,1.83860,1.77330,1.83540,134807
2008.09.21,00:00,1.83350,1.86670,1.82600,1.84180,101373
2008.09.28,00:00,1.83490,1.83650,1.75500,1.77480,110613
2008.10.05,00:00,1.77120,1.77190,1.67890,1.70400,136427
2008.10.12,00:00,1.71420,1.76280,1.69220,1.73040,111284
2008.10.19,00:00,1.73160,1.75170,1.52640,1.59020,132028
2008.10.26,00:00,1.58100,1.66720,1.52770,1.60750,144700
2008.11.02,00:00,1.60760,1.64010,1.55340,1.56710,126932
2008.11.09,00:00,1.58150,1.58820,1.45580,1.47950,148592
2008.11.16,00:00,1.46530,1.52480,1.46440,1.48670,109084
2008.11.23,00:00,1.49170,1.55330,1.48400,1.54030,102844
2008.11.30,00:00,1.53750,1.53970,1.44670,1.47350,105140
2008.12.07,00:00,1.47180,1.51170,1.46780,1.49460,102995
2008.12.14,00:00,1.49540,1.57230,1.48100,1.49130,110880
2008.12.21,00:00,1.49530,1.49880,1.46460,1.46480,49328
2008.12.28,00:00,1.46560,1.47660,1.43480,1.44920,63828
2009.01.04,00:00,1.45320,1.53730,1.44240,1.51660,119951
2009.01.11,00:00,1.51390,1.51510,1.44710,1.47430,78276
2009.01.18,00:00,1.48320,1.49060,1.35030,1.38050,91655
2009.01.25,00:00,1.37790,1.44980,1.35480,1.44900,102552
2009.02.01,00:00,1.44740,1.48410,1.40520,1.48050,109927
2009.02.08,00:00,1.47820,1.49850,1.41310,1.43990,99592
2009.02.15,00:00,1.42090,1.44800,1.40900,1.44250,105719
2009.02.22,00:00,1.43960,1.46610,1.41100,1.43140,96893
2009.03.01,00:00,1.42800,1.43050,1.39560,1.40720,100941
2009.03.08,00:00,1.41220,1.41800,1.36530,1.39990,100626
2009.03.15,00:00,1.39960,1.45960,1.38440,1.44640,101178
2009.03.22,00:00,1.44640,1.47770,1.42670,1.43190,98611
2009.03.29,00:00,1.42800,1.48440,1.41080,1.48230,77568
2009.04.05,00:00,1.48400,1.49580,1.45800,1.46540,74245
2009.04.12,00:00,1.46330,1.50650,1.46030,1.47820,101579
2009.04.19,00:00,1.48000,1.48110,1.43950,1.46560,88898
2009.04.26,00:00,1.46710,1.49480,1.45130,1.49120,86072
2009.05.03,00:00,1.49080,1.52380,1.48360,1.52370,86510
2009.05.10,00:00,1.52310,1.53540,1.50590,1.51660,101765
2009.05.17,00:00,1.51640,1.59430,1.51150,1.59060,109993
2009.05.24,00:00,1.59070,1.61980,1.57760,1.61640,98819
2009.05.31,00:00,1.61900,1.66620,1.59390,1.59750,123552
2009.06.07,00:00,1.59490,1.66210,1.58010,1.64280,105806
2009.06.14,00:00,1.64350,1.65590,1.61880,1.64950,108229
2009.06.21,00:00,1.65070,1.66000,1.62080,1.65230,103904
2009.06.28,00:00,1.65250,1.67420,1.63010,1.63230,88908
2009.07.05,00:00,1.63210,1.63790,1.59820,1.62050,99395
2009.07.12,00:00,1.62030,1.64790,1.60310,1.63400,99967
2009.07.19,00:00,1.63220,1.65840,1.63090,1.64260,91602
2009.07.26,00:00,1.64680,1.67320,1.63380,1.67030,89526
2009.08.02,00:00,1.67200,1.70420,1.66510,1.66820,105149
2009.08.09,00:00,1.66690,1.67170,1.63910,1.65400,112958
2009.08.16,00:00,1.64980,1.66230,1.62760,1.65070,120127
2009.08.23,00:00,1.65160,1.65450,1.61530,1.62690,118437
2009.08.30,00:00,1.62640,1.64120,1.61120,1.63900,116909
2009.09.06,00:00,1.63890,1.67410,1.63230,1.66540,96632
2009.09.13,00:00,1.66800,1.66830,1.62300,1.62710,117573
2009.09.20,00:00,1.62120,1.64670,1.59160,1.59510,126006
2009.09.27,00:00,1.59650,1.61250,1.57700,1.59410,137770
2009.10.04,00:00,1.59350,1.61190,1.58259,1.58391,56840
2009.10.11,00:00,1.58360,1.63984,1.57061,1.63520,96047
2009.10.18,00:00,1.63360,1.66923,1.62389,1.63048,168118
2009.10.25,00:00,1.62953,1.66035,1.62505,1.64443,189141
2009.11.01,00:00,1.64332,1.66361,1.62606,1.66119,175375
2009.11.08,00:00,1.66624,1.68420,1.65146,1.66719,159933
2009.11.15,00:00,1.67026,1.68768,1.64599,1.65012,152077
2009.11.22,00:00,1.64992,1.67454,1.62710,1.64926,160411
2009.11.29,00:00,1.65153,1.67209,1.63803,1.64705,153361
2009.12.06,00:00,1.64257,1.65154,1.61667,1.62570,174127
2009.12.13,00:00,1.62490,1.63916,1.60517,1.61577,145312
2009.12.20,00:00,1.61213,1.61633,1.59212,1.59628,79156
2009.12.27,00:00,1.59682,1.62351,1.58322,1.61694,67939
2010.01.03,00:00,1.61117,1.62400,1.58963,1.60214,122465
2010.01.10,00:00,1.60676,1.63556,1.60472,1.62615,120717
2010.01.17,00:00,1.62565,1.64567,1.60768,1.61098,129490
2010.01.24,00:00,1.60962,1.62748,1.59786,1.59791,160438
2010.01.31,00:00,1.59447,1.60689,1.55582,1.56388,121453
2010.02.07,00:00,1.55870,1.57639,1.55339,1.56973,134764
2010.02.14,00:00,1.56773,1.58149,1.53463,1.54700,136195
2010.02.21,00:00,1.54738,1.55750,1.51520,1.52328,141190
2010.02.28,00:00,1.51553,1.52033,1.47776,1.51325,143278
2010.03.07,00:00,1.51282,1.52165,1.48724,1.52017,124169
2010.03.14,00:00,1.51727,1.53817,1.49765,1.50103,207900
2010.03.21,00:00,1.50206,1.51108,1.47973,1.48944,133789
2010.03.28,00:00,1.49557,1.52981,1.48924,1.51978,112583
2010.04.04,00:00,1.52879,1.53906,1.51286,1.53694,114844
2010.04.11,00:00,1.54614,1.55222,1.53361,1.53583,128850
2010.04.18,00:00,1.52721,1.54726,1.51914,1.53733,131457
2010.04.25,00:00,1.53867,1.54970,1.51255,1.52721,144178
2010.05.02,00:00,1.53196,1.53277,1.44752,1.48018,204211
2010.05.09,00:00,1.48753,1.50531,1.44955,1.45348,215689
2010.05.16,00:00,1.45108,1.45442,1.42277,1.44573,249537
2010.05.23,00:00,1.44628,1.46097,1.42583,1.44546,218134
2010.05.30,00:00,1.44139,1.47693,1.44113,1.44536,184955
2010.06.06,00:00,1.44222,1.47582,1.43455,1.45473,192587
2010.06.13,00:00,1.45743,1.48852,1.45502,1.48208,154264
2010.06.20,00:00,1.48577,1.50772,1.46870,1.50618,168941
2010.06.27,00:00,1.50613,1.52282,1.48728,1.51930,152287
2010.07.04,00:00,1.51986,1.52404,1.50505,1.50616,194000
2010.07.11,00:00,1.50691,1.54714,1.49481,1.52970,243272
2010.07.18,00:00,1.52754,1.54483,1.51235,1.54190,185740
2010.07.25,00:00,1.54109,1.57207,1.54072,1.56873,135738
2010.08.01,00:00,1.57085,1.59972,1.56953,1.59403,116129
2010.08.08,00:00,1.59603,1.59952,1.55611,1.55894,123348
2010.08.15,00:00,1.56075,1.57023,1.54636,1.55342,126251
2010.08.22,00:00,1.55333,1.56169,1.53718,1.55276,126486
2010.08.29,00:00,1.55325,1.55750,1.53264,1.54493,98780
2010.09.05,00:00,1.54385,1.55325,1.52962,1.53545,103886
2010.09.12,00:00,1.53519,1.57281,1.53474,1.56280,118248
2010.09.19,00:00,1.56610,1.58434,1.55032,1.58182,148197
2010.09.26,00:00,1.58202,1.59218,1.56689,1.58177,158267
2010.10.03,00:00,1.58011,1.60168,1.57485,1.59601,158026
2010.10.10,00:00,1.59499,1.61061,1.57538,1.59892,182220
2010.10.17,00:00,1.59761,1.60034,1.56495,1.56794,238824
2010.10.24,00:00,1.56759,1.60440,1.56621,1.60349,226666
2010.10.31,00:00,1.60465,1.62978,1.59609,1.61805,220286
2010.11.07,00:00,1.61870,1.62127,1.59509,1.61159,420883
2010.11.14,00:00,1.61478,1.61536,1.58383,1.59788,330756
2010.11.21,00:00,1.59766,1.60841,1.55753,1.55884,203442
2010.11.28,00:00,1.55914,1.57871,1.54842,1.57746,373365
2010.12.05,00:00,1.57624,1.58614,1.56552,1.57999,317166
2010.12.12,00:00,1.57983,1.59100,1.54536,1.55297,316502
2010.12.19,00:00,1.55124,1.55760,1.53558,1.54394,200854
2010.12.26,00:00,1.54382,1.56643,1.53439,1.56084,216318
2011.01.02,00:00,1.55631,1.56446,1.54054,1.55436,309523
2011.01.09,00:00,1.55204,1.58878,1.54744,1.58675,336392
2011.01.16,00:00,1.58655,1.60587,1.58352,1.59984,313118
2011.01.23,00:00,1.59992,1.60159,1.57503,1.58579,335516
2011.01.30,00:00,1.58461,1.62773,1.58218,1.61090,286025
2011.02.06,00:00,1.60996,1.61843,1.59628,1.60051,395310
2011.02.13,00:00,1.59830,1.62625,1.59808,1.62506,487853
2011.02.20,00:00,1.62571,1.62738,1.60302,1.61170,503616
2011.02.27,00:00,1.61056,1.63431,1.60705,1.62681,336774
2011.03.06,00:00,1.62731,1.63408,1.59766,1.60805,221607
2011.03.13,00:00,1.60810,1.62551,1.59779,1.62324,378122
2011.03.20,00:00,1.61900,1.64000,1.60072,1.60408,348126
2011.03.27,00:00,1.60042,1.61503,1.59361,1.61107,371561
2011.04.03,00:00,1.61012,1.64273,1.60905,1.63800,456690
2011.04.10,00:00,1.63680,1.64256,1.62269,1.63235,345199
2011.04.17,00:00,1.63067,1.65988,1.61650,1.65067,373711
2011.04.24,00:00,1.65369,1.67456,1.64304,1.67030,446443
2011.05.01,00:00,1.67025,1.67377,1.63544,1.63630,252990
2011.05.08,00:00,1.63574,1.65165,1.61460,1.61939,261131
2011.05.15,00:00,1.62099,1.63044,1.61048,1.62285,346011
2011.05.22,00:00,1.62231,1.65122,1.60563,1.65069,392032
2011.05.29,00:00,1.64946,1.65459,1.62837,1.64243,286563
2011.06.05,00:00,1.64107,1.64721,1.62147,1.62297,297902
2011.06.12,00:00,1.62309,1.64404,1.60783,1.61916,304837
2011.06.19,00:00,1.61627,1.62618,1.59377,1.59586,296574
2011.06.26,00:00,1.59627,1.61182,1.59115,1.60733,273263
2011.07.03,00:00,1.60614,1.61398,1.59311,1.60558,187527
2011.07.10,00:00,1.60182,1.61931,1.57795,1.61331,274707
2011.07.17,00:00,1.61191,1.63369,1.60044,1.62981,287823
2011.07.24,00:00,1.63340,1.64692,1.62603,1.64236,259427
2011.07.31,00:00,1.64216,1.64742,1.62239,1.63885,388915
2011.08.07,00:00,1.64732,1.64779,1.61112,1.62785,684060
2011.08.14,00:00,1.62764,1.66176,1.62552,1.64751,438910
2011.08.21,00:00,1.64661,1.65726,1.62070,1.63485,359248
2011.08.28,00:00,1.63514,1.64543,1.61315,1.62250,366852
2011.09.04,00:00,1.61531,1.62071,1.58435,1.58797,565273
2011.09.11,00:00,1.58325,1.58855,1.57061,1.57976,614043
2011.09.18,00:00,1.57312,1.57559,1.53276,1.54882,603219
2011.09.25,00:00,1.54746,1.57155,1.54318,1.55901,889933
2011.10.02,00:00,1.55476,1.56458,1.52709,1.55587,847480
2011.10.09,00:00,1.55577,1.58521,1.55270,1.58074,593972
2011.10.16,00:00,1.58227,1.59615,1.56311,1.59597,612310
2011.10.23,00:00,1.59316,1.61520,1.58905,1.61275,562948
2011.10.30,00:00,1.61215,1.61661,1.58756,1.60160,676637
2011.11.06,00:00,1.60679,1.61299,1.58684,1.60781,591137
2011.11.13,00:00,1.60680,1.60918,1.56909,1.57882,650833
2011.11.20,00:00,1.57948,1.57968,1.54231,1.54503,641854
2011.11.27,00:00,1.54819,1.57799,1.54584,1.55992,672352
2011.12.04,00:00,1.55914,1.57695,1.55614,1.56624,613488
2011.12.11,00:00,1.56544,1.56577,1.54082,1.55196,602135
2011.12.18,00:00,1.55413,1.57740,1.54648,1.55838,493954
2011.12.25,00:00,1.56278,1.57009,1.53610,1.55453,315183
2012.01.01,00:00,1.55108,1.56695,1.53756,1.54248,614461
2012.01.08,00:00,1.54198,1.55007,1.52331,1.53074,916990
2012.01.15,00:00,1.52813,1.55765,1.52747,1.55719,820981
2012.01.22,00:00,1.55531,1.57404,1.55165,1.57264,852257
2012.01.29,00:00,1.56570,1.58826,1.56560,1.58101,823698
2012.02.05,00:00,1.58046,1.59287,1.57295,1.57519,1006834
2012.02.12,00:00,1.57720,1.58609,1.56445,1.58263,918583
2012.02.19,00:00,1.58443,1.58990,1.56483,1.58752,749295
2012.02.26,00:00,1.58820,1.59921,1.57995,1.58290,800760
2012.03.04,00:00,1.58350,1.58812,1.56618,1.56700,652647
2012.03.11,00:00,1.56694,1.58610,1.56022,1.58397,656453
2012.03.18,00:00,1.58424,1.59228,1.57694,1.58675,656129
2012.03.25,00:00,1.58705,1.60372,1.58009,1.60055,716529
2012.04.01,00:00,1.60087,1.60625,1.58044,1.58680,613750
2012.04.08,00:00,1.58890,1.59850,1.58086,1.58432,711217
2012.04.15,00:00,1.58508,1.61488,1.58188,1.61167,691087
2012.04.22,00:00,1.61232,1.62801,1.60757,1.62600,667948
2012.04.29,00:00,1.62704,1.63012,1.61403,1.61465,624351
2012.05.06,00:00,1.61485,1.61982,1.60616,1.60639,684612
2012.05.13,00:00,1.60635,1.61230,1.57310,1.58128,843868
2012.05.20,00:00,1.58099,1.58481,1.56303,1.56524,795250
2012.05.27,00:00,1.56777,1.57170,1.52677,1.53536,710025
2012.06.03,00:00,1.53682,1.56008,1.53211,1.54659,783587
2012.06.10,00:00,1.55182,1.57236,1.54535,1.57109,757287
2012.06.17,00:00,1.57349,1.57777,1.55568,1.55832,872184
2012.06.24,00:00,1.55833,1.57130,1.54849,1.57029,750881
2012.07.01,00:00,1.56938,1.57215,1.54608,1.54870,644687
2012.07.08,00:00,1.54758,1.55807,1.53931,1.55693,553828
2012.07.15,00:00,1.55779,1.57370,1.55170,1.56203,659790
2012.07.22,00:00,1.56057,1.57676,1.54582,1.57449,681010
2012.07.29,00:00,1.57347,1.57410,1.54903,1.56388,539868
2012.08.05,00:00,1.56324,1.57009,1.55465,1.56866,626623
2012.08.12,00:00,1.56749,1.57441,1.56360,1.56933,336829
2012.08.19,00:00,1.56960,1.59126,1.56774,1.58100,215225
2012.08.26,00:00,1.58132,1.58947,1.57539,1.58616,184861
2012.09.02,00:00,1.58756,1.60336,1.58256,1.60087,182073
2012.09.09,00:00,1.60127,1.62550,1.59589,1.62150,205840
2012.09.16,00:00,1.62269,1.63095,1.61640,1.62259,205622
2012.09.23,00:00,1.62434,1.62724,1.61147,1.61660,212685
2012.09.30,00:00,1.61486,1.62171,1.60660,1.61327,208132
2012.10.07,00:00,1.61370,1.61396,1.59756,1.60641,204981
2012.10.14,00:00,1.60776,1.61778,1.59966,1.59998,182087
2012.10.21,00:00,1.60075,1.61427,1.59130,1.61028,186738
2012.10.28,00:00,1.60988,1.61743,1.60060,1.60194,153354
2012.11.04,00:00,1.60107,1.60418,1.58874,1.58933,179734
2012.11.11,00:00,1.59024,1.59149,1.58273,1.58775,153179
2012.11.18,00:00,1.58829,1.60507,1.58608,1.60263,153839
2012.11.25,00:00,1.60245,1.60620,1.59618,1.60105,167384
2012.12.02,00:00,1.60172,1.61305,1.60019,1.60304,168725
2012.12.09,00:00,1.60367,1.61769,1.60137,1.61722,155988
2012.12.16,00:00,1.61681,1.63059,1.61516,1.61684,174074
2012.12.23,00:00,1.61483,1.62057,1.60664,1.61569,108169
2012.12.30,00:00,1.61682,1.63388,1.60092,1.60678,137913
2013.01.06,00:00,1.60709,1.61766,1.59920,1.61323,195783
2013.01.13,00:00,1.61297,1.61540,1.58537,1.58637,220721
2013.01.20,00:00,1.58480,1.58929,1.57455,1.57959,205858
2013.01.27,00:00,1.57615,1.58780,1.56740,1.56910,212360
2013.02.03,00:00,1.56909,1.58441,1.56302,1.57949,216389
2013.02.10,00:00,1.57878,1.58094,1.54626,1.55140,165714
2013.02.17,00:00,1.55032,1.55078,1.51314,1.51739,148188
2013.02.24,00:00,1.50716,1.52211,1.49853,1.50400,233206
2013.03.03,00:00,1.50419,1.51984,1.48864,1.49222,209367
2013.03.10,00:00,1.49246,1.51763,1.48313,1.51139,256398
2013.03.17,00:00,1.51167,1.52471,1.50271,1.52270,297199
2013.03.24,00:00,1.52308,1.52601,1.50927,1.52009,224687
2013.03.31,00:00,1.51967,1.53631,1.50330,1.53421,227899
2013.04.07,00:00,1.53280,1.54113,1.52389,1.53399,244449
2013.04.14,00:00,1.53381,1.53845,1.52165,1.52301,278930
2013.04.21,00:00,1.52298,1.54987,1.51964,1.54739,245150
2013.04.28,00:00,1.54827,1.56061,1.54681,1.55667,240294
2013.05.05,00:00,1.55662,1.55979,1.53141,1.53651,245538
2013.05.12,00:00,1.53547,1.53848,1.51578,1.51690,269286
2013.05.19,00:00,1.51892,1.52814,1.50140,1.51233,284244
2013.05.26,00:00,1.51294,1.52399,1.50086,1.51945,257231
2013.06.02,00:00,1.51977,1.56836,1.51923,1.55540,299763
2013.06.09,00:00,1.55402,1.57371,1.54948,1.56983,289046
2013.06.16,00:00,1.57108,1.57512,1.53681,1.54172,273903
2013.06.23,00:00,1.53930,1.54771,1.51654,1.52083,276298
2013.06.30,00:00,1.52061,1.53041,1.48567,1.48833,246601
2013.07.07,00:00,1.48755,1.52219,1.48133,1.50984,272155
2013.07.14,00:00,1.51081,1.52816,1.50274,1.52615,260112
2013.07.21,00:00,1.52610,1.54337,1.52574,1.53809,243313
2013.07.28,00:00,1.53818,1.54131,1.51024,1.52858,248724
2013.08.04,00:00,1.52830,1.55739,1.52054,1.55057,229928
2013.08.11,00:00,1.55020,1.56569,1.54222,1.56206,233819
2013.08.18,00:00,1.56291,1.57173,1.55387,1.55647,233656
2013.08.25,00:00,1.55746,1.56118,1.54275,1.54960,213697
2013.09.01,00:00,1.55193,1.56806,1.55056,1.56241,198242
2013.09.08,00:00,1.56278,1.58846,1.56260,1.58721,207543
2013.09.15,00:00,1.59322,1.61626,1.58855,1.60047,228202
2013.09.22,00:00,1.59986,1.61464,1.59552,1.61363,207371
2013.09.29,00:00,1.61429,1.62603,1.60049,1.60075,232187
2013.10.06,00:00,1.60255,1.61238,1.59138,1.59483,203414
2013.10.13,00:00,1.59672,1.62250,1.58943,1.61651,204519
2013.10.20,00:00,1.61714,1.62564,1.61158,1.61627,194881
2013.10.27,00:00,1.61723,1.62078,1.59085,1.59198,212037
2013.11.03,00:00,1.59245,1.61177,1.59034,1.60137,206269
2013.11.10,00:00,1.59980,1.61340,1.58542,1.61163,218438
2013.11.17,00:00,1.61188,1.62238,1.60595,1.62229,232478
2013.11.24,00:00,1.62246,1.63843,1.61334,1.63622,203814
2013.12.01,00:00,1.63691,1.64419,1.62925,1.63467,237829
2013.12.08,00:00,1.63447,1.64657,1.62626,1.62929,187490
2013.12.15,00:00,1.63060,1.64833,1.62191,1.63271,197413
2013.12.22,00:00,1.63357,1.65779,1.63209,1.64736,108156
2013.12.29,00:00,1.64800,1.65931,1.63950,1.64122,123517
2014.01.05,00:00,1.63963,1.65165,1.63373,1.64817,188031
2014.01.12,00:00,1.64829,1.65077,1.63102,1.64177,188789
2014.01.19,00:00,1.64144,1.66682,1.63954,1.64905,194997
2014.01.26,00:00,1.65032,1.66247,1.64271,1.64386,210025
2014.02.02,00:00,1.64207,1.64406,1.62519,1.64026,200742
2014.02.09,00:00,1.63947,1.67550,1.63830,1.67427,178347
2014.02.16,00:00,1.67649,1.68224,1.66114,1.66148,168462
2014.02.23,00:00,1.66254,1.67689,1.65834,1.67361,182561
2014.03.02,00:00,1.67088,1.67858,1.66404,1.67098,183235
2014.03.09,00:00,1.67182,1.67409,1.65682,1.66423,179566
2014.03.16,00:00,1.66410,1.66661,1.64754,1.64838,162579
2014.03.23,00:00,1.64755,1.66512,1.64655,1.66348,166309
2014.03.30,00:00,1.66432,1.66841,1.65536,1.65715,228110
2014.04.06,00:00,1.65683,1.68204,1.65653,1.67272,166762
2014.04.13,00:00,1.67211,1.68418,1.66582,1.67837,139552
2014.04.20,00:00,1.67889,1.68391,1.67624,1.67971,116621
2014.04.27,00:00,1.68025,1.69189,1.67773,1.68718,148687
2014.05.04,00:00,1.68764,1.69964,1.68318,1.68452,147419
2014.05.11,00:00,1.68397,1.69031,1.67313,1.68082,165797
2014.05.18,00:00,1.68132,1.69205,1.68021,1.68266,158360
2014.05.25,00:00,1.68320,1.68819,1.66926,1.67520,147127
2014.06.01,00:00,1.67631,1.68448,1.66987,1.67948,183453
2014.06.08,00:00,1.68013,1.69916,1.67380,1.69624,194296
2014.06.15,00:00,1.69717,1.70626,1.69208,1.70127,192576
2014.06.22,00:00,1.70109,1.70514,1.69522,1.70288,164624
2014.06.29,00:00,1.70312,1.71793,1.70085,1.71583,166039
2014.07.06,00:00,1.71642,1.71676,1.70854,1.71177,174119
2014.07.13,00:00,1.71215,1.71914,1.70363,1.70798,199028
2014.07.20,00:00,1.70804,1.70993,1.69609,1.69714,168212
2014.07.27,00:00,1.69788,1.70007,1.68118,1.68208,195388
2014.08.03,00:00,1.68320,1.68885,1.67665,1.67706,186578
2014.08.10,00:00,1.67796,1.68427,1.66573,1.66885,165247
2014.08.17,00:00,1.67323,1.67373,1.65612,1.65668,167381
2014.08.24,00:00,1.65540,1.66134,1.65362,1.65949,185832
2014.08.31,00:00,1.65922,1.66438,1.62800,1.63240,206127
2014.09.07,00:00,1.61686,1.62768,1.60516,1.62645,261412
2014.09.14,00:00,1.62770,1.65242,1.61618,1.62844,292100
2014.09.21,00:00,1.63070,1.64153,1.62376,1.62396,246968
2014.09.28,00:00,1.62347,1.62869,1.59515,1.59599,263484
2014.10.05,00:00,1.59586,1.62264,1.59538,1.60714,270094
2014.10.12,00:00,1.60734,1.61263,1.58746,1.60867,336147
2014.10.19,00:00,1.61020,1.61841,1.59945,1.60865,263087
2014.10.26,00:00,1.60834,1.61823,1.59419,1.59945,264046
2014.11.02,00:00,1.59620,1.60219,1.57903,1.58700,297656
2014.11.09,00:00,1.58825,1.59447,1.55928,1.56666,268326
2014.11.16,00:00,1.56797,1.57372,1.55897,1.56529,290483
2014.11.23,00:00,1.56350,1.58255,1.56142,1.56517,296819
2014.11.30,00:00,1.56454,1.57638,1.55687,1.55832,318589
2014.12.07,00:00,1.55710,1.57567,1.55412,1.57153,358535
2014.12.14,00:00,1.57245,1.57858,1.55409,1.56211,347730
2014.12.21,00:00,1.56246,1.56651,1.54857,1.55548,197298
2014.12.28,00:00,1.55619,1.56197,1.53251,1.53258,198119
2015.01.04,00:00,1.53000,1.53195,1.50341,1.51564,344758
2015.01.11,00:00,1.51773,1.52689,1.50750,1.51318,356640
2015.01.18,00:00,1.51325,1.52121,1.49512,1.49904,340556
2015.01.25,00:00,1.50074,1.52227,1.49868,1.50494,288271
2015.02.01,00:00,1.50725,1.53520,1.49884,1.52341,222747
2015.02.08,00:00,1.52227,1.54220,1.51964,1.53802,216017
2015.02.15,00:00,1.54182,1.54795,1.53160,1.53994,205046
2015.02.22,00:00,1.53934,1.55521,1.53325,1.54309,165838
2015.03.01,00:00,1.54157,1.54286,1.50213,1.50213,171085
2015.03.08,00:00,1.50350,1.51372,1.46992,1.47266,234537
2015.03.15,00:00,1.47367,1.51642,1.46348,1.49526,242214
2015.03.22,00:00,1.49723,1.49938,1.47966,1.48702,250404
2015.03.29,00:00,1.48841,1.49445,1.47394,1.49156,200066
2015.04.05,00:00,1.49065,1.49813,1.45871,1.46312,198342
2015.04.12,00:00,1.46184,1.50530,1.45658,1.49590,231964
2015.04.19,00:00,1.49567,1.51873,1.48562,1.51856,223497
2015.04.26,00:00,1.51724,1.54980,1.51069,1.51347,244180
2015.05.03,00:00,1.51445,1.55222,1.50889,1.54372,270013
2015.05.10,00:00,1.54415,1.58145,1.53932,1.57245,245473
2015.05.17,00:00,1.57389,1.57452,1.54457,1.54798,767294
2015.05.24,00:00,1.54769,1.55074,1.52362,1.52895,661723
2015.05.31,00:00,1.52910,1.54409,1.51701,1.52616,810169
2015.06.07,00:00,1.52564,1.55976,1.52211,1.55522,782265
2015.06.14,00:00,1.55440,1.59296,1.54871,1.58746,677855
2015.06.21,00:00,1.58721,1.59096,1.56669,1.57471,616047
2015.06.28,00:00,1.56907,1.57886,1.55521,1.55655,671756
2015.07.05,00:00,1.55454,1.56281,1.53300,1.55126,697617
2015.07.12,00:00,1.54972,1.56752,1.54505,1.55975,652843
2015.07.19,00:00,1.56017,1.56705,1.54663,1.55054,589753
2015.07.26,00:00,1.55125,1.56894,1.54896,1.56174,660622
2015.08.02,00:00,1.56272,1.56507,1.54243,1.54909,692676
2015.08.09,00:00,1.54874,1.56598,1.54579,1.56449,641397
2015.08.16,00:00,1.56468,1.57231,1.55622,1.56880,632263
2015.08.23,00:00,1.56760,1.58188,1.53349,1.53855,811030
2015.08.30,00:00,1.54099,1.54367,1.51628,1.51672,560375
2015.09.06,00:00,1.51758,1.54757,1.51710,1.54274,488543
2015.09.13,00:00,1.54298,1.56585,1.53295,1.55232,466209
2015.09.20,00:00,1.55233,1.55673,1.51353,1.51746,531796
2015.09.27,00:00,1.51905,1.52411,1.51071,1.51740,499750
2015.10.04,00:00,1.51964,1.53833,1.51359,1.53275,517084
2015.10.11,00:00,1.53141,1.55088,1.52001,1.54333,531305
2015.10.18,00:00,1.54350,1.55083,1.53057,1.53064,481530
2015.10.25,00:00,1.53057,1.54677,1.52423,1.54238,545212
2015.11.01,00:00,1.54464,1.54969,1.50269,1.50447,533825
2015.11.08,00:00,1.50463,1.52630,1.50408,1.52277,495561
2015.11.15,00:00,1.52249,1.53354,1.51541,1.51905,537971
2015.11.22,00:00,1.51846,1.51949,1.50279,1.50285,546023
2015.11.29,00:00,1.50319,1.51587,1.48941,1.51047,621870
2015.12.06,00:00,1.51058,1.52397,1.49563,1.52185,549760
2015.12.13,00:00,1.52297,1.52302,1.48647,1.48859,572472
2015.12.20,00:00,1.48983,1.49447,1.48051,1.49007,289816
2015.12.27,00:00,1.49104,1.49333,1.47259,1.47340,246227
2016.01.03,00:00,1.47296,1.48154,1.45058,1.45164,530276
2016.01.10,00:00,1.45217,1.46040,1.42512,1.42560,547195
2016.01.17,00:00,1.42523,1.43621,1.40783,1.42622,599324
2016.01.24,00:00,1.42630,1.44127,1.41490,1.42424,622292
2016.01.31,00:00,1.42467,1.46686,1.42276,1.44978,630483
2016.02.07,00:00,1.44929,1.45778,1.43498,1.44979,743147
2016.02.14,00:00,1.45038,1.45351,1.42345,1.43907,609024
2016.02.21,00:00,1.42745,1.43056,1.38533,1.38725,617345
2016.02.28,00:00,1.38527,1.42480,1.38352,1.42227,592570
2016.03.06,00:00,1.42148,1.44359,1.41174,1.43756,509098
2016.03.13,00:00,1.43714,1.45141,1.40524,1.44760,527655
2016.03.20,00:00,1.44555,1.44673,1.40564,1.41296,395898
2016.03.27,00:00,1.41262,1.44587,1.41193,1.42207,580251
2016.04.03,00:00,1.42186,1.43213,1.40048,1.41201,663959
2016.04.10,00:00,1.41132,1.43478,1.40898,1.41990,588975
2016.04.17,00:00,1.41947,1.44512,1.41303,1.43997,653144
2016.04.24,00:00,1.44608,1.46698,1.44022,1.46068,1068521
2016.05.01,00:00,1.45808,1.47696,1.44142,1.44234,653776
2016.05.08,00:00,1.44144,1.45296,1.43398,1.43503,429300
2016.05.15,00:00,1.43477,1.46628,1.43321,1.44953,496244
2016.05.22,00:00,1.45025,1.47388,1.44417,1.46126,473444
2016.05.29,00:00,1.46015,1.47241,1.43853,1.45114,433117
2016.06.05,00:00,1.44665,1.46570,1.41794,1.42498,458034
2016.06.12,00:00,1.42677,1.43870,1.40116,1.43497,565142
2016.06.19,00:00,1.44583,1.50164,1.32268,1.36597,601119
2016.06.26,00:00,1.34260,1.35326,1.31195,1.32694,531451
2016.07.03,00:00,1.32462,1.33398,1.27950,1.29497,399738
2016.07.10,00:00,1.29497,1.34797,1.28498,1.31727,438540
2016.07.17,00:00,1.31930,1.33145,1.30643,1.31085,391223
2016.07.24,00:00,1.31447,1.33005,1.30566,1.32225,365509
2016.07.31,00:00,1.32217,1.33712,1.30206,1.30619,370474
2016.08.07,00:00,1.30778,1.30958,1.29026,1.29162,361334
2016.08.14,00:00,1.29210,1.31836,1.28655,1.30776,390777
2016.08.21,00:00,1.30507,1.32796,1.30336,1.31287,369590
2016.08.28,00:00,1.31132,1.33524,1.30588,1.32897,528795
2016.09.04,00:00,1.32955,1.34442,1.32387,1.32632,511513
2016.09.11,00:00,1.32646,1.33468,1.29942,1.29956,584968
2016.09.18,00:00,1.29987,1.31205,1.29141,1.29700,756765
2016.09.25,00:00,1.29637,1.30576,1.29156,1.29747,710288
2016.10.02,00:00,1.29127,1.29460,1.20305,1.24323,696339
2016.10.09,00:00,1.23895,1.24438,1.20875,1.21795,809359
2016.10.16,00:00,1.21538,1.23323,1.21345,1.22268,563128
2016.10.23,00:00,1.22144,1.22707,1.20817,1.21850,550311
2016.10.30,00:00,1.21864,1.25566,1.21424,1.25157,634142
2016.11.06,00:00,1.24495,1.26734,1.23516,1.25945,728621
2016.11.13,00:00,1.25624,1.25925,1.23017,1.23430,719805
2016.11.20,00:00,1.23445,1.25117,1.23117,1.24705,595819
2016.11.27,00:00,1.24761,1.27363,1.23852,1.27325,646773
2016.12.04,00:00,1.26761,1.27740,1.25479,1.25713,634127
2016.12.11,00:00,1.25721,1.27275,1.23755,1.24821,717401
2016.12.18,00:00,1.24713,1.25014,1.22279,1.22777,546059
2016.12.25,00:00,1.22650,1.23873,1.22005,1.23297,428886
2017.01.01,00:00,1.23362,1.24317,1.21981,1.22827,617642
2017.01.08,00:00,1.22474,1.23163,1.20373,1.21876,775586
2017.01.15,00:00,1.19972,1.24154,1.19861,1.23737,821764
2017.01.22,00:00,1.23743,1.26731,1.23686,1.25460,674521
2017.01.29,00:00,1.25704,1.27058,1.24116,1.24806,836692
2017.02.05,00:00,1.24847,1.25819,1.23461,1.24839,739800
2017.02.12,00:00,1.24810,1.25479,1.23828,1.24050,674955
2017.02.19,00:00,1.24039,1.25693,1.24015,1.24557,632217
2017.02.26,00:00,1.24734,1.24783,1.22140,1.22933,963285
2017.03.05,00:00,1.22840,1.22999,1.21335,1.21633,855227
2017.03.12,00:00,1.21648,1.24044,1.21088,1.23907,927798
2017.03.19,00:00,1.23879,1.25308,1.23348,1.24761,761052
2017.03.26,00:00,1.24903,1.26149,1.23762,1.25503,778957
2017.04.02,00:00,1.25429,1.25552,1.23651,1.23706,694624
2017.04.09,00:00,1.23786,1.25739,1.23648,1.25218,1010618
2017.04.16,00:00,1.25294,1.29054,1.25145,1.28056,783203
2017.04.23,00:00,1.28179,1.29646,1.27716,1.29469,834254
2017.04.30,00:00,1.29307,1.29835,1.28304,1.29761,690526
2017.05.07,00:00,1.29795,1.29877,1.28441,1.28833,755595
2017.05.14,00:00,1.28810,1.30471,1.28649,1.30321,733836
2017.05.21,00:00,1.29976,1.30421,1.27748,1.28045,665862
2017.05.28,00:00,1.27947,1.29206,1.27684,1.28881,684073
2017.06.04,00:00,1.28551,1.29770,1.26349,1.27384,775250
2017.06.11,00:00,1.27106,1.28174,1.26383,1.27735,770494
2017.06.18,00:00,1.27730,1.28137,1.25885,1.27156,656727
2017.06.25,00:00,1.27346,1.30292,1.27056,1.30113,775701
2017.07.02,00:00,1.30007,1.30226,1.28664,1.28792,767571
2017.07.09,00:00,1.28753,1.31130,1.28112,1.30959,662352
2017.07.16,00:00,1.30985,1.31254,1.29325,1.29924,774207
2017.07.23,00:00,1.29899,1.31579,1.29842,1.31318,792546
2017.07.30,00:00,1.31241,1.32676,1.30233,1.30359,772530
2017.08.06,00:00,1.30354,1.30584,1.29386,1.30077,794625
2017.08.13,00:00,1.30027,1.30213,1.28308,1.28684,772610
2017.08.20,00:00,1.28528,1.29157,1.27735,1.28772,683021
2017.08.27,00:00,1.29237,1.29947,1.28514,1.29516,803857
2017.09.03,00:00,1.29604,1.32237,1.29085,1.31941,891202
2017.09.10,00:00,1.31797,1.36157,1.31486,1.35866,886026
2017.09.17,00:00,1.35534,1.36579,1.34489,1.34964,969610
2017.09.24,00:00,1.34875,1.35700,1.33426,1.33955,954933
2017.10.01,00:00,1.33668,1.34021,1.30268,1.30636,850085
2017.10.08,00:00,1.30913,1.33370,1.30744,1.32837,793259
2017.10.15,00:00,1.32870,1.33114,1.30872,1.31856,832093
2017.10.22,00:00,1.31839,1.32785,1.30687,1.31249,888635
2017.10.29,00:00,1.31179,1.33204,1.30388,1.30726,776840
2017.11.05,00:00,1.30673,1.32288,1.30577,1.31871,775708
2017.11.12,00:00,1.31597,1.32596,1.30614,1.32154,818504
2017.11.19,00:00,1.32162,1.33592,1.31851,1.33284,705910
2017.11.26,00:00,1.33259,1.35488,1.32199,1.34745,864083
2017.12.03,00:00,1.34382,1.35383,1.33194,1.33873,713460
2017.12.10,00:00,1.33714,1.34650,1.33006,1.33168,687083
2017.12.17,00:00,1.33114,1.34196,1.33101,1.33638,650672
2017.12.24,00:00,1.33727,1.35436,1.33466,1.35072,429262
2017.12.31,00:00,1.35207,1.36122,1.34934,1.35619,462297
2018.01.07,00:00,1.35552,1.37436,1.34573,1.37253,644839
2018.01.14,00:00,1.37259,1.39445,1.37216,1.38450,741825
2018.01.21,00:00,1.38880,1.43447,1.38565,1.41653,936229
2018.01.28,00:00,1.41329,1.42778,1.39796,1.41150,1031594
2018.02.04,00:00,1.40987,1.41504,1.37637,1.38260,1530343
2018.02.11,00:00,1.38077,1.41443,1.37951,1.40275,914560
2018.02.18,00:00,1.40098,1.40487,1.38562,1.39631,821110
2018.02.25,00:00,1.39863,1.40693,1.37109,1.37920,911853
2018.03.04,00:00,1.37878,1.39288,1.37658,1.38450,926297
2018.03.11,00:00,1.38508,1.39952,1.38404,1.39374,828987
2018.03.18,00:00,1.39413,1.42175,1.39127,1.41281,944798
2018.03.25,00:00,1.41476,1.42437,1.40100,1.40169,879296
2018.04.01,00:00,1.40197,1.41046,1.39646,1.40852,787241
2018.04.08,00:00,1.40853,1.42957,1.40775,1.42354,804370
2018.04.15,00:00,1.42331,1.43758,1.39993,1.39993,756963
2018.04.22,00:00,1.39922,1.40303,1.37466,1.37775,712649
2018.04.29,00:00,1.37737,1.37916,1.34856,1.35253,744464
2018.05.06,00:00,1.35317,1.36169,1.34593,1.35379,779802
2018.05.13,00:00,1.35412,1.36072,1.34506,1.34655,757107
2018.05.20,00:00,1.34608,1.34906,1.32923,1.32933,827061
2018.05.27,00:00,1.33107,1.33612,1.32036,1.33467,888090
2018.06.03,00:00,1.33409,1.34715,1.32942,1.34078,728866
2018.06.10,00:00,1.34068,1.34458,1.32104,1.32778,713135
2018.06.17,00:00,1.32732,1.33138,1.31010,1.32625,699908
2018.06.24,00:00,1.32483,1.32911,1.30485,1.32060,722395
2018.07.01,00:00,1.31914,1.32892,1.30940,1.32843,646892
2018.07.08,00:00,1.33142,1.33618,1.31018,1.32338,671860
2018.07.15,00:00,1.32264,1.32917,1.29564,1.31266,634268
2018.07.22,00:00,1.31193,1.32123,1.30706,1.30967,560069
2018.07.29,00:00,1.31108,1.31718,1.29746,1.30011,526263
2018.08.05,00:00,1.30054,1.30097,1.27225,1.27650,526345
2018.08.12,00:00,1.27437,1.28264,1.26613,1.27487,620158
2018.08.19,00:00,1.27413,1.29356,1.27290,1.28471,524830
2018.08.26,00:00,1.28332,1.30427,1.28284,1.29552,581211
2018.09.02,00:00,1.29088,1.30276,1.27848,1.29137,590168
2018.09.09,00:00,1.29199,1.31430,1.28964,1.30676,548218
2018.09.16,00:00,1.30634,1.32977,1.30542,1.30789,634817
2018.09.23,00:00,1.30790,1.32166,1.29993,1.30277,614952
2018.09.30,00:00,1.30353,1.31225,1.29213,1.31137,651333
2018.10.07,00:00,1.31146,1.32570,1.30276,1.31505,719609
2018.10.14,00:00,1.30860,1.32350,1.30105,1.30672,659175
2018.10.21,00:00,1.30643,1.30890,1.27762,1.28261,829644
2018.10.28,00:00,1.28269,1.30400,1.26949,1.29601,729012
2018.11.04,00:00,1.30119,1.31739,1.29571,1.29681,726984
2018.11.11,00:00,1.29222,1.30710,1.27226,1.28264,843710
2018.11.18,00:00,1.28367,1.29267,1.27634,1.28094,622184
2018.11.25,00:00,1.28206,1.28630,1.27244,1.27477,778503
2018.12.02,00:00,1.27422,1.28387,1.26575,1.27306,821928
2018.12.09,00:00,1.27059,1.27584,1.24754,1.25847,878877
2018.12.16,00:00,1.25696,1.27059,1.25686,1.26261,985147
2018.12.23,00:00,1.26435,1.27382,1.26153,1.26955,703368
2018.12.30,00:00,1.26918,1.28138,1.24242,1.27257,701011
2019.01.06,00:00,1.27208,1.28654,1.27062,1.28363,736362
2019.01.13,00:00,1.28517,1.30004,1.26677,1.28723,805428
2019.01.20,00:00,1.28723,1.32169,1.28299,1.31983,686747
2019.01.27,00:00,1.31849,1.32104,1.30427,1.30755,746235
2019.02.03,00:00,1.30662,1.31025,1.28533,1.29400,602811
2019.02.10,00:00,1.29292,1.29583,1.27724,1.28875,638474
2019.02.17,00:00,1.29042,1.31085,1.28910,1.30514,681373
2019.02.24,00:00,1.30547,1.33496,1.30482,1.32056,744762
2019.03.03,00:00,1.32414,1.32540,1.29896,1.30128,716412
2019.03.10,00:00,1.29909,1.33810,1.29597,1.32889,773056
2019.03.17,00:00,1.32953,1.33104,1.30032,1.32045,759530
2019.03.24,00:00,1.32089,1.32682,1.29761,1.30302,791002
2019.03.31,00:00,1.30348,1.31952,1.29862,1.30326,726104
2019.04.07,00:00,1.30186,1.31317,1.30168,1.30644,585450
2019.04.14,00:00,1.30693,1.31181,1.29749,1.29797,622390
2019.04.21,00:00,1.29920,1.30185,1.28652,1.29099,487563
2019.04.28,00:00,1.29120,1.31762,1.29044,1.31695,519927
2019.05.05,00:00,1.31420,1.31699,1.29667,1.30006,597522
2019.05.12,00:00,1.29898,1.30403,1.27116,1.27146,495316
2019.05.19,00:00,1.27257,1.28134,1.26046,1.27120,482934
2019.05.26,00:00,1.27193,1.27473,1.25585,1.26310,514992
2019.06.02,00:00,1.26195,1.27624,1.26098,1.27332,605949
2019.06.09,00:00,1.27123,1.27578,1.25795,1.25892,602100
2019.06.16,00:00,1.25795,1.27463,1.25055,1.27417,644852
2019.06.23,00:00,1.27310,1.27833,1.26596,1.26945,620691
2019.06.30,00:00,1.26914,1.27051,1.24806,1.25231,496835
2019.07.07,00:00,1.25212,1.25785,1.24388,1.25737,515560
2019.07.14,00:00,1.25518,1.25776,1.23814,1.24973,470845
2019.07.21,00:00,1.24795,1.25218,1.23756,1.23806,429522
2019.07.28,00:00,1.23745,1.23830,1.20789,1.21572,545008
2019.08.04,00:00,1.21538,1.22089,1.20216,1.20216,623558
2019.08.11,00:00,1.20425,1.21748,1.20145,1.21420,680079
2019.08.18,00:00,1.21458,1.22937,1.20637,1.22850,630874
2019.08.25,00:00,1.22630,1.23089,1.21388,1.21610,825795
2019.09.01,00:00,1.21930,1.22090,1.21900,1.21940,913
2019.09.08,00:00,1.22759,1.25054,1.22326,1.24967,706498
2019.09.15,00:00,1.24866,1.25812,1.23914,1.24694,731854
2019.09.22,00:00,1.24644,1.25023,1.22701,1.22862,680310
2019.09.29,00:00,1.22996,1.24126,1.22042,1.23306,673481
2019.10.06,00:00,1.23088,1.27065,1.21946,1.26438,679052
2019.10.13,00:00,1.26265,1.29911,1.25155,1.29689,776942
2019.10.20,00:00,1.29425,1.30116,1.27877,1.28226,708984
2019.10.27,00:00,1.28240,1.29751,1.28060,1.29345,564200
2019.11.03,00:00,1.29256,1.29422,1.27681,1.27731,444769
2019.11.10,00:00,1.27910,1.29185,1.27850,1.29006,358224
2019.11.17,00:00,1.29121,1.29847,1.28230,1.28299,376212
2019.11.24,00:00,1.28495,1.29505,1.28265,1.29370,356809
2019.12.01,00:00,1.29117,1.31660,1.28955,1.31314,365771
2019.12.08,00:00,1.31324,1.35097,1.30491,1.33298,458634
2019.12.15,00:00,1.33361,1.34219,1.29776,1.29974,467568
2019.12.22,00:00,1.29973,1.31167,1.29046,1.30798,311347
2019.12.29,00:00,1.30871,1.32839,1.30529,1.30785,351303
2020.01.05,00:00,1.30798,1.32117,1.30127,1.30585,446085
2020.01.12,00:00,1.30335,1.31181,1.29537,1.30057,406216
2020.01.19,00:00,1.29961,1.31723,1.29614,1.30689,466735
2020.01.26,00:00,1.30734,1.32093,1.29746,1.32026,518300
2020.02.02,00:00,1.31786,1.31837,1.28812,1.28842,522226
2020.02.09,00:00,1.28865,1.30688,1.28714,1.30452,507792
2020.02.16,00:00,1.30345,1.30532,1.28485,1.29546,510547
2020.02.23,00:00,1.29414,1.30174,1.27251,1.28129,728444
2020.03.01,00:00,1.28089,1.30516,1.27375,1.30451,781277
2020.03.08,00:00,1.30833,1.31993,1.22535,1.22924,1032285
2020.03.15,00:00,1.24062,1.24209,1.14091,1.16473,1354875
2020.03.22,00:00,1.16759,1.24850,1.14456,1.24502,1095597
2020.03.29,00:00,1.24184,1.24748,1.22052,1.22653,679614
2020.04.05,00:00,1.22223,1.24864,1.21648,1.24432,441206
2020.04.12,00:00,1.24495,1.26470,1.24063,1.24958,408940
2020.04.19,00:00,1.24920,1.24986,1.22467,1.23637,455269
2020.04.26,00:00,1.23605,1.26427,1.23595,1.24891,498372
2020.05.03,00:00,1.24794,1.24865,1.22657,1.24084,462714
2020.05.10,00:00,1.24028,1.24370,1.20999,1.20999,532328
2020.05.17,00:00,1.20791,1.22958,1.20754,1.21641,385294
2020.05.24,00:00,1.21726,1.23936,1.21602,1.23489,440731
2020.05.31,00:00,1.23195,1.27312,1.23189,1.26670,508309
2020.06.07,00:00,1.26754,1.28130,1.24732,1.25377,582753
2020.06.14,00:00,1.25094,1.26872,1.23437,1.23468,591364
2020.06.21,00:00,1.23423,1.25421,1.23140,1.23335,470585
2020.06.28,00:00,1.23289,1.25296,1.22509,1.24767,369358
2020.07.05,00:00,1.24593,1.26693,1.24593,1.26189,391374
2020.07.12,00:00,1.26247,1.26658,1.24793,1.25660,368540
2020.07.19,00:00,1.25477,1.28029,1.25177,1.27927,377594
2020.07.26,00:00,1.27845,1.31700,1.27806,1.30794,369980
2020.08.02,00:00,1.30747,1.31854,1.29810,1.30489,362047
2020.08.09,00:00,1.30527,1.31427,1.30049,1.30795,296316
2020.08.16,00:00,1.30885,1.32666,1.30588,1.30831,347686
2020.08.23,00:00,1.30795,1.33563,1.30534,1.33454,345852
2020.08.30,00:00,1.33361,1.34820,1.31755,1.32750,389551
2020.09.06,00:00,1.32475,1.32707,1.27621,1.27940,377432
2020.09.13,00:00,1.27747,1.30071,1.27673,1.29115,360807
2020.09.20,00:00,1.29223,1.29662,1.26748,1.27416,393210
2020.09.27,00:00,1.27518,1.29784,1.27467,1.29291,435237
2020.10.04,00:00,1.29334,1.30491,1.28444,1.30454,340328
2020.10.11,00:00,1.30215,1.30824,1.28576,1.29127,336962
2020.10.18,00:00,1.28927,1.31764,1.28914,1.30486,368849
2020.10.25,00:00,1.30486,1.30794,1.28803,1.29474,468038
2020.11.01,00:00,1.29195,1.31768,1.28538,1.31481,474177
2020.11.08,00:00,1.31571,1.33136,1.31059,1.31956,438854
2020.11.15,00:00,1.31710,1.33117,1.31650,1.32812,370451
2020.11.22,00:00,1.32883,1.33976,1.32633,1.33083,383848
2020.11.29,00:00,1.33290,1.35388,1.32869,1.34340,419906
2020.12.06,00:00,1.34093,1.34774,1.31335,1.32137,455354
2020.12.13,00:00,1.33645,1.36242,1.32795,1.35275,480813
2020.12.20,00:00,1.34038,1.36191,1.31873,1.35709,404738
2020.12.27,00:00,1.35447,1.36861,1.34288,1.36625,398001
2021.01.03,00:00,1.36279,1.37031,1.35319,1.35625,603281
2021.01.10,00:00,1.35601,1.37099,1.34494,1.35825,538095
2021.01.17,00:00,1.35947,1.37458,1.35195,1.36799,387638
2021.01.24,00:00,1.36786,1.37584,1.36092,1.36976,463298
2021.01.31,00:00,1.36985,1.37573,1.35655,1.37298,393329
2021.02.07,00:00,1.37099,1.38655,1.36796,1.38465,295613
2021.02.14,00:00,1.38484,1.40359,1.38288,1.40047,325751
2021.02.21,00:00,1.40118,1.42351,1.38873,1.39127,384848
2021.02.28,00:00,1.39298,1.40166,1.37778,1.38325,408833
2021.03.07,00:00,1.38127,1.40044,1.37997,1.39193,391518
2021.03.14,00:00,1.39193,1.40011,1.38087,1.38368,390739
2021.03.21,00:00,1.38368,1.38765,1.36699,1.37903,276057
2021.03.28,00:00,1.37831,1.38519,1.37056,1.38253,255544
2021.04.04,00:00,1.38187,1.39181,1.36700,1.37036,252065
2021.04.11,00:00,1.37057,1.38436,1.36689,1.38436,256503
2021.04.18,00:00,1.38279,1.40089,1.38093,1.38762,238649
2021.04.25,00:00,1.38732,1.39762,1.38023,1.38099,241606
2021.05.02,00:00,1.38066,1.40053,1.38001,1.39839,275673
2021.05.09,00:00,1.40023,1.41662,1.39925,1.40934,289266
2021.05.16,00:00,1.40981,1.42336,1.40767,1.41451,361579
2021.05.23,00:00,1.41531,1.42187,1.40910,1.41872,357789
2021.05.30,00:00,1.41796,1.42485,1.40828,1.41656,370320
2021.06.06,00:00,1.41486,1.41903,1.40726,1.41120,367310
2021.06.13,00:00,1.41006,1.41323,1.37909,1.37954,393284
2021.06.20,00:00,1.38096,1.40007,1.37858,1.38777,378583
2021.06.27,00:00,1.38886,1.39391,1.37308,1.38288,358994
2021.07.04,00:00,1.38251,1.39084,1.37414,1.38956,441765
2021.07.11,00:00,1.38944,1.39099,1.37600,1.37613,408690
2021.07.18,00:00,1.37716,1.37868,1.35712,1.37381,441522
2021.07.25,00:00,1.37556,1.39828,1.37366,1.38969,321432
2021.08.01,00:00,1.38984,1.39571,1.38608,1.38663,232147
2021.08.08,00:00,1.38721,1.38940,1.37900,1.38597,194051
2021.08.15,00:00,1.38556,1.38777,1.36017,1.36202,219094
2021.08.22,00:00,1.36171,1.37806,1.36092,1.37563,198698
2021.08.29,00:00,1.37546,1.38916,1.37308,1.38571,247756
2021.09.05,00:00,1.38636,1.38879,1.37260,1.38266,263892
2021.09.12,00:00,1.38386,1.39126,1.37251,1.37260,291198
2021.09.19,00:00,1.37436,1.37504,1.36089,1.36713,355984
2021.09.26,00:00,1.36628,1.37285,1.34114,1.35426,401603
2021.10.03,00:00,1.35571,1.36579,1.35314,1.36123,405083
2021.10.10,00:00,1.36196,1.37724,1.35681,1.37396,310647
2021.10.17,00:00,1.37547,1.38342,1.37088,1.37551,337116
2021.10.24,00:00,1.37446,1.38294,1.36678,1.36836,568582
2021.10.31,00:00,1.36803,1.36977,1.34238,1.34917,479505
2021.11.07,00:00,1.34751,1.36073,1.33531,1.34069,492122
2021.11.14,00:00,1.34106,1.35129,1.33959,1.34383,575418
2021.11.21,00:00,1.34567,1.34575,1.32776,1.33295,627734
2021.11.28,00:00,1.33325,1.33704,1.31937,1.32278,789577
2021.12.05,00:00,1.32421,1.32891,1.31602,1.32658,631732
2021.12.12,00:00,1.32424,1.33739,1.31710,1.32318,596577
2021.12.19,00:00,1.32367,1.34375,1.31728,1.33914,439540
2021.12.26,00:00,1.33953,1.35497,1.33866,1.35248,322592
2022.01.02,00:00,1.35261,1.35980,1.34304,1.35850,509205
2022.01.09,00:00,1.35686,1.37486,1.35316,1.36701,598063
2022.01.16,00:00,1.36696,1.36893,1.35449,1.35516,677737
2022.01.23,00:00,1.35474,1.35647,1.33573,1.33935,878979
2022.01.30,00:00,1.33929,1.36272,1.33844,1.35295,740786
2022.02.06,00:00,1.35481,1.36431,1.34900,1.35579,667383
2022.02.13,00:00,1.35486,1.36422,1.34861,1.35821,763758
2022.02.20,00:00,1.35859,1.36383,1.32723,1.34104,911899
2022.02.27,00:00,1.33124,1.34369,1.32018,1.32322,924173
2022.03.06,00:00,1.32309,1.32320,1.30257,1.30290,1084359
2022.03.13,00:00,1.30289,1.32106,1.30000,1.31701,888443
2022.03.20,00:00,1.31702,1.32982,1.31198,1.31813,832674
2022.03.27,00:00,1.31837,1.31837,1.30506,1.31106,948689
2022.04.03,00:00,1.30896,1.31667,1.29820,1.30330,694709
2022.04.10,00:00,1.30271,1.31471,1.29728,1.30562,698126
2022.04.17,00:00,1.30450,1.30900,1.28226,1.28319,616011
2022.04.24,00:00,1.28302,1.28402,1.24108,1.25724,758783
2022.05.01,00:00,1.25810,1.26377,1.22759,1.23321,844109
2022.05.08,00:00,1.23495,1.24058,1.21551,1.22568,991963
2022.05.15,00:00,1.22353,1.25242,1.22169,1.24915,938917
2022.05.22,00:00,1.24691,1.26663,1.24691,1.26284,746516
2022.05.29,00:00,1.26129,1.26594,1.24587,1.24861,650364
2022.06.05,00:00,1.24920,1.25991,1.23007,1.23103,762395
2022.06.12,00:00,1.23179,1.24064,1.19328,1.22193,1120543
2022.06.19,00:00,1.22218,1.23239,1.21607,1.22721,868019
2022.06.26,00:00,1.22719,1.23320,1.19750,1.20946,984331
2022.07.03,00:00,1.21032,1.21647,1.18754,1.20323,1012163
2022.07.10,00:00,1.20115,1.20368,1.17595,1.18639,1119367
2022.07.17,00:00,1.18687,1.20637,1.18594,1.20033,1098121
2022.07.24,00:00,1.19990,1.22453,1.19600,1.21779,1041072
2022.07.31,00:00,1.21640,1.22928,1.20030,1.20709,1018749
2022.08.07,00:00,1.20665,1.22763,1.20471,1.21320,805029
2022.08.14,00:00,1.21305,1.21479,1.17913,1.18264,794602
2022.08.21,00:00,1.18220,1.18999,1.17171,1.17364,838966
2022.08.28,00:00,1.17347,1.17600,1.14955,1.15078,801412
2022.09.04,00:00,1.14754,1.16476,1.14048,1.15857,636649
2022.09.11,00:00,1.16404,1.17380,1.13503,1.14191,560814
2022.09.18,00:00,1.14155,1.14603,1.08388,1.08516,549283
2022.09.25,00:00,1.07954,1.12338,1.03514,1.11587,1144079
2022.10.02,00:00,1.11705,1.14954,1.10551,1.10901,849130
2022.10.09,00:00,1.10872,1.13793,1.09227,1.11744,969401
2022.10.16,00:00,1.12409,1.14394,1.10602,1.12957,4757006
2022.10.23,00:00,1.13899,1.16455,1.12578,1.15933,5097197
2022.10.30,00:00,1.15923,1.16134,1.11446,1.13737,4285682
2022.11.06,00:00,1.13071,1.18547,1.12902,1.18327,4561827
2022.11.13,00:00,1.18095,1.20288,1.17098,1.18835,4663149
2022.11.20,00:00,1.19000,1.21534,1.17781,1.20904,3276945
2022.11.27,00:00,1.20660,1.23103,1.19000,1.22903,3663328
2022.12.04,00:00,1.22750,1.23444,1.21062,1.22620,3220886
2022.12.11,00:00,1.22561,1.24468,1.21199,1.21437,3657376
2022.12.18,00:00,1.21510,1.22417,1.19921,1.20487,3046654
2022.12.25,00:00,1.20710,1.21257,1.20020,1.20933,1696735
2023.01.01,00:00,1.20983,1.20990,1.18410,1.20889,684961
2023.01.08,00:00,1.20845,1.22482,1.20795,1.22294,661157
2023.01.15,00:00,1.22114,1.24353,1.21687,1.23970,668564
2023.01.22,00:00,1.24003,1.24474,1.22625,1.23954,478492
2023.01.29,00:00,1.23942,1.24172,1.20469,1.20502,555550
2023.02.05,00:00,1.20337,1.21933,1.19607,1.20565,952364
2023.02.12,00:00,1.20667,1.22693,1.19144,1.20373,1111876
2023.02.19,00:00,1.20246,1.21474,1.19856,1.20082,653198
