date,open,high,low,close,trend,Volatility,Volatility_median,Volatility_status,Volatility_Trend,typical_spread_in_points,weighted_avg_execution_spread_$,PnL_per_lot
2021-01-04,1904.14,1944.43,1901.59,1942.34,1,0.022528515610620664,0.005308061163394618,High_Volatility,High Volatility + Trend,,24.127878962061445,-98.529271
2021-01-05,1940.98,1953.04,1934.11,1949.44,1,0.009787447456452871,0.0053197414325601685,High_Volatility,High Volatility + Trend,,25.02504226401152,9.619002
2021-01-06,1948.94,1959.33,1900.65,1917.74,1,0.03087364848867484,0.005334229947199831,High_Volatility,High Volatility + Trend,,28.910318030428076,-32.704952
2021-01-07,1918.24,1927.57,1906.74,1913.52,1,0.010924405005401852,0.005347563191666066,High_Volatility,High Volatility + Trend,,24.796651423767667,21.670064
2021-01-08,1913.64,1917.36,1828.21,1848.14,1,0.048763544669375984,0.005353882471963265,High_Volatility,High Volatility + Trend,,29.945737687899847,-151.163559
2021-01-11,1847.34,1856.5,1816.96,1842.54,1,0.021761623811201107,0.005353882471963265,High_Volatility,High Volatility + Trend,,28.813557699094957,-35.634006
2021-01-12,1843.82,1863.81,1836.44,1854.14,1,0.014903835682080487,0.005388616955699406,High_Volatility,High Volatility + Trend,,24.19866653092184,-13.644604
2021-01-13,1854.04,1863.08,1841.86,1844.76,1,0.011520962505293577,0.005419811209252856,High_Volatility,High Volatility + Trend,,25.17392801826572,15.562054
2021-01-14,1844.14,1857.51,1827.34,1845.84,1,0.0165103374303633,0.005431428558239675,High_Volatility,High Volatility + Trend,,31.60212079816221,-0.302322
2021-01-15,1845.84,1856.93,1823.24,1827.84,0,0.018478093942651572,0.00547668191685555,High_Volatility,High Volatility + No Trend,,24.926663988682016,5.949964
2021-01-18,1828.91,1840.81,1810.25,1837.36,0,0.01688164618146662,0.005523366850971905,High_Volatility,High Volatility + No Trend,,26.89115191826056,-2.185437
2021-01-19,1837.28,1845.71,1832.95,1839.86,0,0.006961455577075201,0.005523366850971905,High_Volatility,High Volatility + No Trend,,20.142340845623984,13.399713
2021-01-20,1839.26,1871.92,1832.22,1871.66,0,0.02166770366004085,0.005551133638511893,High_Volatility,High Volatility + No Trend,,19.683872748441345,-39.938668
2021-01-21,1870.66,1875.09,1858.25,1869.46,0,0.009062289788779722,0.005551133638511893,High_Volatility,High Volatility + No Trend,,19.106441232815424,3.334383
2021-01-22,1869.56,1870.58,1837.27,1854.86,0,0.018130160509886924,0.005571785705611339,High_Volatility,High Volatility + No Trend,,20.042775922945047,-16.227017
2021-01-25,1853.64,1867.84,1846.99,1855.44,0,0.01128863718807352,0.0056001458385618996,High_Volatility,High Volatility + No Trend,,23.085392944347223,7.375038
2021-01-26,1855.65,1861.71,1848.24,1849.84,0,0.007288014543565785,0.005635208942938206,High_Volatility,High Volatility + No Trend,,23.23138424389395,24.926175
2021-01-27,1850.31,1853.12,1831.31,1843.6,0,0.011909507401805236,0.005648778814465356,High_Volatility,High Volatility + No Trend,,24.70118691876984,-1.287529
2021-01-28,1842.54,1864.08,1833.89,1842.24,0,0.016462274182202762,0.005656850495079677,High_Volatility,High Volatility + No Trend,,25.622405694825872,-3.39478
2021-01-29,1840.19,1875.64,1839.53,1846.64,0,0.019630014188406892,0.005683872890081662,High_Volatility,High Volatility + No Trend,,24.534192782518502,3.960094
2021-02-01,1862.28,1871.87,1848.89,1860.1,0,0.012429079069062945,0.0057072805580882765,High_Volatility,High Volatility + No Trend,,28.10138280924566,51.553116
2021-02-02,1860.26,1863.93,1829.49,1837.84,0,0.01882491841988754,0.005727229974574973,High_Volatility,High Volatility + No Trend,,38.11665892365653,-15.725257
2021-02-03,1837.6,1844.8,1830.48,1833.92,0,0.0078230846553909,0.0057973755809243525,High_Volatility,High Volatility + No Trend,,38.70397220574695,20.127491
2021-02-04,1833.58,1834.7,1784.89,1793.87,1,0.027906481631921262,0.005854840553161425,High_Volatility,High Volatility + Trend,,37.8376603640386,-184.145451
2021-02-05,1795.2,1815.08,1791.86,1813.93,1,0.012958601676470276,0.005854840553161425,High_Volatility,High Volatility + Trend,,40.49844709748046,-40.251491
2021-02-08,1815.05,1839.07,1807.66,1830.38,1,0.017376055231625335,0.005854840553161425,High_Volatility,High Volatility + Trend,,38.673661227858325,-77.354395
2021-02-09,1829.45,1848.44,1828.73,1838.31,1,0.010777971597775526,0.005854840553161425,High_Volatility,High Volatility + Trend,,38.583502462397696,-46.205287
2021-02-10,1838.37,1855.2,1833.95,1843.1,1,0.011587011641538756,0.005854840553161425,High_Volatility,High Volatility + Trend,,40.325759753827995,-8.058247
2021-02-11,1843.12,1847.41,1821.05,1825.3,1,0.014475165426539705,0.005854840553161425,High_Volatility,High Volatility + Trend,,37.99879821797533,-1.498432
2021-02-12,1825.96,1830.56,1810.48,1824.43,1,0.011090981397198493,0.00586229721876987,High_Volatility,High Volatility + Trend,,38.74046743696764,-12.40617
2021-02-15,1824.61,1826.88,1815.95,1818.6,1,0.006018888185247426,0.00586229721876987,High_Volatility,High Volatility + Trend,,37.147614778964034,18.696935
2021-02-16,1818.71,1826.34,1789.37,1794.23,1,0.020660902999379685,0.00586229721876987,High_Volatility,High Volatility + Trend,,38.69020022654668,-38.706577
2021-02-17,1794.23,1795.03,1769.52,1776.14,1,0.014416338894163385,0.00586229721876987,High_Volatility,High Volatility + Trend,,39.939888053290154,-38.91103
2021-02-18,1776.02,1789.46,1768.26,1775.57,1,0.011989187110492827,0.00586229721876987,High_Volatility,High Volatility + Trend,,38.45774876088988,8.423795
2021-02-19,1777.04,1791.42,1760.51,1783.88,1,0.017557412340742217,0.00586229721876987,High_Volatility,High Volatility + Trend,,39.7052547098746,-26.444736
2021-02-22,1782.0,1812.57,1780.56,1809.55,1,0.017977490227793498,0.00586229721876987,High_Volatility,High Volatility + Trend,,38.32414578680219,-92.330892
2021-02-23,1810.14,1815.85,1795.53,1805.43,1,0.011316992754228521,0.00586229721876987,High_Volatility,High Volatility + Trend,,38.75634194921271,3.558181
2021-02-24,1805.95,1813.87,1783.34,1804.63,1,0.017119562169861033,0.00586229721876987,High_Volatility,High Volatility + Trend,,39.22837486835758,-14.194465
2021-02-25,1803.92,1804.29,1765.48,1769.83,1,0.021982690259872636,0.00586229721876987,High_Volatility,High Volatility + Trend,,40.92593817339911,16.323074
2021-02-26,1770.91,1775.64,1717.15,1734.28,1,0.034062254316745776,0.00586229721876987,High_Volatility,High Volatility + Trend,,40.0267503543173,-190.738066
2021-03-01,1734.67,1759.73,1719.52,1724.32,1,0.023384432864985597,0.00586229721876987,High_Volatility,High Volatility + Trend,,38.50200035248246,-2.876804
2021-03-02,1724.67,1739.03,1707.14,1738.03,1,0.018680365992244263,0.00586229721876987,High_Volatility,High Volatility + Trend,,37.940796014433225,-112.107968
2021-03-03,1737.53,1740.36,1701.79,1710.8,1,0.022664371044605936,0.00586229721876987,High_Volatility,High Volatility + Trend,,40.58205203820757,-6.529671
2021-03-04,1711.01,1722.92,1690.41,1697.5,1,0.019232020634047355,0.00586229721876987,High_Volatility,High Volatility + Trend,,36.597425635019526,1.753836
2021-03-05,1697.87,1707.47,1687.06,1700.72,0,0.012097969248278119,0.00586229721876987,High_Volatility,High Volatility + No Trend,,35.264327249398946,0.495858
2021-03-08,1705.09,1714.2,1676.73,1683.39,0,0.022347068400994808,0.00586229721876987,High_Volatility,High Volatility + No Trend,,31.93775324598891,-62.782756
2021-03-09,1683.07,1720.48,1680.12,1715.64,0,0.024022093659976745,0.00586229721876987,High_Volatility,High Volatility + No Trend,,29.390261949034983,-86.543204
2021-03-10,1715.29,1726.69,1708.17,1726.54,0,0.010842012211899272,0.00586229721876987,High_Volatility,High Volatility + No Trend,,29.94207857908221,-14.355065
2021-03-11,1726.34,1739.79,1719.2,1722.49,0,0.01197650069799902,0.00586229721876987,High_Volatility,High Volatility + No Trend,,28.803934998533784,-25.102143
2021-03-12,1722.03,1729.16,1699.2,1726.8,0,0.017631826741996256,0.00586229721876987,High_Volatility,High Volatility + No Trend,,29.623525478734297,-77.667253
2021-03-15,1728.53,1734.45,1721.6,1731.65,0,0.007463986988847663,0.00586229721876987,High_Volatility,High Volatility + No Trend,,28.71014627003944,4.166069
2021-03-16,1731.59,1741.17,1726.14,1731.48,0,0.008707289095901823,0.00586229721876987,High_Volatility,High Volatility + No Trend,,28.72830120040349,6.596956
2021-03-17,1732.16,1751.54,1724.23,1745.09,0,0.015838954199845698,0.00586229721876987,High_Volatility,High Volatility + No Trend,,31.35188949714978,4.56349
2021-03-18,1745.72,1755.42,1719.26,1736.39,0,0.021032304596163513,0.00586229721876987,High_Volatility,High Volatility + No Trend,,29.345857017019604,-28.976905
2021-03-19,1735.89,1746.65,1728.43,1744.81,0,0.01054135834254209,0.00586229721876987,High_Volatility,High Volatility + No Trend,,28.482592577545685,14.512855
2021-03-22,1745.36,1745.36,1727.41,1738.67,0,0.010391279429897834,0.00586229721876987,High_Volatility,High Volatility + No Trend,,27.273897603215254,46.028458
2021-03-23,1739.13,1742.41,1724.59,1726.85,0,0.010332890716054347,0.00586229721876987,High_Volatility,High Volatility + No Trend,,26.65797155000252,12.651656
2021-03-24,1726.89,1738.42,1723.72,1734.04,0,0.008528067203490152,0.00586229721876987,High_Volatility,High Volatility + No Trend,,27.37239743764588,35.105196
2021-03-25,1734.76,1745.42,1721.82,1726.42,0,0.0137064269203518,0.005865285542904712,High_Volatility,High Volatility + No Trend,,27.77481127435281,44.360934
2021-03-26,1727.31,1736.63,1721.54,1732.14,0,0.008765407716347077,0.005872358530655706,High_Volatility,High Volatility + No Trend,,27.21451423599134,51.501963
2021-03-29,1732.21,1733.11,1705.58,1711.83,0,0.01614113673940828,0.005872358530655706,High_Volatility,High Volatility + No Trend,,26.71835426120893,-103.662538
2021-03-30,1712.61,1714.31,1678.72,1684.75,0,0.02120067670606171,0.0058842064730438145,High_Volatility,High Volatility + No Trend,,26.190953045079443,-129.22628
2021-03-31,1684.83,1715.31,1677.83,1707.3,0,0.02233837754718894,0.0058842064730438145,High_Volatility,High Volatility + No Trend,,26.653267145072352,-45.370361
2021-04-01,1707.59,1730.41,1705.71,1729.52,0,0.014480773402278256,0.0058842064730438145,High_Volatility,High Volatility + No Trend,,27.164884326222165,-30.643959
2021-04-05,1727.03,1733.52,1721.19,1728.08,0,0.007163648406044613,0.0058842064730438145,High_Volatility,High Volatility + No Trend,,29.696798248668237,2.768825
2021-04-06,1728.24,1745.4,1727.1,1743.28,0,0.010595796421747544,0.0058842064730438145,High_Volatility,High Volatility + No Trend,,27.420488731512037,-22.523443
2021-04-07,1742.83,1744.26,1730.51,1737.49,0,0.007945634523926473,0.0058842064730438145,High_Volatility,High Volatility + No Trend,,27.71666322640929,19.240244
2021-04-08,1737.93,1758.58,1733.08,1755.37,0,0.014713688923765782,0.005907066224376924,High_Volatility,High Volatility + No Trend,,26.678867769127585,-80.42774
2021-04-09,1755.49,1757.26,1731.2,1743.84,0,0.0150531423290203,0.005930116352771906,High_Volatility,High Volatility + No Trend,,26.597527712416653,-32.455336
2021-04-12,1743.63,1744.95,1727.37,1732.72,0,0.01017732159294196,0.005950525119382476,High_Volatility,High Volatility + No Trend,,24.088784280764045,-0.66521
2021-04-13,1732.89,1748.93,1723.67,1745.21,0,0.014654777306560994,0.005950525119382476,High_Volatility,High Volatility + No Trend,,24.35235271865768,-23.801094
2021-04-14,1745.92,1749.25,1732.59,1736.22,0,0.009615662101247313,0.005992239669171024,High_Volatility,High Volatility + No Trend,,25.031082104237832,18.460034
2021-04-15,1736.43,1769.57,1734.3,1763.42,0,0.02033673528224643,0.006023428608103601,High_Volatility,High Volatility + No Trend,,25.671873615391135,-165.110716
2021-04-16,1763.66,1783.74,1759.67,1776.29,0,0.013678701120096346,0.006023428608103601,High_Volatility,High Volatility + No Trend,,25.9535975438812,-118.282197
2021-04-19,1777.76,1789.98,1766.72,1771.2,0,0.013165640282557503,0.0060375826441304535,High_Volatility,High Volatility + No Trend,,25.84211048543804,-71.942851
2021-04-20,1770.93,1780.36,1763.52,1778.65,0,0.009549083650880011,0.0060375826441304535,High_Volatility,High Volatility + No Trend,,25.20934382372177,3.067284
2021-04-21,1778.19,1797.57,1776.19,1793.59,0,0.01203700054611268,0.0060375826441304535,High_Volatility,High Volatility + No Trend,,25.067925047288192,-29.620473
2021-04-22,1793.99,1797.79,1777.36,1783.99,0,0.011494576225413009,0.006077208068150922,High_Volatility,High Volatility + No Trend,,25.720914322324735,-9.952507
2021-04-23,1783.62,1795.88,1769.95,1777.0,0,0.014650131359642963,0.006137451580589709,High_Volatility,High Volatility + No Trend,,26.147515231182258,-15.035095
2021-04-26,1776.0,1783.4,1768.8,1781.23,0,0.008254183627318033,0.006178332575538426,High_Volatility,High Volatility + No Trend,,26.283150936823567,17.925792
2021-04-27,1781.02,1785.5,1773.67,1776.54,0,0.006669786375143024,0.006178332575538426,High_Volatility,High Volatility + No Trend,,25.55593619335769,36.060971
2021-04-28,1776.68,1782.51,1762.53,1781.62,0,0.011335977259961542,0.006191076245374373,High_Volatility,High Volatility + No Trend,,26.773262715906707,-31.091244
2021-04-29,1781.84,1789.93,1756.06,1771.85,0,0.01928749587143954,0.006191076245374373,High_Volatility,High Volatility + No Trend,,27.136240308793464,-26.646177
2021-04-30,1772.56,1773.55,1764.19,1768.79,0,0.005305550989405846,0.006191076245374373,Low_Volatility,Low Volatility + No Trend,,26.499700259680644,40.41498
2021-05-03,1767.75,1797.84,1765.97,1792.9,0,0.018046739185829823,0.006201224570021563,High_Volatility,High Volatility + No Trend,,27.439208493292007,-87.6522
2021-05-04,1791.94,1798.91,1770.9,1778.64,0,0.015816816308091924,0.0062620721040291365,High_Volatility,High Volatility + No Trend,,27.490575220669527,43.996974
2021-05-05,1778.2,1787.9,1770.39,1786.72,0,0.009890476109783714,0.00633922934352564,High_Volatility,High Volatility + No Trend,,26.874515264363925,33.429893
2021-05-06,1787.01,1818.0,1781.96,1814.81,1,0.02022492087364473,0.0063680211613275015,High_Volatility,High Volatility + Trend,,26.342469207173853,-155.650544
2021-05-07,1813.82,1843.17,1812.75,1830.75,1,0.0167811336367398,0.0063680211613275015,High_Volatility,High Volatility + Trend,,33.15408562238109,-193.792125
2021-05-10,1832.66,1845.42,1829.9,1835.6,1,0.008481337778020646,0.006386255139215518,High_Volatility,High Volatility + Trend,,25.779601089824915,-4.863157
2021-05-11,1836.23,1841.76,1817.98,1837.31,1,0.013080451930164234,0.006423148807547246,High_Volatility,High Volatility + Trend,,26.480858715755797,-3.829705
2021-05-12,1837.2,1843.56,1813.17,1815.37,1,0.016760700871953468,0.006447866397623775,High_Volatility,High Volatility + Trend,,29.576841270174217,11.084051
2021-05-13,1815.85,1828.72,1808.71,1826.35,1,0.01106313339341298,0.006458438609892536,High_Volatility,High Volatility + Trend,,25.71432088658273,-13.527527
2021-05-14,1826.33,1845.7,1819.73,1843.33,1,0.014271347947222955,0.006558554290041029,High_Volatility,High Volatility + Trend,,29.186614793280857,-52.978406
2021-05-17,1842.44,1868.36,1842.03,1866.71,1,0.014294012583942676,0.006659756934277316,High_Volatility,High Volatility + Trend,,27.820200738593645,-143.830772
2021-05-18,1866.83,1874.95,1863.12,1869.43,1,0.006349564171926744,0.006659756934277316,Low_Volatility,Low Volatility + Trend,,28.56487372516343,-84.322991
2021-05-19,1868.98,1890.01,1852.11,1869.23,1,0.0204631474372473,0.006659756934277316,High_Volatility,High Volatility + Trend,,28.848296037106955,-51.482686
2021-05-20,1870.14,1883.8,1863.78,1876.95,1,0.010741611134361341,0.006674059125162635,High_Volatility,High Volatility + Trend,,27.259232168314004,20.998431
2021-05-21,1877.07,1889.3,1870.02,1881.5,1,0.010310050159891324,0.006674059125162635,High_Volatility,High Volatility + Trend,,26.73295006054231,21.242584
2021-05-24,1881.33,1886.94,1875.08,1880.6,1,0.0063250634639589395,0.006674059125162635,Low_Volatility,Low Volatility + Trend,,27.07680213030488,37.738754
2021-05-25,1880.84,1900.17,1872.63,1899.02,1,0.014706589128658604,0.0067043100299461955,High_Volatility,High Volatility + Trend,,26.007614664208106,22.061373
2021-05-26,1898.71,1912.66,1890.65,1896.53,0,0.011641498955385708,0.0067043100299461955,High_Volatility,High Volatility + No Trend,,25.936483129367048,-53.459625
2021-05-27,1896.04,1903.63,1888.23,1896.37,0,0.008155786106565456,0.0067043100299461955,High_Volatility,High Volatility + No Trend,,27.748194133285903,15.127436
2021-05-28,1896.73,1905.82,1882.29,1903.65,0,0.01250073049317585,0.0067043100299461955,High_Volatility,High Volatility + No Trend,,27.083181043163336,-24.895174
2021-05-31,1902.73,1910.54,1902.02,1906.58,0,0.004479448165634422,0.006674059125162635,Low_Volatility,Low Volatility + No Trend,,27.56601064005448,4.313133
2021-06-01,1907.14,1916.48,1892.29,1900.08,0,0.012783452853421017,0.0067043100299461955,High_Volatility,High Volatility + No Trend,,28.380182598170283,-21.578928
2021-06-02,1900.02,1909.0,1894.29,1908.18,0,0.007765442461291585,0.0067043100299461955,High_Volatility,High Volatility + No Trend,,25.828910512359464,36.689936
2021-06-03,1908.11,1909.55,1865.22,1870.39,0,0.023766633426619877,0.006739527618441644,High_Volatility,High Volatility + No Trend,,27.927128906560863,-228.205391
2021-06-04,1871.37,1896.09,1855.47,1891.66,0,0.021892027356949933,0.0068240066404673255,High_Volatility,High Volatility + No Trend,,32.17209552131321,-104.613929
2021-06-07,1890.07,1900.04,1881.45,1898.9,0,0.009880677137314262,0.0069274034330026185,High_Volatility,High Volatility + No Trend,,26.039160490792543,-2.125549
2021-06-08,1898.87,1903.75,1883.72,1892.72,0,0.010633215127513628,0.006958508107159466,High_Volatility,High Volatility + No Trend,,28.02671233763101,4.224721
2021-06-09,1892.04,1898.87,1887.22,1888.46,0,0.006173101175273611,0.006958508107159466,Low_Volatility,Low Volatility + No Trend,,27.061683443666794,23.886912
2021-06-10,1888.98,1899.78,1869.64,1898.33,0,0.01612075051881639,0.007062551991559907,High_Volatility,High Volatility + No Trend,,29.0535597927308,-11.662319
2021-06-11,1898.03,1902.88,1874.37,1877.15,1,0.015210444042531742,0.007062551991559907,High_Volatility,High Volatility + Trend,,28.126940423762647,-24.134235
2021-06-14,1876.9,1877.6,1844.69,1865.99,1,0.017840395947286456,0.007225831474805199,High_Volatility,High Volatility + Trend,,28.73513886235366,-137.161349
2021-06-15,1866.33,1869.06,1851.55,1858.63,1,0.009456941481461473,0.007293470002884039,High_Volatility,High Volatility + Trend,,32.327321714423,-2.434562
2021-06-16,1858.99,1862.81,1803.39,1811.8,1,0.03294905705365996,0.007315910930647141,High_Volatility,High Volatility + Trend,,37.23505737765225,-98.872928
2021-06-17,1812.84,1825.21,1767.13,1773.02,1,0.03286685190110514,0.007315910930647141,High_Volatility,High Volatility + Trend,,36.994424492347854,-173.534764
2021-06-18,1773.58,1796.96,1760.78,1764.17,1,0.02054771180953899,0.007365254232624395,High_Volatility,High Volatility + Trend,,41.205647929060554,-68.321719
2021-06-21,1767.07,1786.43,1766.31,1782.82,1,0.011390978933482865,0.007365254232624395,High_Volatility,High Volatility + Trend,,40.227310970746245,-13.918789
2021-06-22,1783.17,1789.96,1772.35,1778.65,1,0.009935960730104172,0.007430799527502231,High_Volatility,High Volatility + Trend,,40.4211165848124,8.316857
2021-06-23,1779.16,1794.81,1773.15,1778.85,1,0.01221554859994916,0.007554841302341195,High_Volatility,High Volatility + Trend,,40.262916647563394,-4.218325
2021-06-24,1778.25,1787.84,1772.76,1774.77,1,0.00850650962341204,0.007705569038563157,High_Volatility,High Volatility + Trend,,41.528249737297664,26.382318
2021-06-25,1775.69,1790.22,1773.57,1781.08,1,0.00938784485529192,0.007794263558341242,High_Volatility,High Volatility + Trend,,40.925155708686205,1.776933
2021-06-28,1781.36,1785.61,1770.54,1777.92,1,0.008511527556564627,0.007884359589658687,High_Volatility,High Volatility + Trend,,41.29572138415208,42.749887
2021-06-29,1778.17,1778.83,1750.59,1761.12,1,0.016131704168308975,0.008050710315245964,High_Volatility,High Volatility + Trend,,47.80251417986871,-102.086871
2021-06-30,1761.64,1774.22,1753.23,1770.2,1,0.011972188474986174,0.008204984866941744,High_Volatility,High Volatility + Trend,,44.77338703665824,-29.284117
2021-07-01,1769.91,1782.61,1765.53,1776.57,1,0.009674148839158738,0.008299144367051686,High_Volatility,High Volatility + Trend,,44.97037166934119,-61.583691
2021-07-02,1776.74,1794.91,1774.16,1787.25,0,0.0116956757000496,0.008396417477903439,High_Volatility,High Volatility + No Trend,,50.93668800881565,-58.843084
2021-07-05,1787.43,1794.27,1784.39,1791.65,0,0.00553690616961532,0.008396417477903439,Low_Volatility,Low Volatility + No Trend,,34.95096615804531,24.121687
2021-07-06,1791.04,1814.91,1789.99,1797.03,0,0.01392186548528208,0.008465033813521091,High_Volatility,High Volatility + No Trend,,35.847426592600186,-135.54457
2021-07-07,1796.14,1809.64,1793.77,1803.54,0,0.008847288113860817,0.008493923700716343,High_Volatility,High Volatility + No Trend,,37.31505926578943,35.631391
2021-07-08,1803.43,1818.16,1793.95,1802.26,0,0.013495359402435986,0.008509018589988333,High_Volatility,High Volatility + No Trend,,38.9104211827579,-8.453696
2021-07-09,1802.51,1812.25,1796.3,1808.15,0,0.008879363135333766,0.00851979738002739,High_Volatility,High Volatility + No Trend,,35.95922093349276,11.21967
2021-07-12,1807.33,1810.69,1791.48,1806.01,0,0.01072297764976446,0.008528579694420828,High_Volatility,High Volatility + No Trend,,33.95325631783496,33.304333
2021-07-13,1805.95,1816.98,1798.53,1807.49,0,0.010258377675101358,0.008618190640626664,High_Volatility,High Volatility + No Trend,,36.63122021852436,70.430125
2021-07-14,1807.82,1829.65,1804.47,1827.31,0,0.013954235869812223,0.008618190640626664,High_Volatility,High Volatility + No Trend,,32.1364445458096,-63.176413
2021-07-15,1827.04,1833.85,1820.17,1829.39,0,0.007515781492937383,0.008528579694420828,Low_Volatility,Low Volatility + No Trend,,34.739183080875975,-26.731565
2021-07-16,1829.5,1831.91,1808.96,1811.84,0,0.012686847691491268,0.008618190640626664,High_Volatility,High Volatility + No Trend,,36.60078749456737,-1.293749
2021-07-19,1811.36,1817.23,1794.89,1812.66,0,0.012446445186055925,0.00873634840612445,High_Volatility,High Volatility + No Trend,,35.2408543547531,-91.670672
2021-07-20,1812.73,1824.79,1805.0,1810.23,0,0.01096398891966757,0.008806347915103947,High_Volatility,High Volatility + No Trend,,33.37077220107791,35.907141
2021-07-21,1810.38,1813.67,1794.64,1803.3,0,0.010603797976195766,0.008806347915103947,High_Volatility,High Volatility + No Trend,,34.412616196577254,25.887396
2021-07-22,1803.58,1807.97,1792.7,1806.52,0,0.008517878061025259,0.008806347915103947,Low_Volatility,Low Volatility + No Trend,,33.874602669674,18.890696
2021-07-23,1806.96,1810.27,1789.61,1802.04,0,0.011544414704879881,0.008863325624597292,High_Volatility,High Volatility + No Trend,,33.75163445789613,-16.892674
2021-07-26,1802.13,1811.4,1796.31,1797.38,0,0.008400554469996909,0.008863325624597292,Low_Volatility,Low Volatility + No Trend,,30.334983053699595,49.841444
2021-07-27,1797.65,1805.04,1793.52,1798.84,0,0.006423123243677228,0.008863325624597292,Low_Volatility,Low Volatility + No Trend,,29.43412531611342,58.464344
2021-07-28,1799.82,1809.64,1792.22,1806.88,0,0.009719788865206322,0.008970826462056745,High_Volatility,High Volatility + No Trend,,32.73000184262911,56.060476
2021-07-29,1806.99,1832.62,1806.77,1827.87,0,0.014307299766987447,0.009136795135041106,High_Volatility,High Volatility + No Trend,,29.105748163060127,-125.029593
2021-07-30,1828.24,1831.26,1810.19,1814.02,0,0.01163966213491398,0.009299572668297205,High_Volatility,High Volatility + No Trend,,29.069966225870505,12.050002
2021-08-02,1813.82,1819.45,1805.68,1813.35,0,0.007625935935492436,0.009299572668297205,Low_Volatility,Low Volatility + No Trend,,33.056340848324666,24.441066
2021-08-03,1813.05,1814.86,1806.98,1810.21,0,0.004360867303456531,0.009299572668297205,Low_Volatility,Low Volatility + No Trend,,34.011410017228734,58.47438
2021-08-04,1810.19,1831.61,1806.41,1811.73,0,0.01395032135561684,0.009422393168376696,High_Volatility,High Volatility + No Trend,,37.62327270767848,26.425013
2021-08-05,1811.96,1814.78,1797.67,1803.87,0,0.009517875917159378,0.009487408699310425,High_Volatility,High Volatility + No Trend,,34.28917524829845,29.040787
2021-08-06,1804.65,1804.68,1758.65,1763.62,1,0.026173485343871702,0.009533479784019694,High_Volatility,High Volatility + Trend,,42.70351689072604,-314.983228
2021-08-09,1762.68,1764.46,1681.79,1729.37,1,0.04915595882958043,0.009533479784019694,High_Volatility,High Volatility + Trend,,38.52214549978595,3.052213
2021-08-10,1730.24,1738.18,1717.65,1729.01,1,0.011952376793875336,0.009582372876063661,High_Volatility,High Volatility + Trend,,30.16667587609169,-28.295242
2021-08-11,1729.28,1754.33,1724.06,1751.45,1,0.017557393594190448,0.009644905470203025,High_Volatility,High Volatility + Trend,,33.74616295589527,-46.765269
2021-08-12,1751.07,1758.08,1741.49,1752.53,1,0.009526325158341373,0.009644905470203025,Low_Volatility,Low Volatility + Trend,,31.310074795416,-41.501515
2021-08-13,1752.9,1779.97,1751.61,1779.5,1,0.016190818732480478,0.00969696885218253,High_Volatility,High Volatility + Trend,,33.1071311499065,-177.585288
2021-08-16,1779.62,1789.12,1770.77,1787.01,1,0.010362723560936716,0.009753618160829597,High_Volatility,High Volatility + Trend,,29.695243519472434,-56.368112
2021-08-17,1787.23,1795.48,1780.52,1785.84,1,0.008402039853525957,0.00969696885218253,Low_Volatility,Low Volatility + Trend,,32.91672469817354,-60.841866
2021-08-18,1785.82,1793.75,1777.28,1787.36,1,0.009266969751530444,0.009644905470203025,Low_Volatility,Low Volatility + Trend,,30.839935054022558,5.569745
2021-08-19,1787.5,1792.31,1774.23,1779.81,1,0.010190336089458485,0.00969696885218253,High_Volatility,High Volatility + Trend,,28.950810566917223,14.521462
2021-08-20,1780.08,1788.29,1778.31,1781.1,1,0.0056120698865777165,0.00969696885218253,Low_Volatility,Low Volatility + Trend,,29.06357500424621,37.269412
2021-08-23,1780.7,1806.28,1776.36,1805.26,1,0.01684343263752847,0.009753618160829597,High_Volatility,High Volatility + Trend,,30.524534010550667,-75.069254
2021-08-24,1805.04,1809.44,1800.64,1802.87,1,0.004887151235116378,0.009753618160829597,Low_Volatility,Low Volatility + Trend,,29.862915391668405,-3.163392
2021-08-25,1802.59,1802.7,1782.46,1790.36,1,0.011355093522435291,0.009834062296883567,High_Volatility,High Volatility + Trend,,31.160157719943943,-2.479689
2021-08-26,1790.81,1798.08,1780.0,1791.84,1,0.010157303370786476,0.009885576623548987,High_Volatility,High Volatility + Trend,,32.264715933841195,22.157325
2021-08-27,1792.31,1819.03,1783.8,1816.94,1,0.019749971969951798,0.009913218419943942,High_Volatility,High Volatility + Trend,,33.907597431183675,-22.908639
2021-08-30,1818.33,1823.21,1807.69,1810.16,0,0.008585542875161107,0.009913218419943942,Low_Volatility,Low Volatility + No Trend,,31.126583227933896,-12.776429
2021-08-31,1809.81,1819.11,1801.61,1813.63,0,0.009713534005694907,0.009913218419943942,Low_Volatility,Low Volatility + No Trend,,28.49056323092355,26.122936
2021-09-01,1814.24,1819.93,1808.62,1814.08,0,0.006253386559918708,0.009913218419943942,Low_Volatility,Low Volatility + No Trend,,32.03167415255572,56.897819
2021-09-02,1813.65,1817.08,1804.73,1809.44,0,0.006843128889085851,0.009913218419943942,Low_Volatility,Low Volatility + No Trend,,29.18669900278652,64.833288
2021-09-03,1809.25,1833.92,1808.87,1827.55,0,0.013848424707137706,0.010046632050445325,High_Volatility,High Volatility + No Trend,,38.155945392980726,-35.001181
2021-09-06,1828.23,1830.17,1821.31,1823.05,0,0.004864630403391036,0.010046632050445325,Low_Volatility,Low Volatility + No Trend,,29.066300809856934,18.525784
2021-09-07,1823.77,1827.17,1791.55,1794.13,0,0.01988222488906261,0.010167312481864218,High_Volatility,High Volatility + No Trend,,29.49522525757131,-158.780863
2021-09-08,1794.78,1802.09,1782.34,1789.12,0,0.011080938541467958,0.010183828841200223,High_Volatility,High Volatility + No Trend,,28.732382303601547,-54.839679
2021-09-09,1789.88,1800.92,1783.8,1794.12,0,0.0095974885076803,0.010183828841200223,Low_Volatility,Low Volatility + No Trend,,28.041181400193917,9.497286
2021-09-10,1793.84,1803.76,1787.15,1787.5,0,0.00929412752147268,0.010183828841200223,Low_Volatility,Low Volatility + No Trend,,29.643606326596096,8.517118
2021-09-13,1788.99,1798.34,1783.55,1793.32,0,0.008292450449945313,0.010183828841200223,Low_Volatility,Low Volatility + No Trend,,27.94135511442377,18.935488
2021-09-14,1793.23,1808.56,1779.56,1804.53,0,0.016296163096495765,0.010224356882279921,High_Volatility,High Volatility + No Trend,,31.217386518859637,27.890237
2021-09-15,1804.19,1806.83,1790.63,1793.56,0,0.009047095156453213,0.010224356882279921,Low_Volatility,Low Volatility + No Trend,,25.125448388423493,37.217573
2021-09-16,1794.12,1796.12,1745.2,1753.33,0,0.029177171670868578,0.01028421391749634,High_Volatility,High Volatility + No Trend,,31.49088233855716,-303.4932
2021-09-17,1753.62,1767.4,1747.34,1754.43,0,0.011480307209816163,0.010321470437972834,High_Volatility,High Volatility + No Trend,,25.993636258935624,0.009491
2021-09-20,1753.68,1766.97,1742.15,1764.12,0,0.014246764055907893,0.010347807138495532,High_Volatility,High Volatility + No Trend,,25.427338325641305,-78.02832
2021-09-21,1764.36,1781.65,1757.9,1774.22,0,0.013510438591501223,0.010377001495417275,High_Volatility,High Volatility + No Trend,,27.934013750126237,-78.454785
2021-09-22,1774.86,1787.12,1764.61,1767.93,0,0.012756359762213742,0.010466318886219962,High_Volatility,High Volatility + No Trend,,35.563911880888746,0.505076
2021-09-23,1768.09,1776.47,1737.7,1742.33,0,0.02231110088047418,0.010568577382144818,High_Volatility,High Volatility + No Trend,,28.241653621087423,-96.787937
2021-09-24,1744.33,1757.6,1740.41,1750.39,0,0.009876983009750477,0.010568577382144818,Low_Volatility,Low Volatility + No Trend,,25.73595455652084,25.975449
2021-09-27,1748.3,1760.78,1744.76,1750.08,0,0.0091817785827277,0.010568577382144818,Low_Volatility,Low Volatility + No Trend,,24.046161106878525,31.650813
2021-09-28,1750.27,1754.41,1728.08,1733.78,0,0.015236563122077771,0.010599797198971656,High_Volatility,High Volatility + No Trend,,26.93455660832501,-87.748935
2021-09-29,1734.07,1745.44,1721.57,1726.43,0,0.013865250904697526,0.010618506551854697,High_Volatility,High Volatility + No Trend,,24.926765815201964,-20.282312
2021-09-30,1726.88,1764.07,1722.15,1756.95,0,0.024341665940829687,0.010643676032538858,High_Volatility,High Volatility + No Trend,,25.6362638416375,-55.597188
2021-10-01,1756.19,1764.24,1749.66,1760.34,0,0.008333047563526586,0.010643676032538858,Low_Volatility,Low Volatility + No Trend,,25.045692041285243,1.219658
2021-10-04,1760.71,1770.43,1747.67,1769.34,0,0.013023053551299724,0.010688557293664275,High_Volatility,High Volatility + No Trend,,23.87652858880711,-2.50487
2021-10-05,1769.53,1769.53,1748.54,1759.81,0,0.012004300730895496,0.010732294392062901,High_Volatility,High Volatility + No Trend,,24.94679394426748,13.353349
2021-10-06,1759.76,1764.99,1745.88,1762.57,0,0.010945769468691949,0.010759791366068434,High_Volatility,High Volatility + No Trend,,26.040162547361565,29.451213
2021-10-07,1762.96,1766.86,1751.88,1755.01,0,0.008550813982692758,0.010759791366068434,Low_Volatility,Low Volatility + No Trend,,24.47123536306031,38.627903
2021-10-08,1755.91,1781.23,1753.33,1757.1,0,0.015912577780566175,0.0108099919048374,High_Volatility,High Volatility + No Trend,,29.19366240638256,-2.579155
2021-10-11,1757.66,1760.88,1750.09,1754.09,0,0.00616539720814369,0.010759791366068434,Low_Volatility,Low Volatility + No Trend,,25.255993064443015,39.085823
2021-10-12,1753.93,1769.27,1750.72,1759.97,0,0.010595640650703684,0.010759791366068434,Low_Volatility,Low Volatility + No Trend,,25.610661234278655,57.743558
2021-10-13,1759.93,1796.05,1757.77,1792.92,0,0.02177759320047559,0.0108099919048374,High_Volatility,High Volatility + No Trend,,27.32092413321291,-52.797363
2021-10-14,1792.72,1800.5,1786.67,1795.86,0,0.007740657200266376,0.0108099919048374,Low_Volatility,Low Volatility + No Trend,,23.337213531759165,-51.849327
2021-10-15,1795.56,1796.39,1764.82,1767.44,0,0.01788850987636142,0.010883208608650562,High_Volatility,High Volatility + No Trend,,26.072635206953613,-68.391928
2021-10-18,1766.56,1771.98,1760.23,1764.66,0,0.0066752640279963416,0.010883208608650562,Low_Volatility,Low Volatility + No Trend,,25.236983201691945,12.155879
2021-10-19,1764.91,1785.08,1762.88,1769.38,0,0.012593029587946891,0.0109350872370469,High_Volatility,High Volatility + No Trend,,24.05670821830091,-4.651992
2021-10-20,1769.15,1788.37,1766.81,1781.89,0,0.01220278354774987,0.01095487919417976,High_Volatility,High Volatility + No Trend,,23.586536520647005,11.68428
2021-10-21,1782.23,1789.34,1776.41,1782.8,0,0.007278725069099946,0.01095487919417976,Low_Volatility,Low Volatility + No Trend,,25.005788341839327,33.10902
2021-10-22,1783.24,1813.53,1782.84,1792.84,0,0.017214107827959915,0.011013561156540275,High_Volatility,High Volatility + No Trend,,25.096205439230364,-111.741622
2021-10-25,1792.52,1809.95,1792.18,1807.59,0,0.009915298686515852,0.011013561156540275,Low_Volatility,Low Volatility + No Trend,,22.951900157680175,23.708941
2021-10-26,1807.36,1808.31,1782.33,1792.73,0,0.014576425241116976,0.011013561156540275,High_Volatility,High Volatility + No Trend,,24.555838600875077,-8.48951
2021-10-27,1792.98,1799.01,1783.42,1796.86,0,0.008741631247827161,0.011013561156540275,Low_Volatility,Low Volatility + No Trend,,24.8974697066484,17.775329
2021-10-28,1796.48,1810.33,1792.2,1798.73,0,0.010116058475616495,0.011013561156540275,Low_Volatility,Low Volatility + No Trend,,26.8550969493926,36.977328
2021-10-29,1799.56,1801.14,1771.86,1783.21,0,0.016525007619112235,0.011013561156540275,High_Volatility,High Volatility + No Trend,,25.0172426074532,-19.685789
2021-11-01,1783.19,1795.75,1779.07,1793.11,0,0.009375685048930094,0.011013561156540275,Low_Volatility,Low Volatility + No Trend,,25.047008689186047,25.73
2021-11-02,1792.99,1796.31,1786.29,1787.86,0,0.005609391532170018,0.011013561156540275,Low_Volatility,Low Volatility + No Trend,,24.473629728729293,46.375519
2021-11-03,1787.74,1788.14,1757.95,1769.45,0,0.01717341221308914,0.011072035967440469,High_Volatility,High Volatility + No Trend,,30.474085300303543,-41.679884
2021-11-04,1770.44,1798.86,1770.38,1791.46,1,0.01608694178650899,0.011085959969333224,High_Volatility,High Volatility + Trend,,24.38958524214003,-56.983809
2021-11-05,1790.85,1818.19,1784.81,1817.97,1,0.018702270829948346,0.011189809292636006,High_Volatility,High Volatility + Trend,,29.86690427734009,-131.110572
2021-11-08,1817.57,1826.4,1812.36,1824.19,1,0.00774680527047617,0.011189809292636006,Low_Volatility,Low Volatility + Trend,,24.47938990776112,-29.712931
2021-11-09,1824.74,1832.66,1819.11,1831.77,1,0.007448697439957002,0.011189809292636006,Low_Volatility,Low Volatility + Trend,,25.568743974378744,4.711881
2021-11-10,1831.91,1868.33,1822.06,1849.17,1,0.025394333885821532,0.01130281497115102,High_Volatility,High Volatility + Trend,,30.26760543506712,-289.230961
2021-11-11,1849.38,1865.89,1842.81,1861.9,1,0.012524351398136626,0.011326485007095032,High_Volatility,High Volatility + Trend,,25.86936862159465,-13.976314
2021-11-12,1861.74,1868.54,1845.14,1864.38,1,0.012681964512177863,0.011345535391198418,High_Volatility,High Volatility + Trend,,25.510953541371588,-24.264907
2021-11-15,1866.53,1870.3,1856.26,1862.6,1,0.007563595616993289,0.011345535391198418,Low_Volatility,Low Volatility + Trend,,26.246762742727885,11.56098
2021-11-16,1862.74,1877.15,1849.61,1850.32,0,0.01488962538048572,0.011373036227959078,High_Volatility,High Volatility + No Trend,,27.510955203230964,-37.950061
2021-11-17,1850.24,1867.98,1849.47,1867.24,0,0.01000827264026991,0.011373036227959078,Low_Volatility,Low Volatility + No Trend,,26.061254269517544,-1.307358
2021-11-18,1866.76,1870.86,1854.95,1858.83,0,0.008577050594355564,0.011373036227959078,Low_Volatility,Low Volatility + No Trend,,26.50221245889437,31.064804
2021-11-19,1858.99,1865.66,1842.88,1845.98,0,0.012361086994269823,0.011435643071649515,High_Volatility,High Volatility + No Trend,,27.521051136446232,30.910456
2021-11-22,1844.76,1849.02,1802.15,1804.57,0,0.026007823988014253,0.011487441717614587,High_Volatility,High Volatility + No Trend,,29.156942321962653,-97.013163
2021-11-23,1806.65,1812.33,1781.91,1788.9,0,0.017071569271175223,0.011507769365353294,High_Volatility,High Volatility + No Trend,,28.7349359212791,-88.008576
2021-11-24,1789.08,1796.29,1778.45,1788.4,0,0.010031206949872033,0.011507769365353294,Low_Volatility,Low Volatility + No Trend,,30.84517825100599,-2.262674
2021-11-25,1788.96,1794.99,1785.94,1788.33,0,0.005067359485760974,0.011507769365353294,Low_Volatility,Low Volatility + No Trend,,30.36861745670163,29.073975
2021-11-26,1789.73,1815.45,1780.32,1790.44,0,0.01973240765705048,0.01153268860508673,High_Volatility,High Volatility + No Trend,,35.126273800612694,-65.892179
2021-11-29,1784.11,1799.3,1777.04,1784.51,0,0.012526448476117584,0.011565713173209318,High_Volatility,High Volatility + No Trend,,35.38243255532293,-1.179314
2021-11-30,1784.83,1808.61,1769.78,1774.68,0,0.02194058018510771,0.011613336888226368,High_Volatility,High Volatility + No Trend,,38.05203908903654,-1.694136
2021-12-01,1774.52,1794.29,1772.1,1781.67,0,0.012521866711810877,0.011640580545149843,High_Volatility,High Volatility + No Trend,,35.8252924350752,22.787685
2021-12-02,1781.23,1783.31,1761.87,1767.97,0,0.012168888737534583,0.011668587327717654,High_Volatility,High Volatility + No Trend,,30.068116927462828,-7.01544
2021-12-03,1769.58,1786.02,1766.03,1783.24,0,0.011319173513473729,0.011668587327717654,Low_Volatility,Low Volatility + No Trend,,35.08459865755717,-15.561279
2021-12-06,1785.13,1787.61,1775.64,1778.28,0,0.006741231330675024,0.011668587327717654,Low_Volatility,Low Volatility + No Trend,,27.953412705663524,44.764185
2021-12-07,1778.72,1787.63,1772.21,1783.99,0,0.008701000445771141,0.011668587327717654,Low_Volatility,Low Volatility + No Trend,,28.671269238331224,51.58553
2021-12-08,1784.32,1793.04,1779.52,1782.89,0,0.007597554396691232,0.011668587327717654,Low_Volatility,Low Volatility + No Trend,,27.942855534973543,37.217018
2021-12-09,1782.92,1787.6,1773.16,1774.98,0,0.008143653139028529,0.011668587327717654,Low_Volatility,Low Volatility + No Trend,,28.3742474388322,46.111289
2021-12-10,1775.77,1789.35,1770.01,1782.7,0,0.010926491940723452,0.011668587327717654,Low_Volatility,Low Volatility + No Trend,,31.72361129659168,27.799515
2021-12-13,1781.76,1791.48,1781.66,1786.52,0,0.005511713795000132,0.011668587327717654,Low_Volatility,Low Volatility + No Trend,,24.249247241833352,57.34195
2021-12-14,1785.79,1789.5,1766.31,1770.73,0,0.01312906567929755,0.01180259155092742,High_Volatility,High Volatility + No Trend,,21.7858198366514,-10.805475
2021-12-15,1770.87,1780.86,1752.84,1776.46,0,0.015985486410625034,0.011930942097840286,High_Volatility,High Volatility + No Trend,,28.36613040325156,-88.906921
2021-12-16,1775.96,1799.56,1775.51,1799.06,0,0.01354540385579352,0.011962282634430756,High_Volatility,High Volatility + No Trend,,21.969521055535484,-34.936109
2021-12-17,1799.76,1814.22,1795.74,1797.35,0,0.010291022085602603,0.011962282634430756,Low_Volatility,Low Volatility + No Trend,,21.66333843683454,-79.506002
2021-12-20,1799.65,1804.09,1788.25,1790.38,0,0.008857821892912019,0.011962282634430756,Low_Volatility,Low Volatility + No Trend,,23.27258084016181,44.338502
2021-12-21,1789.88,1800.38,1784.78,1789.03,0,0.008740573067829164,0.011962282634430756,Low_Volatility,Low Volatility + No Trend,,28.013809004115306,1.181372
2021-12-22,1788.57,1804.94,1785.79,1803.17,0,0.010723545321678412,0.011962282634430756,Low_Volatility,Low Volatility + No Trend,,29.297528435341047,-3.582418
2021-12-23,1803.87,1810.66,1798.74,1808.07,0,0.006626861024939721,0.011930942097840286,Low_Volatility,Low Volatility + No Trend,,28.9946221633673,-9.20427
2021-12-27,1808.47,1813.39,1802.9,1811.67,0,0.005818403682955243,0.011930942097840286,Low_Volatility,Low Volatility + No Trend,,27.5656718318044,11.091784
2021-12-28,1811.17,1820.16,1804.93,1805.93,0,0.00843800036566516,0.01180259155092742,Low_Volatility,Low Volatility + No Trend,,27.321517852391366,-36.563044
2021-12-29,1805.13,1807.54,1789.34,1804.49,0,0.010171348094828286,0.01180259155092742,Low_Volatility,Low Volatility + No Trend,,28.631448382932028,-85.209613
2021-12-30,1803.97,1817.09,1796.09,1814.17,0,0.011692064428842653,0.011693870064446128,Low_Volatility,Low Volatility + No Trend,,28.36816207901257,-12.529876
2021-12-31,1815.09,1830.25,1814.11,1829.06,0,0.008896924662782357,0.01166678169211418,Low_Volatility,Low Volatility + No Trend,,33.2355891926284,-184.002216
2022-01-03,1828.3,1831.68,1798.27,1800.89,0,0.018578967563269187,0.01166678169211418,High_Volatility,High Volatility + No Trend,,29.95716212116647,-45.809564
2022-01-04,1800.46,1816.65,1798.41,1814.16,0,0.010142292358249792,0.01166678169211418,Low_Volatility,Low Volatility + No Trend,,30.010125714912995,38.844739
2022-01-05,1814.46,1829.59,1808.19,1809.96,0,0.011835039459348776,0.01166678169211418,High_Volatility,High Volatility + No Trend,,30.95332141402068,38.08378
2022-01-06,1809.76,1812.11,1786.3,1790.76,0,0.014448860773666207,0.01166678169211418,High_Volatility,High Volatility + No Trend,,30.08548650981281,-55.602834
2022-01-07,1790.94,1798.56,1782.44,1795.87,0,0.009043782679921843,0.011640580545149843,Low_Volatility,Low Volatility + No Trend,,32.2138922611429,-0.371298
2022-01-10,1794.34,1802.23,1790.27,1801.35,0,0.006680556564093705,0.011640580545149843,Low_Volatility,Low Volatility + No Trend,,31.05757956626595,51.572952
2022-01-11,1800.34,1823.15,1799.86,1821.05,0,0.012939895325192066,0.011640580545149843,High_Volatility,High Volatility + No Trend,,31.565944648891566,-19.920214
2022-01-12,1820.45,1827.99,1814.56,1825.71,0,0.007401243276607037,0.011640580545149843,Low_Volatility,Low Volatility + No Trend,,33.42566355303887,-7.693198
2022-01-13,1825.7,1828.02,1812.25,1821.85,0,0.008701889915850452,0.011613336888226368,Low_Volatility,Low Volatility + No Trend,,31.453070031956056,22.426363
2022-01-14,1821.47,1829.02,1814.56,1817.45,0,0.007968873997002048,0.011613336888226368,Low_Volatility,Low Volatility + No Trend,,34.136091836985926,36.040731
2022-01-17,1817.46,1823.09,1812.95,1818.97,0,0.005593094128354269,0.011613336888226368,Low_Volatility,Low Volatility + No Trend,,37.009635585638655,42.544968
2022-01-18,1818.25,1822.64,1805.63,1813.13,0,0.009420534661032431,0.011565713173209318,Low_Volatility,Low Volatility + No Trend,,36.37445738878444,88.872038
2022-01-19,1813.54,1843.28,1810.13,1839.93,1,0.01831360178550704,0.011565713173209318,High_Volatility,High Volatility + Trend,,36.00343437298038,-291.311725
2022-01-20,1839.56,1847.85,1835.8,1838.93,1,0.0065638958492210235,0.011519495465146445,Low_Volatility,Low Volatility + Trend,,34.81283357209545,-57.44748
2022-01-21,1838.82,1843.1,1828.39,1834.45,1,0.008045329497535978,0.011487441717614587,Low_Volatility,Low Volatility + Trend,,36.90341643864243,2.875314
2022-01-24,1832.96,1844.26,1829.53,1842.66,1,0.008051248134766863,0.011435643071649515,Low_Volatility,Low Volatility + Trend,,28.142704218930817,51.850807
2022-01-25,1842.68,1853.74,1834.79,1847.46,1,0.010328157445811262,0.011435643071649515,Low_Volatility,Low Volatility + Trend,,29.1960695844296,-0.686995
2022-01-26,1847.54,1849.93,1814.69,1819.41,1,0.019419294755578093,0.011435643071649515,High_Volatility,High Volatility + Trend,,34.65475262735975,-59.901224
2022-01-27,1819.7,1822.0,1791.66,1796.96,1,0.016934016498665994,0.011435643071649515,High_Volatility,High Volatility + Trend,,30.93997905501975,-46.182345
2022-01-28,1797.64,1799.31,1780.16,1791.16,1,0.010757460003595105,0.011373036227959078,Low_Volatility,Low Volatility + Trend,,29.35631490639725,-89.075746
2022-01-31,1790.21,1799.83,1785.45,1796.56,1,0.008053991990814574,0.011373036227959078,Low_Volatility,Low Volatility + Trend,,30.455461371603995,39.927763
2022-02-01,1797.66,1808.68,1795.67,1800.76,1,0.007245206524584133,0.011345535391198418,Low_Volatility,Low Volatility + Trend,,33.67651970410829,-15.074336
2022-02-02,1800.2,1810.7,1794.31,1806.26,1,0.00913443050531965,0.011327575386717637,Low_Volatility,Low Volatility + Trend,,33.45756217528919,18.603118
2022-02-03,1806.66,1808.88,1788.42,1804.36,1,0.011440265709397142,0.011345535391198418,High_Volatility,High Volatility + Trend,,32.98525183661511,-0.756864
2022-02-04,1805.06,1814.84,1791.97,1807.36,1,0.012762490443478346,0.011373036227959078,High_Volatility,High Volatility + Trend,,34.60119905225542,34.33979
2022-02-07,1807.59,1823.49,1807.41,1819.96,1,0.008896708549803269,0.011345535391198418,Low_Volatility,Low Volatility + Trend,,29.464656751160856,11.491954
2022-02-08,1820.64,1828.74,1815.27,1825.46,1,0.007420383744566939,0.011327575386717637,Low_Volatility,Low Volatility + Trend,,28.977413299762706,17.005647
2022-02-09,1825.86,1835.76,1824.56,1832.66,1,0.006138466260358687,0.011318083133851124,Low_Volatility,Low Volatility + Trend,,28.86915847414305,-18.270781
2022-02-10,1832.9,1841.88,1821.24,1826.36,1,0.011332937998286937,0.011318083133851124,High_Volatility,High Volatility + Trend,,35.43051399759075,20.803441
2022-02-11,1826.32,1865.22,1820.72,1857.76,1,0.024440880530779033,0.011318083133851124,High_Volatility,High Volatility + Trend,,32.634373519094474,-232.160184
2022-02-14,1859.95,1874.1,1850.67,1870.66,1,0.012660279790562248,0.011326055755880332,High_Volatility,High Volatility + Trend,,30.595863849343424,-27.015328
2022-02-15,1871.24,1879.41,1844.4,1853.04,1,0.018981782693558876,0.011326055755880332,High_Volatility,High Volatility + Trend,,36.35458115775669,-57.294192
2022-02-16,1853.49,1872.45,1850.18,1869.14,1,0.012036666702699187,0.011326055755880332,High_Volatility,High Volatility + Trend,,35.71315352946636,-33.498235
2022-02-17,1869.58,1901.06,1867.66,1898.09,1,0.017883340650867857,0.011326055755880332,High_Volatility,High Volatility + Trend,,37.520230085733445,-294.672961
2022-02-18,1898.11,1902.31,1886.42,1897.84,1,0.008423362771811087,0.011200056027470843,Low_Volatility,Low Volatility + Trend,,34.711698164606304,-28.242934
2022-02-21,1900.19,1908.12,1887.36,1903.2,1,0.010999491353001012,0.011072035967440469,Low_Volatility,Low Volatility + Trend,,41.21020958291583,-127.807863
2022-02-22,1903.29,1913.83,1891.24,1897.86,1,0.01194454432012855,0.011072035967440469,High_Volatility,High Volatility + Trend,,36.253526899683145,-19.611509
2022-02-23,1898.9,1910.42,1889.41,1908.79,1,0.011119873399632683,0.011072035967440469,High_Volatility,High Volatility + Trend,,33.424418608055,-21.137565
2022-02-25,1904.5,1921.86,1882.69,1888.49,1,0.020805337044335417,0.011072035967440469,High_Volatility,High Volatility + Trend,,33.961458868781186,-51.630853
2022-02-28,1921.24,1928.28,1890.68,1908.39,1,0.01988702477415528,0.011072035967440469,High_Volatility,High Volatility + Trend,,29.534444746365367,-0.066264
2022-03-01,1907.03,1950.17,1901.19,1944.71,1,0.02576281171266418,0.011072035967440469,High_Volatility,High Volatility + Trend,,28.43807097347293,-61.656278
2022-03-02,1943.34,1947.86,1913.81,1928.09,1,0.017791734811710647,0.011100405970550321,High_Volatility,High Volatility + Trend,,32.68328927830096,-11.167414
2022-03-03,1928.55,1941.19,1921.83,1935.39,1,0.010073731807704182,0.011072035967440469,Low_Volatility,Low Volatility + Trend,,31.43930887263149,18.769969
2022-03-04,1936.77,1970.57,1929.62,1969.69,1,0.02122179496481175,0.011072035967440469,High_Volatility,High Volatility + Trend,,33.932612399452445,-72.213889
2022-03-07,1975.94,2002.51,1960.92,1997.49,1,0.021209432307284292,0.011100405970550321,High_Volatility,High Volatility + Trend,,39.105426764463175,-83.51555
2022-03-08,1996.32,2070.2,1981.01,2049.59,1,0.04502248852857877,0.011219523456553207,High_Volatility,High Volatility + Trend,,41.65353149827521,-170.108429
2022-03-09,2049.14,2059.13,1975.92,1991.48,0,0.042112028827078034,0.011219523456553207,High_Volatility,High Volatility + No Trend,,43.69883400515452,-64.179927
2022-03-10,1991.44,2008.98,1970.67,1996.58,0,0.019440088903773814,0.011219523456553207,High_Volatility,High Volatility + No Trend,,44.183914471858735,-33.926123
2022-03-11,1996.42,1998.82,1958.4,1987.84,0,0.020639297385620835,0.011326055755880332,High_Volatility,High Volatility + No Trend,,52.52449427612712,-43.583216
2022-03-14,1988.16,1989.99,1949.56,1950.41,0,0.02073801267978419,0.01133445762912424,High_Volatility,High Volatility + No Trend,,42.77526706917773,-23.303015
2022-03-15,1952.12,1954.51,1906.97,1917.73,0,0.024929600360781744,0.011345535391198418,High_Volatility,High Volatility + No Trend,,40.04341764940748,-75.587892
2022-03-16,1918.87,1929.44,1894.96,1926.06,0,0.018195634736353283,0.011373036227959078,High_Volatility,High Volatility + No Trend,,36.185162802473215,-19.788535
2022-03-17,1927.37,1949.67,1923.35,1942.45,0,0.013684456807133472,0.011373036227959078,High_Volatility,High Volatility + No Trend,,27.433247970203087,-7.805358
2022-03-18,1942.51,1945.34,1917.9,1921.02,0,0.014307315292768042,0.011415622321440003,High_Volatility,High Volatility + No Trend,,27.62716330426887,20.83789
2022-03-21,1922.38,1940.51,1917.68,1935.91,0,0.011905010220683288,0.011415622321440003,High_Volatility,High Volatility + No Trend,,29.85574700819555,19.072122
2022-03-22,1935.52,1938.27,1910.61,1921.28,0,0.01447705183161403,0.011415622321440003,High_Volatility,High Volatility + No Trend,,28.25908295535507,-35.949622
2022-03-23,1920.8,1948.24,1915.47,1944.08,0,0.017108072692341818,0.011415622321440003,High_Volatility,High Volatility + No Trend,,26.466545505710307,-56.588147
2022-03-24,1943.47,1966.15,1937.41,1957.37,0,0.014834237461353048,0.011415622321440003,High_Volatility,High Volatility + No Trend,,28.767704320495657,-48.477336
2022-03-25,1958.1,1964.33,1943.09,1958.01,0,0.010931042823543949,0.011415622321440003,Low_Volatility,Low Volatility + No Trend,,27.553508285466584,16.244382
2022-03-28,1956.82,1958.63,1916.94,1922.59,0,0.02174820286498276,0.011460286459606651,High_Volatility,High Volatility + No Trend,,31.119862064006284,-66.818782
2022-03-29,1922.33,1929.23,1889.99,1919.46,0,0.02076201461383394,0.011487441717614587,High_Volatility,High Volatility + No Trend,,31.884171088771165,-89.693261
2022-03-30,1919.91,1938.4,1915.79,1932.37,0,0.011801919834637475,0.011487441717614587,High_Volatility,High Volatility + No Trend,,33.00186366408811,-6.123758
2022-03-31,1932.94,1949.68,1918.99,1937.04,0,0.015992787872787274,0.011487441717614587,High_Volatility,High Volatility + No Trend,,33.235184751125686,-21.691928
2022-04-01,1936.86,1939.5,1917.95,1924.81,0,0.01123595505617975,0.011487441717614587,Low_Volatility,Low Volatility + No Trend,,28.769853269834496,17.369
2022-04-04,1925.24,1936.76,1915.44,1932.66,0,0.011130601846051004,0.011460286459606651,Low_Volatility,Low Volatility + No Trend,,29.41182719130468,4.897197
2022-04-05,1932.4,1944.48,1917.87,1923.36,0,0.013874767319995688,0.011487441717614587,High_Volatility,High Volatility + No Trend,,30.043662476634022,20.829828
2022-04-06,1923.51,1933.35,1915.05,1925.19,0,0.009555886269287984,0.011460286459606651,Low_Volatility,Low Volatility + No Trend,,30.768557157489752,48.003846
2022-04-07,1924.52,1937.64,1920.37,1931.4,0,0.00899305862932675,0.011415622321440003,Low_Volatility,Low Volatility + No Trend,,28.988682009856703,35.701479
2022-04-08,1931.39,1948.14,1927.57,1947.02,0,0.010671467184071222,0.011373036227959078,Low_Volatility,Low Volatility + No Trend,,26.62959450105314,6.363759
2022-04-11,1946.26,1969.31,1939.92,1953.61,0,0.015150109282856958,0.011415622321440003,High_Volatility,High Volatility + No Trend,,25.577589910803344,-92.468434
2022-04-12,1953.85,1978.6,1949.7,1966.46,1,0.014822793250243558,0.011415622321440003,High_Volatility,High Volatility + Trend,,24.36644192867448,2.989557
2022-04-13,1966.53,1981.47,1962.77,1978.11,1,0.009527351650983073,0.011373036227959078,Low_Volatility,Low Volatility + Trend,,23.70267661792896,15.24834
2022-04-14,1977.25,1980.31,1960.29,1973.34,1,0.010212774640486857,0.011345535391198418,Low_Volatility,Low Volatility + Trend,,24.57723747234477,46.885891
2022-04-18,1972.71,1998.32,1971.12,1978.51,1,0.013799261333658046,0.011373036227959078,High_Volatility,High Volatility + Trend,,26.745628536397028,-40.429496
2022-04-19,1975.89,1981.91,1943.59,1949.96,1,0.019716092385739875,0.011415622321440003,High_Volatility,High Volatility + Trend,,25.66385537117369,-96.746454
2022-04-20,1949.99,1958.23,1939.23,1957.44,1,0.009797703212099648,0.011415622321440003,Low_Volatility,Low Volatility + Trend,,25.464607877046383,0.446748
2022-04-21,1956.78,1957.29,1936.68,1951.13,1,0.010641923291405859,0.011373036227959078,Low_Volatility,Low Volatility + Trend,,25.82481891807199,-4.631148
2022-04-22,1950.76,1955.56,1926.52,1931.29,1,0.015073811847268631,0.011415622321440003,High_Volatility,High Volatility + Trend,,27.91957772319429,-28.311924
2022-04-25,1930.62,1934.2,1891.33,1897.86,1,0.022666589119825796,0.011415622321440003,High_Volatility,High Volatility + Trend,,28.674604200353745,-135.442555
2022-04-26,1898.25,1911.15,1895.66,1905.12,1,0.008171296540518874,0.011373036227959078,Low_Volatility,Low Volatility + Trend,,26.406232326539406,15.181332
2022-04-27,1905.41,1906.94,1881.3,1885.83,1,0.013628873651198694,0.011415622321440003,High_Volatility,High Volatility + Trend,,29.109354882475703,-46.20871
2022-04-28,1885.77,1896.68,1871.92,1894.52,1,0.013227060985512197,0.011415622321440003,High_Volatility,High Volatility + Trend,,28.792495315362032,-51.084222
2022-04-29,1894.34,1919.8,1892.53,1897.1,1,0.014409282811897291,0.011415622321440003,High_Volatility,High Volatility + Trend,,27.99095412481607,-51.960525
2022-05-02,1896.57,1899.84,1854.46,1862.72,1,0.024470735416239703,0.011460286459606651,High_Volatility,High Volatility + Trend,,26.543714381016745,-125.29481
2022-05-03,1863.26,1878.04,1850.32,1868.16,1,0.01498119244238836,0.011460286459606651,High_Volatility,High Volatility + Trend,,24.68713828735032,-19.441461
2022-05-04,1868.13,1889.52,1861.33,1881.16,1,0.015145084428876156,0.011460286459606651,High_Volatility,High Volatility + Trend,,32.023538365032145,-4.697601
2022-05-05,1882.79,1909.72,1872.45,1877.04,1,0.01990440332185104,0.011512360957348023,High_Volatility,High Volatility + Trend,,25.79648038421453,-42.505093
2022-05-06,1876.74,1892.53,1866.1,1883.01,1,0.014163228122823035,0.011512360957348023,High_Volatility,High Volatility + Trend,,27.09174864969869,-27.952071
2022-05-09,1883.04,1885.54,1851.64,1853.63,1,0.01830809444600455,0.011512360957348023,High_Volatility,High Volatility + Trend,,27.09105306298961,-40.25881
2022-05-10,1853.96,1865.33,1835.43,1838.19,1,0.01629046054603001,0.01159203841989693,High_Volatility,High Volatility + Trend,,25.72057095322147,-29.65368
2022-05-11,1838.51,1858.06,1831.91,1852.38,1,0.01427471873618238,0.01159203841989693,High_Volatility,High Volatility + Trend,,29.54483593148695,0.768134
2022-05-12,1851.56,1858.69,1821.25,1821.72,1,0.020557309540151024,0.011640580545149843,High_Volatility,High Volatility + Trend,,29.813377334873294,-56.720558
2022-05-13,1822.14,1828.75,1799.04,1811.45,1,0.01651436321593741,0.01166678169211418,High_Volatility,High Volatility + Trend,,25.929875990048735,-30.656909
2022-05-16,1809.66,1826.82,1786.73,1823.88,1,0.02243763747180599,0.011693870064446128,High_Volatility,High Volatility + Trend,,28.466684051002417,-72.041309
2022-05-17,1825.3,1836.04,1812.81,1814.83,0,0.012814360026698892,0.011693870064446128,High_Volatility,High Volatility + No Trend,,25.986432872984327,-15.244719
2022-05-18,1814.33,1824.64,1807.2,1816.48,0,0.00965028773793717,0.011693870064446128,Low_Volatility,Low Volatility + No Trend,,23.74900602817998,-0.410856
2022-05-19,1816.43,1849.1,1810.86,1842.01,0,0.021117038313287616,0.011748797767343538,High_Volatility,High Volatility + No Trend,,23.61665165077233,-69.615822
2022-05-20,1841.47,1849.35,1832.27,1846.29,0,0.009321770263116204,0.011693870064446128,Low_Volatility,Low Volatility + No Trend,,23.0729138331484,-14.43047
2022-05-23,1848.29,1865.3,1843.31,1853.46,0,0.011929626595635031,0.011748797767343538,High_Volatility,High Volatility + No Trend,,24.17413190004484,-39.642104
2022-05-24,1853.27,1869.65,1849.27,1866.28,0,0.011020564871543966,0.011693870064446128,Low_Volatility,Low Volatility + No Trend,,23.72243965701356,19.475716
2022-05-25,1864.21,1867.95,1841.82,1853.2,0,0.014187054109522163,0.011748797767343538,High_Volatility,High Volatility + No Trend,,23.79251686427357,-6.76437
2022-05-26,1852.68,1854.31,1840.43,1850.55,0,0.007541715794678353,0.011693870064446128,Low_Volatility,Low Volatility + No Trend,,23.635106639077826,21.509408
2022-05-27,1849.73,1861.94,1847.88,1853.38,0,0.007608719180899163,0.011665863281878316,Low_Volatility,Low Volatility + No Trend,,23.979367893299127,23.156685
2022-05-30,1852.61,1863.87,1847.91,1854.53,0,0.008636784258973547,0.011665863281878316,Low_Volatility,Low Volatility + No Trend,,24.01405145494408,44.749568
2022-05-31,1855.67,1857.06,1835.04,1837.4,0,0.011999738425320419,0.011693870064446128,High_Volatility,High Volatility + No Trend,,23.572885264421405,28.699028
2022-06-01,1836.45,1849.98,1828.38,1846.06,0,0.011813736750566024,0.011748797767343538,High_Volatility,High Volatility + No Trend,,26.12417654094909,-12.264638
2022-06-02,1846.6,1870.49,1843.93,1868.27,0,0.014404017506087512,0.011748797767343538,High_Volatility,High Volatility + No Trend,,26.78554090460236,-123.451804
2022-06-03,1868.99,1874.0,1847.34,1850.91,0,0.014431561055355313,0.011748797767343538,High_Volatility,High Volatility + No Trend,,19.85233256929212,-39.53416
2022-06-06,1849.51,1857.74,1840.6,1841.4,0,0.009312180810605293,0.011693870064446128,Low_Volatility,Low Volatility + No Trend,,16.142395496054228,-7.669236
2022-06-07,1840.75,1855.52,1836.95,1852.35,0,0.010109148316502864,0.011693870064446128,Low_Volatility,Low Volatility + No Trend,,15.386436035798493,16.273009
2022-06-08,1852.55,1859.61,1844.44,1852.94,0,0.008224718613779708,0.011665863281878316,Low_Volatility,Low Volatility + No Trend,,15.547190487541371,29.345992
2022-06-09,1852.0,1855.31,1839.94,1847.95,0,0.008353533267389095,0.01159203841989693,Low_Volatility,Low Volatility + No Trend,,16.813332950803968,35.261533
2022-06-10,1847.83,1875.85,1825.04,1871.21,0,0.027840485687984893,0.01159203841989693,High_Volatility,High Volatility + No Trend,,25.881785400093097,-57.230354
2022-06-13,1875.0,1878.71,1817.86,1819.04,0,0.033473424796189005,0.011665863281878316,High_Volatility,High Volatility + No Trend,,26.132984013237188,-114.193064
2022-06-14,1820.15,1831.61,1805.04,1807.57,0,0.014719895403979933,0.011693870064446128,High_Volatility,High Volatility + No Trend,,25.424737602372517,-47.280757
2022-06-15,1808.25,1841.9,1807.07,1833.02,0,0.01927429485299416,0.011693870064446128,High_Volatility,High Volatility + No Trend,,25.8109956960827,-25.720176
2022-06-16,1833.02,1857.48,1815.0,1857.15,0,0.02340495867768596,0.011748797767343538,High_Volatility,High Volatility + No Trend,,24.869235851394816,3.346989
2022-06-17,1855.13,1855.57,1833.75,1839.01,0,0.01189911383776411,0.01180782829260175,High_Volatility,High Volatility + No Trend,,25.152303095138425,16.995081
2022-06-20,1837.14,1846.09,1834.41,1838.28,0,0.0063671698257204415,0.01180782829260175,Low_Volatility,Low Volatility + No Trend,,26.898729790991165,37.719945
2022-06-21,1837.89,1843.66,1828.47,1832.18,0,0.008307492056200022,0.011748797767343538,Low_Volatility,Low Volatility + No Trend,,23.687447750748422,35.620249
2022-06-22,1832.85,1847.8,1823.31,1837.38,0,0.013431616126714606,0.011748797767343538,High_Volatility,High Volatility + No Trend,,22.85478986016837,-5.232453
2022-06-23,1837.5,1846.15,1822.18,1822.18,0,0.013154573093766822,0.01180782829260175,High_Volatility,High Volatility + No Trend,,22.930369795429105,22.100304
2022-06-24,1823.02,1831.8,1816.86,1826.37,0,0.008222978105082426,0.01180782829260175,Low_Volatility,Low Volatility + No Trend,,22.97852679404017,35.631422
2022-06-27,1835.43,1841.04,1819.57,1819.57,0,0.011799491088553904,0.01180782829260175,Low_Volatility,Low Volatility + No Trend,,23.189610889588845,20.18154
2022-06-28,1822.31,1829.49,1818.22,1819.38,0,0.006198369834233471,0.01180070546159569,Low_Volatility,Low Volatility + No Trend,,21.97139144816895,34.765252
2022-06-29,1819.58,1833.07,1811.36,1817.31,0,0.011985469481494588,0.01180782829260175,High_Volatility,High Volatility + No Trend,,20.0231119421861,6.102105
2022-06-30,1817.56,1825.16,1802.63,1803.83,0,0.01249840510809205,0.01180782829260175,High_Volatility,High Volatility + No Trend,,19.109359097769648,26.198365
2022-07-01,1806.92,1821.63,1784.44,1810.67,0,0.0208412723319361,0.0118243881049574,High_Volatility,High Volatility + No Trend,,21.300171810699815,-68.281201
2022-07-04,1810.36,1814.31,1803.92,1807.5,0,0.0057596789214598605,0.0118243881049574,Low_Volatility,Low Volatility + No Trend,,21.8927476144954,33.312785
2022-07-05,1807.49,1812.06,1762.69,1762.69,1,0.02800832818022448,0.011867076648556442,High_Volatility,High Volatility + Trend,,19.978093474354736,-219.743839
2022-07-06,1766.0,1772.72,1732.21,1738.29,1,0.02338630997396389,0.011867076648556442,High_Volatility,High Volatility + Trend,,20.50558953679382,-157.154607
2022-07-07,1739.13,1748.99,1736.17,1736.17,1,0.007384069532361425,0.011867076648556442,Low_Volatility,Low Volatility + Trend,,21.11985332452513,0.983039
2022-07-08,1740.26,1753.36,1730.31,1742.07,1,0.013321312365992195,0.011867076648556442,High_Volatility,High Volatility + Trend,,26.82163506997323,12.210285
2022-07-11,1741.57,1744.44,1731.19,1733.91,1,0.007653694857294693,0.0118243881049574,Low_Volatility,Low Volatility + Trend,,21.49354129587033,16.718644
2022-07-12,1733.3,1744.13,1723.1,1726.06,1,0.012204747257849343,0.011867076648556442,High_Volatility,High Volatility + Trend,,23.49528158312933,0.469296
2022-07-13,1725.88,1745.34,1707.0,1735.39,1,0.02246045694200347,0.011902062029223698,High_Volatility,High Volatility + Trend,,25.827628027420204,-53.100363
2022-07-14,1735.24,1736.18,1697.51,1709.66,1,0.022780425446683714,0.011917318408159159,High_Volatility,High Volatility + Trend,,26.04030903093131,-76.374055
2022-07-15,1710.59,1716.62,1698.79,1707.5,1,0.010495705767045914,0.011917318408159159,Low_Volatility,Low Volatility + Trend,,28.870917233372012,31.432473
2022-07-18,1707.05,1723.8,1705.78,1708.83,1,0.010564082120789306,0.011917318408159159,Low_Volatility,Low Volatility + Trend,,25.30967185519916,11.808879
2022-07-19,1709.21,1718.37,1705.21,1711.45,1,0.007717524527770687,0.011917318408159159,Low_Volatility,Low Volatility + Trend,,24.71288181042516,27.067647
2022-07-20,1711.6,1714.47,1692.28,1696.51,1,0.013112487295246682,0.011937085457881792,High_Volatility,High Volatility + Trend,,26.29214930086027,-23.454833
2022-07-21,1696.23,1720.24,1680.75,1718.31,1,0.02349546333482077,0.011937085457881792,High_Volatility,High Volatility + Trend,,30.310763373460563,-104.552415
2022-07-22,1717.95,1739.18,1712.75,1727.02,1,0.015431323894322033,0.011948460557001942,High_Volatility,High Volatility + Trend,,26.22001772549472,-98.882851
2022-07-25,1726.36,1736.22,1714.7,1719.25,1,0.012550300344083502,0.011968923137684962,High_Volatility,High Volatility + Trend,,24.269707770282984,-20.717604
2022-07-26,1718.98,1728.11,1713.56,1716.95,1,0.008491094563365132,0.011968923137684962,Low_Volatility,Low Volatility + Trend,,26.26761603115772,35.322773
2022-07-27,1716.89,1740.28,1711.46,1733.61,0,0.016839423649983018,0.011968923137684962,High_Volatility,High Volatility + No Trend,,30.36484551078377,-8.319083
2022-07-28,1733.97,1757.05,1733.76,1755.45,0,0.013433231819859707,0.011992603953407503,High_Volatility,High Volatility + No Trend,,23.920951258257645,-31.057393
2022-07-29,1755.43,1767.83,1751.87,1765.7,0,0.009110265031081095,0.011968923137684962,Low_Volatility,Low Volatility + No Trend,18.00000000000636,25.826446463932967,-47.9176
2022-08-01,1764.87,1775.41,1758.27,1772.0,0,0.009748218419241698,0.011948460557001942,Low_Volatility,Low Volatility + No Trend,18.00000000000636,23.63360846097637,-13.588604
2022-08-02,1771.82,1787.99,1760.19,1760.24,0,0.01579374953840208,0.011965006900811568,High_Volatility,High Volatility + No Trend,17.00000000000727,26.261841656648087,-43.121875
2022-08-03,1761.36,1772.72,1754.04,1764.87,0,0.01064970012086387,0.011937085457881792,Low_Volatility,Low Volatility + No Trend,25.99999999999909,28.58798688101221,24.606869
2022-08-04,1764.84,1794.87,1763.05,1790.82,0,0.01804826862539346,0.011965006900811568,High_Volatility,High Volatility + No Trend,31.999999999993626,29.652730760343907,-86.40053
2022-08-05,1790.46,1794.83,1764.87,1774.77,0,0.016975754588156658,0.011965006900811568,High_Volatility,High Volatility + No Trend,29.999999999995453,33.043026036790955,-9.251806
2022-08-08,1772.69,1789.94,1770.04,1788.74,0,0.01124268378115754,0.011965006900811568,Low_Volatility,Low Volatility + No Trend,17.00000000000727,23.37371194343835,1.236851
2022-08-09,1788.6,1800.43,1782.91,1793.73,0,0.009826631742488393,0.011965006900811568,Low_Volatility,Low Volatility + No Trend,17.00000000000727,27.281108077536615,0.387299
2022-08-10,1794.43,1807.79,1787.09,1791.92,0,0.011583076397943051,0.011965006900811568,Low_Volatility,Low Volatility + No Trend,34.9999999999909,33.68251928672211,26.442563
2022-08-11,1791.98,1799.19,1783.36,1789.48,0,0.00887650278126691,0.011965006900811568,Low_Volatility,Low Volatility + No Trend,17.00000000000727,25.596905650642697,21.181852
2022-08-12,1788.95,1802.32,1784.79,1801.72,0,0.009821883807058519,0.011965006900811568,Low_Volatility,Low Volatility + No Trend,31.999999999993626,29.42139510249974,3.199577
2022-08-15,1801.83,1801.84,1772.8,1779.48,0,0.01638086642599276,0.011965006900811568,High_Volatility,High Volatility + No Trend,17.00000000000727,28.99984445577408,-68.973937
2022-08-16,1779.7,1782.97,1770.87,1775.42,0,0.006832799697323992,0.011965006900811568,Low_Volatility,Low Volatility + No Trend,30.999999999994536,29.123395277407088,-1.536893
2022-08-17,1775.43,1782.18,1759.57,1761.27,0,0.012849730331842512,0.011992603953407503,High_Volatility,High Volatility + No Trend,29.999999999995453,32.39425361226577,-54.029418
2022-08-18,1761.98,1772.4,1755.15,1758.28,0,0.009828219810272626,0.011992603953407503,Low_Volatility,Low Volatility + No Trend,27.99999999999727,28.446304893139818,-9.31657
2022-08-19,1758.67,1759.09,1745.39,1746.7,0,0.00784924859200512,0.011965006900811568,Low_Volatility,Low Volatility + No Trend,25.99999999999909,27.00602327282084,-80.245198
2022-08-22,1746.54,1748.94,1727.69,1736.1,0,0.012299660239973606,0.011992603953407503,High_Volatility,High Volatility + No Trend,24.000000000000902,23.96073717533084,-119.550332
2022-08-23,1735.91,1754.08,1730.75,1747.81,0,0.013479705330059181,0.012002019578107957,High_Volatility,High Volatility + No Trend,17.00000000000727,22.594216008380275,-10.372907
2022-08-24,1747.66,1755.86,1742.38,1750.6,0,0.007736544267036921,0.012002019578107957,Low_Volatility,Low Volatility + No Trend,25.0,24.39153633068603,29.178799
2022-08-25,1750.96,1765.45,1749.83,1758.61,0,0.00892658143933989,0.012002019578107957,Low_Volatility,Low Volatility + No Trend,17.00000000000727,24.43834104164501,-18.958118
2022-08-26,1758.4,1758.76,1734.05,1737.35,0,0.01424987745451402,0.012002019578107957,High_Volatility,High Volatility + No Trend,26.99999999999818,27.19620871539065,1.939207
2022-08-29,1735.51,1745.5,1720.19,1736.81,0,0.014713490951580898,0.012020483716797342,High_Volatility,High Volatility + No Trend,25.0,25.34692546124401,-102.474536
2022-08-30,1737.39,1740.43,1721.08,1723.72,0,0.01124294047923405,0.012002019578107957,Low_Volatility,Low Volatility + No Trend,17.00000000000727,21.280307418867977,16.522649
2022-08-31,1722.98,1726.43,1709.45,1710.93,0,0.00993301939220218,0.012002019578107957,Low_Volatility,Low Volatility + No Trend,17.00000000000727,20.20770395442956,-52.780804
2022-09-01,1710.56,1711.4,1688.74,1696.22,0,0.013418288191195851,0.012020483716797342,High_Volatility,High Volatility + No Trend,17.00000000000727,21.043392307401174,-24.732342
2022-09-02,1696.7,1717.97,1694.84,1711.57,0,0.013647305940383818,0.012102777720116885,High_Volatility,High Volatility + No Trend,17.00000000000727,27.549019996146825,-41.05424
2022-09-05,1711.0,1715.75,1707.57,1710.07,0,0.004790433188683371,0.012102777720116885,Low_Volatility,Low Volatility + No Trend,25.99999999999909,24.085377848862432,28.205618
2022-09-06,1709.36,1726.66,1699.73,1702.01,0,0.015843692821801147,0.012102777720116885,High_Volatility,High Volatility + No Trend,17.00000000000727,24.58079207864044,-23.535573
2022-09-07,1701.93,1719.41,1691.35,1718.1,0,0.01659029769119353,0.012185836142642226,High_Volatility,High Volatility + No Trend,25.0,23.968562991456444,-68.320139
2022-09-08,1717.97,1728.22,1703.84,1708.33,0,0.014308855291576739,0.012185836142642226,High_Volatility,High Volatility + No Trend,17.00000000000727,22.27816161575484,-30.257339
2022-09-09,1708.49,1729.41,1708.3,1716.5,0,0.012357314289059373,0.012203765402799606,High_Volatility,High Volatility + No Trend,25.99999999999909,23.930562341876996,26.862213
2022-09-12,1717.84,1735.13,1711.86,1724.31,0,0.0135934013295481,0.012203765402799606,High_Volatility,High Volatility + No Trend,17.00000000000727,23.01668136489973,-12.240169
2022-09-13,1724.69,1731.81,1696.95,1701.91,0,0.02054273844249972,0.012203765402799606,High_Volatility,High Volatility + No Trend,17.00000000000727,26.727565862147493,14.286348
2022-09-14,1701.28,1707.07,1693.51,1697.21,0,0.008007038635732855,0.012185836142642226,Low_Volatility,Low Volatility + No Trend,17.00000000000727,23.10169329907409,9.537373
2022-09-15,1697.15,1698.08,1660.27,1664.6,0,0.022773404325802396,0.012185836142642226,High_Volatility,High Volatility + No Trend,17.00000000000727,25.75841983391812,-248.587079
2022-09-16,1664.98,1680.38,1654.09,1674.49,0,0.01589393563832693,0.012203765402799606,High_Volatility,High Volatility + No Trend,25.99999999999909,26.414231336434742,-276.64151
2022-09-19,1674.38,1679.91,1659.58,1674.72,0,0.012250087371503727,0.012227417314676536,High_Volatility,High Volatility + No Trend,17.00000000000727,23.392255486929635,21.257118
2022-09-20,1675.58,1679.61,1659.89,1664.81,0,0.011880305321436841,0.012203765402799606,Low_Volatility,Low Volatility + No Trend,17.00000000000727,21.621492967519007,15.577485
2022-09-21,1664.78,1688.0,1653.57,1673.51,0,0.020821616260575642,0.012203765402799606,High_Volatility,High Volatility + No Trend,17.00000000000727,27.236588295705968,5.164183
2022-09-22,1673.14,1684.92,1655.6,1670.9,0,0.017709591688813822,0.012203765402799606,High_Volatility,High Volatility + No Trend,25.0,25.490745383665324,-11.350375
2022-09-23,1671.25,1676.11,1639.46,1643.61,0,0.022354921742524896,0.012227417314676536,High_Volatility,High Volatility + No Trend,17.00000000000727,23.31073513897212,-120.632254
2022-09-26,1643.98,1649.72,1621.0,1622.1,0,0.01771745835903765,0.012227417314676536,High_Volatility,High Volatility + No Trend,17.00000000000727,25.49550725373502,-133.744189
2022-09-27,1622.79,1642.34,1622.66,1628.59,0,0.012128233887567227,0.012227417314676536,Low_Volatility,Low Volatility + No Trend,25.0,25.808219202886463,27.796685
2022-09-28,1629.2,1662.67,1614.78,1659.71,0,0.029657290776452582,0.012274873805738665,High_Volatility,High Volatility + No Trend,25.0,24.638310846230706,-92.149564
2022-09-29,1659.64,1664.78,1641.35,1660.42,0,0.014274834739696022,0.01232848726451649,High_Volatility,High Volatility + No Trend,17.00000000000727,23.091036589873244,-1.699213
2022-09-30,1660.41,1675.42,1659.08,1660.21,0,0.009848831882730277,0.012274873805738665,Low_Volatility,Low Volatility + No Trend,17.00000000000727,23.5981059547019,-10.768417
2022-10-03,1662.57,1701.49,1659.5,1699.71,0,0.02530280204880989,0.01232848726451649,High_Volatility,High Volatility + No Trend,17.00000000000727,21.549603357668293,-94.811959
2022-10-04,1698.3,1729.53,1695.03,1725.99,0,0.020353622059786552,0.012359200641664597,High_Volatility,High Volatility + No Trend,17.00000000000727,20.82285709539602,-101.066427
2022-10-05,1724.76,1727.77,1700.42,1716.01,0,0.016084261535385322,0.012359200641664597,High_Volatility,High Volatility + No Trend,17.00000000000727,22.945654650017097,-3.396604
2022-10-06,1716.08,1725.49,1706.84,1712.6,0,0.010926624639685086,0.012359200641664597,Low_Volatility,Low Volatility + No Trend,23.000000000001812,22.785454679245028,12.47171
2022-10-07,1712.13,1714.8,1690.48,1694.41,0,0.014386446453078378,0.012359200641664597,High_Volatility,High Volatility + No Trend,17.00000000000727,24.82150891177933,2.852892
2022-10-10,1696.17,1699.92,1665.59,1668.73,0,0.020611314909431588,0.012429746051180936,High_Volatility,High Volatility + No Trend,25.0,23.15729336434345,-38.164295
2022-10-11,1668.14,1683.88,1660.89,1666.01,0,0.013841976289820522,0.012429746051180936,High_Volatility,High Volatility + No Trend,17.00000000000727,22.50885755133978,-4.872484
2022-10-12,1666.42,1678.24,1661.28,1673.0,0,0.010208995473369953,0.012429746051180936,Low_Volatility,Low Volatility + No Trend,25.0,25.394897612305936,28.4641
2022-10-13,1672.94,1682.3,1642.39,1665.42,0,0.024299953117103642,0.012510135909951463,High_Volatility,High Volatility + No Trend,17.00000000000727,25.049707470518964,-11.616686
2022-10-14,1666.28,1671.72,1640.06,1644.01,0,0.019304171798592784,0.012510135909951463,High_Volatility,High Volatility + No Trend,17.00000000000727,24.44360229526622,-10.868523
2022-10-17,1644.01,1668.33,1644.01,1649.85,0,0.014793097365587761,0.012523109054973752,High_Volatility,High Volatility + No Trend,25.0,24.559670485526507,4.629295
2022-10-18,1650.06,1660.81,1645.76,1651.86,0,0.009144711258020582,0.012510135909951463,Low_Volatility,Low Volatility + No Trend,17.00000000000727,22.31704014693065,54.945863
2022-10-19,1651.92,1654.42,1627.61,1629.1,0,0.016472004964334316,0.012523109054973752,High_Volatility,High Volatility + No Trend,17.00000000000727,22.03875781971435,-30.801617
2022-10-20,1629.2,1645.58,1622.33,1627.79,0,0.01433123963681865,0.012525399937127105,High_Volatility,High Volatility + No Trend,25.99999999999909,26.194447540920105,-14.647869
2022-10-21,1627.81,1657.86,1617.11,1657.41,0,0.02519927525029219,0.012525399937127105,High_Volatility,High Volatility + No Trend,17.00000000000727,23.595872025395387,-11.832052
2022-10-24,1661.5,1670.77,1643.86,1649.4,0,0.016370007178226908,0.012538374410100542,High_Volatility,High Volatility + No Trend,25.99999999999909,26.709241800420923,41.40186
2022-10-25,1649.98,1662.3,1638.07,1652.91,0,0.014791797664324492,0.012605290067322875,High_Volatility,High Volatility + No Trend,17.00000000000727,22.06443437627257,30.619335
2022-10-26,1652.38,1674.84,1649.69,1664.4,0,0.015245288508750045,0.012605290067322875,High_Volatility,High Volatility + No Trend,25.0,24.04100118297956,-57.821431
2022-10-27,1664.14,1670.77,1654.73,1662.92,0,0.009693424304871467,0.012538374410100542,Low_Volatility,Low Volatility + No Trend,17.00000000000727,23.00905133252508,39.039037
2022-10-28,1662.45,1667.01,1637.95,1644.21,0,0.017741689306755362,0.012538374410100542,High_Volatility,High Volatility + No Trend,17.00000000000727,22.067862199121805,-66.506679
2022-10-31,1643.59,1645.58,1631.65,1632.8,0,0.008537370146783829,0.012538374410100542,Low_Volatility,Low Volatility + No Trend,23.000000000001812,22.862787489495368,-9.952335
2022-11-01,1632.7,1656.98,1630.57,1647.32,0,0.016196790079542788,0.012605290067322875,High_Volatility,High Volatility + No Trend,17.00000000000727,23.772895496627235,-30.913127
2022-11-02,1647.97,1669.43,1634.47,1634.49,0,0.02138919649794737,0.012605290067322875,High_Volatility,High Volatility + No Trend,17.00000000000727,26.08380132190177,23.162112
2022-11-03,1635.64,1640.95,1616.52,1628.01,0,0.015112711256278959,0.012671122151370055,High_Volatility,High Volatility + No Trend,24.000000000000902,24.82772965526392,-29.746643
2022-11-04,1628.45,1684.21,1628.36,1684.21,1,0.03429831241248873,0.012711385117020297,High_Volatility,High Volatility + Trend,17.00000000000727,25.184793030494163,-155.015996
2022-11-07,1675.88,1681.86,1666.83,1675.45,1,0.009017116322600369,0.012711385117020297,Low_Volatility,Low Volatility + Trend,23.000000000001812,23.01241337163282,-8.498396
2022-11-08,1674.86,1716.91,1665.94,1712.01,1,0.030595339568051685,0.012711385117020297,High_Volatility,High Volatility + Trend,17.00000000000727,22.80256745889551,-170.57152
2022-11-09,1711.39,1722.3,1702.11,1706.61,1,0.011861748065636214,0.012711385117020297,Low_Volatility,Low Volatility + Trend,17.00000000000727,22.47001574425706,-37.482391
2022-11-10,1705.73,1757.14,1703.71,1755.6,1,0.03136097105728091,0.012788425235088618,High_Volatility,High Volatility + Trend,25.0,28.48407266401152,-155.071927
2022-11-11,1753.93,1772.57,1747.14,1771.26,1,0.014555215952928692,0.012832045179270703,High_Volatility,High Volatility + Trend,17.00000000000727,24.13746533065456,-89.508255
2022-11-14,1762.67,1775.0,1753.14,1771.0,1,0.012469055523232542,0.012788425235088618,Low_Volatility,Low Volatility + Trend,23.000000000001812,23.05751589420029,-7.779428
2022-11-15,1770.16,1786.49,1767.0,1778.46,1,0.01102999434069044,0.012711385117020297,Low_Volatility,Low Volatility + Trend,17.00000000000727,22.742045889795403,-22.83777
2022-11-16,1777.55,1785.01,1770.25,1773.6,1,0.008337805394718255,0.012711385117020297,Low_Volatility,Low Volatility + Trend,23.000000000001812,23.989423095529336,12.728931
2022-11-17,1773.35,1774.72,1754.35,1760.82,1,0.01161113802832965,0.012711385117020297,Low_Volatility,Low Volatility + Trend,25.0,25.96467195856654,-19.914458
2022-11-18,1760.26,1767.66,1747.42,1750.3,1,0.011582790628469406,0.012605290067322875,Low_Volatility,Low Volatility + Trend,25.0,25.115146476371493,12.874875
2022-11-21,1751.54,1752.91,1732.43,1737.76,1,0.011821545459268206,0.012605290067322875,Low_Volatility,Low Volatility + Trend,17.00000000000727,21.570830134212407,-24.133375
2022-11-22,1738.67,1749.68,1736.95,1740.0,1,0.007328938656841024,0.01253608352794719,Low_Volatility,Low Volatility + Trend,17.00000000000727,21.08418675621261,-0.902017
2022-11-23,1739.96,1758.41,1724.22,1749.3,1,0.019829256127408365,0.012605290067322875,High_Volatility,High Volatility + Trend,23.000000000001812,27.505315023708057,-23.76072
2022-11-24,1749.3,1758.64,1748.69,1754.8,1,0.0056899736374086,0.012605290067322875,Low_Volatility,Low Volatility + Trend,17.00000000000727,22.868366390469152,5.368529
2022-11-25,1754.19,1761.08,1745.91,1756.06,1,0.008688878579079016,0.012605290067322875,Low_Volatility,Low Volatility + Trend,22.00000000000272,22.632279699827382,-2.943942
2022-11-28,1754.22,1763.75,1739.56,1741.01,0,0.013905815263629915,0.012711385117020297,High_Volatility,High Volatility + No Trend,22.00000000000272,22.457899585382474,-22.572065
2022-11-29,1740.23,1758.99,1739.26,1749.6,0,0.011343904879086519,0.012711385117020297,Low_Volatility,Low Volatility + No Trend,17.00000000000727,21.52226348441805,34.020302
2022-11-30,1749.21,1769.97,1744.58,1768.0,0,0.014553646149789693,0.012788425235088618,High_Volatility,High Volatility + No Trend,23.000000000001812,25.767811902914037,13.522644
2022-12-01,1768.71,1803.92,1768.22,1802.8,0,0.020189795387451814,0.012832045179270703,High_Volatility,High Volatility + No Trend,17.00000000000727,23.667187001925527,-143.060616
2022-12-02,1801.78,1804.47,1778.37,1797.2,0,0.014676360937262852,0.012894812828517288,High_Volatility,High Volatility + No Trend,25.0,29.712549552954982,-18.197449
2022-12-05,1795.15,1809.89,1765.76,1768.31,0,0.024992071402682194,0.013026191310219374,High_Volatility,High Volatility + No Trend,17.00000000000727,23.573871789943382,-116.715546
2022-12-06,1767.94,1780.82,1767.14,1770.7,0,0.007741322136333191,0.012894812828517288,Low_Volatility,Low Volatility + No Trend,23.000000000001812,23.556428390288904,11.420028
2022-12-07,1770.81,1790.47,1768.61,1785.91,0,0.012359988917850815,0.012832045179270703,Low_Volatility,Low Volatility + No Trend,17.00000000000727,22.173693037976587,-16.027749
2022-12-08,1785.74,1794.83,1781.37,1788.9,0,0.00755598219348032,0.012788425235088618,Low_Volatility,Low Volatility + No Trend,23.000000000001812,22.428982842908027,23.573941
2022-12-09,1789.61,1806.08,1788.4,1796.83,0,0.009885931558935268,0.012788425235088618,Low_Volatility,Low Volatility + No Trend,17.00000000000727,23.067731322177927,18.067322
2022-12-12,1796.59,1796.99,1777.46,1780.89,0,0.010987589031539373,0.012788425235088618,Low_Volatility,Low Volatility + No Trend,25.0,25.587425718739706,4.595526
2022-12-13,1780.99,1824.48,1780.6,1810.5,0,0.024643378636414755,0.012832045179270703,High_Volatility,High Volatility + No Trend,25.0,31.305455553352846,-41.874707
2022-12-14,1810.51,1814.11,1794.75,1806.91,0,0.010787017690486084,0.012832045179270703,Low_Volatility,Low Volatility + No Trend,24.000000000000902,28.073984947529272,14.476046
2022-12-15,1806.94,1808.56,1773.66,1776.67,0,0.019676826449263028,0.012894812828517288,High_Volatility,High Volatility + No Trend,17.00000000000727,21.177357857501928,-45.263889
2022-12-16,1776.61,1794.3,1774.24,1792.71,0,0.011306249436378361,0.012894812828517288,Low_Volatility,Low Volatility + No Trend,17.00000000000727,21.522302675162383,3.999783
2022-12-19,1792.94,1798.79,1783.72,1787.3,0,0.00844863543605495,0.012894812828517288,Low_Volatility,Low Volatility + No Trend,23.000000000001812,23.440757607682777,-8.403162
2022-12-20,1787.42,1821.07,1784.51,1817.59,0,0.020487416713831776,0.013026191310219374,High_Volatility,High Volatility + No Trend,26.99999999999818,27.079815786701957,-72.100776
2022-12-21,1817.61,1823.8,1811.79,1814.0,0,0.006628803558911348,0.013026191310219374,Low_Volatility,Low Volatility + No Trend,25.0,26.23554932181357,1.313438
2022-12-22,1813.53,1820.35,1784.69,1792.21,0,0.01998106113666791,0.013133530194506752,High_Volatility,High Volatility + No Trend,24.000000000000902,26.47690315595525,-24.177231
2022-12-23,1792.72,1803.18,1791.08,1797.72,0,0.006755700471224142,0.013026191310219374,Low_Volatility,Low Volatility + No Trend,20.00000000000454,25.633481228661264,12.425702
2022-12-27,1800.21,1833.29,1799.78,1813.09,0,0.01861894231517185,0.013133530194506752,High_Volatility,High Volatility + No Trend,20.00000000000454,22.44136752194906,-38.283562
2022-12-28,1813.03,1814.53,1796.95,1803.92,0,0.009783243829822715,0.013133530194506752,Low_Volatility,Low Volatility + No Trend,20.00000000000454,22.03281567504274,8.403671
2022-12-29,1803.68,1820.13,1803.35,1814.16,0,0.009304904760584579,0.013026191310219374,Low_Volatility,Low Volatility + No Trend,20.00000000000454,22.846436336657447,24.243962
2022-12-30,1814.24,1826.02,1813.31,1823.5,0,0.007009281369429406,0.013026191310219374,Low_Volatility,Low Volatility + No Trend,20.00000000000454,23.54004165772084,26.893744
2023-01-03,1826.98,1849.95,1823.76,1839.02,1,0.014360442163442589,0.013133530194506752,High_Volatility,High Volatility + Trend,20.00000000000454,22.35128134683392,-38.437825
2023-01-04,1838.59,1865.08,1836.17,1854.22,1,0.015744729518508555,0.01319081703963951,High_Volatility,High Volatility + Trend,20.00000000000454,23.14031144753061,-52.329147
2023-01-05,1854.07,1858.95,1824.99,1832.52,1,0.018608321141485726,0.013274186675752196,High_Volatility,High Volatility + Trend,20.00000000000454,23.08474713409474,-26.764023
2023-01-06,1831.95,1869.8,1831.26,1865.52,1,0.02104561886351472,0.013369800278594024,High_Volatility,High Volatility + Trend,20.00000000000454,24.348740426482447,-20.990477
2023-01-09,1867.49,1881.47,1865.85,1871.72,1,0.008371519682718397,0.013369800278594024,Low_Volatility,Low Volatility + Trend,20.00000000000454,21.793872767676927,-31.484925
2023-01-10,1870.95,1880.71,1867.69,1876.72,1,0.006971178300467412,0.013369800278594024,Low_Volatility,Low Volatility + Trend,20.00000000000454,21.91501640686499,45.126552
2023-01-11,1876.39,1886.62,1867.06,1875.22,1,0.010476363909033424,0.013369800278594024,Low_Volatility,Low Volatility + Trend,20.00000000000454,21.634960106187968,-23.442552
2023-01-12,1874.47,1901.57,1873.13,1896.82,1,0.015183142654273769,0.013369800278594024,High_Volatility,High Volatility + Trend,20.00000000000454,26.515388806033148,-94.344693
2023-01-13,1895.45,1921.88,1892.27,1919.86,1,0.015647872660878272,0.013424952158955228,High_Volatility,High Volatility + Trend,20.00000000000454,21.971107444219736,-88.711347
2023-01-16,1918.81,1928.9,1910.78,1915.29,1,0.009483038340363683,0.013424952158955228,Low_Volatility,Low Volatility + Trend,20.00000000000454,19.92467284605376,-47.2986
2023-01-17,1914.59,1919.06,1903.68,1908.42,1,0.008079088922507922,0.013424952158955228,Low_Volatility,Low Volatility + Trend,20.00000000000454,20.0796726454141,23.451308
2023-01-18,1908.21,1926.01,1896.53,1903.82,1,0.015544178051494054,0.013432423973287156,High_Volatility,High Volatility + Trend,20.00000000000454,21.315593573500365,-46.815491
2023-01-19,1903.84,1935.16,1900.91,1931.62,1,0.018017686266051523,0.013432423973287156,High_Volatility,High Volatility + Trend,20.00000000000454,19.848026673880398,-24.143996
2023-01-20,1931.32,1937.45,1920.53,1925.72,1,0.00881006805413093,0.013424952158955228,Low_Volatility,Low Volatility + Trend,20.00000000000454,19.73003023790856,-0.540388
2023-01-23,1927.09,1935.48,1911.27,1931.0,1,0.012666970129808995,0.013424952158955228,Low_Volatility,Low Volatility + Trend,20.00000000000454,19.703811192285347,31.464719
2023-01-24,1930.64,1942.49,1917.09,1937.12,1,0.013249247557496045,0.013424952158955228,Low_Volatility,Low Volatility + Trend,20.00000000000454,19.80399640777889,17.291054
2023-01-25,1936.89,1948.0,1919.82,1945.79,1,0.014678459438905764,0.013432423973287156,High_Volatility,High Volatility + Trend,20.00000000000454,20.33919070822751,8.604596
2023-01-26,1946.13,1949.16,1918.51,1928.49,0,0.015975939661508197,0.013456468574959444,High_Volatility,High Volatility + No Trend,19.00000000000545,22.0086043611539,34.424735
2023-01-27,1927.53,1935.01,1916.62,1927.49,0,0.00959501622648209,0.013456468574959444,Low_Volatility,Low Volatility + No Trend,19.00000000000545,21.49032486831274,32.206021
2023-01-30,1927.96,1934.46,1920.57,1922.92,0,0.007232227932332641,0.013456468574959444,Low_Volatility,Low Volatility + No Trend,23.000000000001812,23.093426130418518,68.906971
2023-01-31,1922.78,1931.1,1900.61,1928.16,0,0.01604221802473943,0.01353655332980364,High_Volatility,High Volatility + No Trend,25.0,24.591398239963727,-72.012589
2023-02-01,1927.8,1954.46,1920.46,1950.26,0,0.017704091728023494,0.013611137490373397,High_Volatility,High Volatility + No Trend,24.000000000000902,29.847080946544416,-23.853886
2023-02-02,1950.86,1959.58,1911.2,1912.15,1,0.02531393888656335,0.013638089795791255,High_Volatility,High Volatility + Trend,22.00000000000272,32.745983142602874,-35.606723
2023-02-03,1911.87,1918.49,1861.27,1864.42,1,0.030742450047548196,0.013665881373758645,High_Volatility,High Volatility + Trend,23.000000000001812,44.00022480863276,-336.75169
2023-02-06,1860.84,1881.27,1860.0,1867.05,1,0.011435483870967732,0.013638089795791255,Low_Volatility,Low Volatility + Trend,26.99999999999818,30.144528491176995,20.949807
2023-02-07,1867.27,1884.35,1864.81,1872.96,1,0.010478279288506585,0.013638089795791255,Low_Volatility,Low Volatility + Trend,28.999999999996362,33.913467553558085,36.991793
2023-02-08,1873.69,1886.08,1868.84,1875.14,1,0.009224973780526963,0.013611137490373397,Low_Volatility,Low Volatility + Trend,29.999999999995453,36.942974098508806,36.286485
2023-02-09,1875.25,1890.15,1858.8,1861.42,1,0.016865719819238293,0.013638089795791255,High_Volatility,High Volatility + Trend,25.99999999999909,31.16521257375588,5.47988
2023-02-10,1862.45,1872.1,1852.63,1865.21,1,0.010509383956861218,0.013611137490373397,Low_Volatility,Low Volatility + Trend,29.999999999995453,30.352742471086824,-4.483229
2023-02-13,1864.38,1866.5,1850.4,1853.0,1,0.008700821444012055,0.013611137490373397,Low_Volatility,Low Volatility + Trend,25.99999999999909,28.272525651320976,42.610253
2023-02-14,1853.54,1870.44,1843.14,1854.07,1,0.014811680067710511,0.013638089795791255,High_Volatility,High Volatility + Trend,25.99999999999909,33.65951251335527,41.62792
2023-02-15,1853.97,1860.01,1830.07,1835.86,1,0.016360029944209816,0.013665881373758645,High_Volatility,High Volatility + Trend,22.00000000000272,25.89431871727587,-54.738126
2023-02-16,1835.97,1845.24,1827.54,1836.18,1,0.009685150530220978,0.013665881373758645,Low_Volatility,Low Volatility + Trend,22.00000000000272,26.254997253765893,36.726792
2023-02-17,1836.16,1843.5,1818.84,1841.83,1,0.01355809197070665,0.013638089795791255,Low_Volatility,Low Volatility + Trend,25.99999999999909,26.558391789384373,-32.692513
2023-02-20,1841.14,1847.42,1837.21,1841.1,0,0.005557339661769768,0.013611137490373397,Low_Volatility,Low Volatility + No Trend,22.00000000000272,29.338376632548776,0.73365
2023-02-21,1841.29,1843.71,1830.1,1834.72,0,0.007436752090049794,0.013575746650127375,Low_Volatility,Low Volatility + No Trend,31.999999999993626,35.90329849965738,26.291804
2023-02-22,1834.45,1846.03,1823.39,1825.02,0,0.01241643312730676,0.013518898650382916,Low_Volatility,Low Volatility + No Trend,23.000000000001812,27.887982303321127,48.605598
2023-02-23,1825.48,1833.74,1817.34,1822.02,0,0.009024178194504106,0.013518898650382916,Low_Volatility,Low Volatility + No Trend,23.000000000001812,27.638358177694958,30.256302
2023-02-24,1822.3,1827.74,1819.61,1822.53,0,0.00446799039354593,0.013456468574959444,Low_Volatility,Low Volatility + No Trend,23.000000000001812,28.444937591990335,-31.873126
2023-02-27,1812.73,1820.1,1806.55,1816.82,0,0.007500484348620273,0.013432423973287156,Low_Volatility,Low Volatility + No Trend,23.000000000001812,25.982528036301105,-17.762364
2023-02-28,1816.97,1831.13,1804.3,1826.89,0,0.014870032699662005,0.013432423973287156,High_Volatility,High Volatility + No Trend,23.000000000001812,27.507088570246776,-5.113864
2023-02-24,134.666,135.249,134.041,135.17,0,0.009012167918771111,0.013133530194506752,Low_Volatility,Low Volatility + No Trend,23.000000000001812,28.444937591990335,-31.873126
