date,open,high,low,close,trend,Volatility,Volatility_median,Volatility_status,Volatility_Trend
2021-01-04,103.117,103.313,102.707,103.099,0,0.00590027943567633,0.013909572770911923,Low_Volatility,Low Volatility + No Trend
2021-01-05,103.11,103.187,102.6,102.658,0,0.005721247563352859,0.013909572770911923,Low_Volatility,Low Volatility + No Trend
2021-01-06,102.681,103.438,102.588,102.994,0,0.008285569462315364,0.013909572770911923,Low_Volatility,Low Volatility + No Trend
2021-01-07,102.972,103.952,102.942,103.762,0,0.009811350080627976,0.013909572770911923,Low_Volatility,Low Volatility + No Trend
2021-01-08,103.758,104.087,103.597,103.93,0,0.004729866694981603,0.013909572770911923,Low_Volatility,Low Volatility + No Trend
2021-01-11,103.865,104.393,103.852,104.218,0,0.005209336363286184,0.013909572770911923,Low_Volatility,Low Volatility + No Trend
2021-01-12,104.162,104.327,103.713,103.716,0,0.005920183583543089,0.0138708636131675,Low_Volatility,Low Volatility + No Trend
2021-01-13,103.758,103.993,103.52,103.826,0,0.004569165378670779,0.0138708636131675,Low_Volatility,Low Volatility + No Trend
2021-01-14,103.842,104.195,103.56,103.779,0,0.006131711085361056,0.0138708636131675,Low_Volatility,Low Volatility + No Trend
2021-01-15,103.726,103.907,103.613,103.856,0,0.0028374817831738966,0.0138708636131675,Low_Volatility,Low Volatility + No Trend
2021-01-18,103.805,103.927,103.632,103.648,0,0.00284661108537905,0.0138708636131675,Low_Volatility,Low Volatility + No Trend
2021-01-19,103.657,104.081,103.647,103.876,0,0.004187289550107553,0.0138708636131675,Low_Volatility,Low Volatility + No Trend
2021-01-20,103.872,103.925,103.441,103.488,0,0.0046789957560347895,0.0138708636131675,Low_Volatility,Low Volatility + No Trend
2021-01-21,103.508,103.662,103.322,103.453,0,0.0032906834943187647,0.0138708636131675,Low_Volatility,Low Volatility + No Trend
2021-01-22,103.468,103.881,103.454,103.74,0,0.004127438281748475,0.0138708636131675,Low_Volatility,Low Volatility + No Trend
2021-01-25,103.76,103.931,103.668,103.691,0,0.002536944862445412,0.013850065059038387,Low_Volatility,Low Volatility + No Trend
2021-01-26,103.722,103.824,103.55,103.603,0,0.0026460647030420175,0.013846989573272066,Low_Volatility,Low Volatility + No Trend
2021-01-27,103.633,104.195,103.581,104.069,0,0.005927728058234522,0.013846989573272066,Low_Volatility,Low Volatility + No Trend
2021-01-28,104.087,104.458,104.038,104.196,0,0.004036986485707162,0.013846989573272066,Low_Volatility,Low Volatility + No Trend
2021-01-29,104.206,104.935,104.174,104.656,1,0.007305085721965132,0.013846989573272066,Low_Volatility,Low Volatility + Trend
2021-02-01,104.762,105.03,104.602,104.935,1,0.004091699967495815,0.013846989573272066,Low_Volatility,Low Volatility + Trend
2021-02-02,104.882,105.168,104.824,104.939,1,0.003281691215752197,0.013846989573272066,Low_Volatility,Low Volatility + Trend
2021-02-03,104.913,105.1,104.909,105.009,1,0.0018206254944760534,0.013846989573272066,Low_Volatility,Low Volatility + Trend
2021-02-04,105.012,105.559,104.97,105.555,1,0.005611126988663414,0.013846989573272066,Low_Volatility,Low Volatility + Trend
2021-02-05,105.493,105.763,105.33,105.332,1,0.004110889585113519,0.013846989573272066,Low_Volatility,Low Volatility + Trend
2021-02-08,105.3,105.666,105.146,105.188,1,0.004945504346337436,0.013846989573272066,Low_Volatility,Low Volatility + Trend
2021-02-09,105.191,105.259,104.492,104.533,1,0.007340274853577268,0.013805162452995064,Low_Volatility,Low Volatility + Trend
2021-02-10,104.576,104.838,104.405,104.576,1,0.004147310952540517,0.013805162452995064,Low_Volatility,Low Volatility + Trend
2021-02-11,104.577,104.801,104.546,104.721,1,0.00243911770895104,0.013805162452995064,Low_Volatility,Low Volatility + Trend
2021-02-12,104.721,105.177,104.702,104.91,1,0.004536685068098112,0.01374423211817689,Low_Volatility,Low Volatility + Trend
2021-02-15,104.887,105.412,104.887,105.362,1,0.00500538674954957,0.013715362698385483,Low_Volatility,Low Volatility + Trend
2021-02-16,105.357,106.075,105.173,106.008,1,0.008576345640040704,0.013654563513841556,Low_Volatility,Low Volatility + Trend
2021-02-17,106.011,106.22,105.77,105.835,1,0.004254514512621753,0.013600491537783616,Low_Volatility,Low Volatility + Trend
2021-02-18,105.864,105.919,105.594,105.657,1,0.003077826391651068,0.013579401561370977,Low_Volatility,Low Volatility + Trend
2021-02-19,105.676,105.738,105.235,105.401,1,0.004779778590773033,0.013543019877296829,Low_Volatility,Low Volatility + Trend
2021-02-22,105.377,105.84,104.979,105.028,1,0.008201640328065652,0.01351105768035506,Low_Volatility,Low Volatility + Trend
2021-02-23,105.049,105.425,104.916,105.207,1,0.004851500247817305,0.013475135133641335,Low_Volatility,Low Volatility + Trend
2021-02-24,105.169,106.1,105.167,105.841,1,0.008871604210446173,0.013475135133641335,Low_Volatility,Low Volatility + Trend
2021-02-25,105.821,106.397,105.821,106.184,1,0.005443154005348727,0.01344905778367704,Low_Volatility,Low Volatility + Trend
2021-02-26,106.214,106.687,105.843,106.505,1,0.007974074808915035,0.013419123418612101,Low_Volatility,Low Volatility + Trend
2021-03-01,106.516,106.883,106.361,106.73,1,0.00490781395436289,0.013377947332356442,Low_Volatility,Low Volatility + Trend
2021-03-02,106.659,106.951,106.656,106.677,1,0.0027659015901588986,0.01329044239409176,Low_Volatility,Low Volatility + Trend
2021-03-03,106.673,107.147,106.669,106.983,1,0.004481151974800633,0.013200638517770053,Low_Volatility,Low Volatility + Trend
2021-03-04,106.957,107.98,106.954,107.939,1,0.009592909101108986,0.013179931702233222,Low_Volatility,Low Volatility + Trend
2021-03-05,107.979,108.633,107.815,108.331,1,0.00758707044474329,0.01317500466070801,Low_Volatility,Low Volatility + Trend
2021-03-08,108.321,108.936,108.265,108.845,1,0.006197755507320062,0.013118452748943053,Low_Volatility,Low Volatility + Trend
2021-03-09,108.833,109.23,108.41,108.44,1,0.007563877871045175,0.01305845692719619,Low_Volatility,Low Volatility + Trend
2021-03-10,108.462,108.916,108.335,108.357,1,0.00536299441547056,0.012984420003894732,Low_Volatility,Low Volatility + Trend
2021-03-11,108.377,108.807,108.351,108.477,1,0.004208544452750811,0.012907734739048202,Low_Volatility,Low Volatility + Trend
2021-03-12,108.497,109.16,108.49,109.008,1,0.0061756843948751194,0.01288669422568427,Low_Volatility,Low Volatility + Trend
2021-03-14,108.971,109.035,108.971,109.013,1,0.0005873122206825022,0.012867561485099962,Low_Volatility,Low Volatility + Trend
2021-03-15,109.004,109.359,108.909,109.13,1,0.004131889926452255,0.012824372929482873,Low_Volatility,Low Volatility + Trend
2021-03-16,109.128,109.286,108.767,108.994,1,0.004771667877205453,0.012779157570604851,Low_Volatility,Low Volatility + Trend
2021-03-17,108.993,109.321,108.739,108.843,1,0.005352265516511957,0.012716859990038406,Low_Volatility,Low Volatility + Trend
2021-03-18,108.84,109.291,108.617,108.934,1,0.006205290147950987,0.012663681736122541,Low_Volatility,Low Volatility + Trend
2021-03-19,108.914,109.124,108.603,108.867,0,0.004797289209322033,0.012593382035828483,Low_Volatility,Low Volatility + No Trend
2021-03-21,108.596,108.663,108.535,108.577,0,0.001179343069056066,0.012511952967941805,Low_Volatility,Low Volatility + No Trend
2021-03-22,108.574,108.952,108.533,108.844,0,0.00386057696737395,0.01249151187317184,Low_Volatility,Low Volatility + No Trend
2021-03-23,108.839,108.868,108.401,108.606,0,0.004308078338760701,0.012460696264167114,Low_Volatility,Low Volatility + No Trend
2021-03-24,108.603,108.95,108.445,108.724,0,0.004656738438840054,0.012460696264167114,Low_Volatility,Low Volatility + No Trend
2021-03-25,108.721,109.231,108.707,109.16,0,0.004820296761018158,0.01240810109239568,Low_Volatility,Low Volatility + No Trend
2021-03-26,109.156,109.843,109.125,109.662,0,0.006579610538373457,0.012320316354866197,Low_Volatility,Low Volatility + No Trend
2021-03-29,109.715,109.84,109.368,109.748,0,0.0043157047765343464,0.012320316354866197,Low_Volatility,Low Volatility + No Trend
2021-03-30,109.763,110.419,109.701,110.319,1,0.0065450633996044115,0.012195626491400848,Low_Volatility,Low Volatility + Trend
2021-03-31,110.341,110.96,110.27,110.693,1,0.006257368277863406,0.012126392371625676,Low_Volatility,Low Volatility + Trend
2021-04-01,110.667,110.842,110.541,110.552,1,0.0027229715671108633,0.012114495480584398,Low_Volatility,Low Volatility + Trend
2021-04-02,110.556,110.744,110.367,110.652,1,0.0034158761223916146,0.01209143049866453,Low_Volatility,Low Volatility + Trend
2021-04-05,110.601,110.742,109.958,110.142,1,0.007129995089034049,0.012069926695815789,Low_Volatility,Low Volatility + Trend
2021-04-06,110.157,110.547,109.665,109.709,1,0.008042675420599013,0.011970645054887093,Low_Volatility,Low Volatility + Trend
2021-04-07,109.717,109.936,109.574,109.812,1,0.003303703433296302,0.011834104004473217,Low_Volatility,Low Volatility + Trend
2021-04-08,109.804,109.898,108.995,109.238,1,0.008284783705674495,0.011745887658432074,Low_Volatility,Low Volatility + Trend
2021-04-09,109.259,109.954,109.186,109.638,1,0.0070338688110196034,0.011701652704486467,Low_Volatility,Low Volatility + Trend
2021-04-12,109.658,109.765,109.24,109.342,1,0.00480593189307951,0.011696027825470611,Low_Volatility,Low Volatility + Trend
2021-04-13,109.347,109.748,109.012,109.019,1,0.006751550288041722,0.011678336976916184,Low_Volatility,Low Volatility + Trend
2021-04-14,109.053,109.089,108.746,108.874,1,0.003154139002813929,0.011586876312672124,Low_Volatility,Low Volatility + Trend
2021-04-15,108.907,108.959,108.609,108.717,1,0.0032225690320324147,0.01150244275743835,Low_Volatility,Low Volatility + Trend
2021-04-16,108.714,108.96,108.606,108.769,1,0.003259488426053802,0.01150244275743835,Low_Volatility,Low Volatility + Trend
2021-04-19,108.731,108.831,108.005,108.102,1,0.0076477940836073115,0.011477067611087894,Low_Volatility,Low Volatility + Trend
2021-04-20,108.116,108.542,107.966,108.053,1,0.005335012874423501,0.011448434374409365,Low_Volatility,Low Volatility + Trend
2021-04-21,108.061,108.276,107.87,108.034,1,0.0037637897469175088,0.011422277046004962,Low_Volatility,Low Volatility + Trend
2021-04-22,108.048,108.228,107.807,107.934,0,0.003905126754292321,0.011402109359795843,Low_Volatility,Low Volatility + No Trend
2021-04-23,107.927,108.14,107.472,107.836,0,0.0062155724281673964,0.011339506431522019,Low_Volatility,Low Volatility + No Trend
2021-04-26,107.886,108.191,107.635,108.067,0,0.005165605983183884,0.01127631323357373,Low_Volatility,Low Volatility + No Trend
2021-04-27,108.064,108.771,108.055,108.657,0,0.006626255147841321,0.011206615172293401,Low_Volatility,Low Volatility + No Trend
2021-04-28,108.659,109.072,108.544,108.549,0,0.004864386792452884,0.011138531685307242,Low_Volatility,Low Volatility + No Trend
2021-04-29,108.58,109.217,108.428,108.885,0,0.00727671819087322,0.011138531685307242,Low_Volatility,Low Volatility + No Trend
2021-04-30,108.915,109.362,108.707,109.281,0,0.006025370951272698,0.010884356811885054,Low_Volatility,Low Volatility + No Trend
2021-05-03,109.231,109.692,108.89,109.039,0,0.007365230967030879,0.01059848889147149,Low_Volatility,Low Volatility + No Trend
2021-05-04,109.025,109.483,108.983,109.28,0,0.0045878715028949465,0.010528193835830802,Low_Volatility,Low Volatility + No Trend
2021-05-05,109.283,109.475,109.137,109.176,0,0.003097024840338234,0.01044942733084649,Low_Volatility,Low Volatility + No Trend
2021-05-06,109.126,109.424,108.996,109.041,0,0.0039267496054902155,0.01035751918190371,Low_Volatility,Low Volatility + No Trend
2021-05-07,109.087,109.283,108.333,108.565,0,0.00876925775156234,0.01035751918190371,Low_Volatility,Low Volatility + No Trend
2021-05-10,108.508,109.051,108.463,108.81,0,0.005421203544065793,0.010293572021771915,Low_Volatility,Low Volatility + No Trend
2021-05-11,108.761,108.977,108.344,108.596,0,0.00584250166137497,0.010293572021771915,Low_Volatility,Low Volatility + No Trend
2021-05-12,108.63,109.704,108.532,109.69,0,0.010798658460177617,0.01035751918190371,High_Volatility,High Volatility + No Trend
2021-05-13,109.689,109.78,109.4,109.457,0,0.003473491773308916,0.010293572021771915,Low_Volatility,Low Volatility + No Trend
2021-05-14,109.458,109.65,109.176,109.319,0,0.004341613541437713,0.010265792951739081,Low_Volatility,Low Volatility + No Trend
2021-05-17,109.246,109.497,109.068,109.193,0,0.003933325998459696,0.0102245485252784,Low_Volatility,Low Volatility + No Trend
2021-05-18,109.181,109.279,108.828,108.853,0,0.004144154077994573,0.01013512426863097,Low_Volatility,Low Volatility + No Trend
2021-05-19,108.863,109.331,108.565,109.177,0,0.007055680928476077,0.010074592565903602,Low_Volatility,Low Volatility + No Trend
2021-05-20,109.18,109.302,108.744,108.753,0,0.00513131758993606,0.009879477554847488,Low_Volatility,Low Volatility + No Trend
2021-05-21,108.741,108.999,108.606,108.938,0,0.0036185846085851677,0.009764391145238808,Low_Volatility,Low Volatility + No Trend
2021-05-24,108.866,108.991,108.69,108.692,0,0.002769344005888324,0.009680778561610905,Low_Volatility,Low Volatility + No Trend
2021-05-25,108.702,109.064,108.554,108.735,0,0.004698122593363587,0.009621795773445888,Low_Volatility,Low Volatility + No Trend
2021-05-26,108.75,109.172,108.718,109.113,0,0.004175941426442664,0.009596187867314294,Low_Volatility,Low Volatility + No Trend
2021-05-27,109.087,109.918,109.032,109.788,0,0.008126054736224318,0.009490697858103397,Low_Volatility,Low Volatility + No Trend
2021-05-28,109.762,110.195,109.738,109.851,0,0.004164464451693977,0.009366078896217652,Low_Volatility,Low Volatility + No Trend
2021-05-31,109.761,109.932,109.347,109.568,0,0.0053499410134709505,0.009251167000708192,Low_Volatility,Low Volatility + No Trend
2021-06-01,109.526,109.701,109.326,109.489,0,0.003430108117007848,0.009098740868987614,Low_Volatility,Low Volatility + No Trend
2021-06-02,109.478,109.879,109.356,109.484,0,0.004782545082117217,0.008971420455093842,Low_Volatility,Low Volatility + No Trend
2021-06-03,109.52,110.316,109.506,110.299,0,0.0073968549668511525,0.008887813103368758,Low_Volatility,Low Volatility + No Trend
2021-06-04,110.262,110.324,109.36,109.531,0,0.008814923189465971,0.008861867982878864,Low_Volatility,Low Volatility + No Trend
2021-06-07,109.559,109.631,109.184,109.252,0,0.0040940064478312095,0.008849567603764997,Low_Volatility,Low Volatility + No Trend
2021-06-08,109.25,109.552,109.194,109.451,0,0.0032785684195102667,0.008833546828843204,Low_Volatility,Low Volatility + No Trend
2021-06-09,109.482,109.651,109.22,109.577,0,0.0039461637062808775,0.008817506697466969,Low_Volatility,Low Volatility + No Trend
2021-06-10,109.592,109.791,109.298,109.298,0,0.004510604036670342,0.008792090470514154,Low_Volatility,Low Volatility + No Trend
2021-06-11,109.302,109.836,109.299,109.647,0,0.004913128207943274,0.008762298344849137,Low_Volatility,Low Volatility + No Trend
2021-06-14,109.587,110.093,109.587,110.016,0,0.004617335997882962,0.008742088742610534,Low_Volatility,Low Volatility + No Trend
2021-06-15,110.055,110.162,109.983,110.011,0,0.001627524253748325,0.008652592093562918,Low_Volatility,Low Volatility + No Trend
2021-06-16,110.005,110.716,109.797,110.688,0,0.00836999189413187,0.008652592093562918,Low_Volatility,Low Volatility + No Trend
2021-06-17,110.638,110.819,110.152,110.152,0,0.006055269082722071,0.008556430159051734,Low_Volatility,Low Volatility + No Trend
2021-06-18,110.171,110.479,109.938,110.193,0,0.0049209554476158995,0.00848177825067922,Low_Volatility,Low Volatility + No Trend
2021-06-21,110.171,110.346,109.709,110.28,0,0.005806269312453859,0.008398516858713772,Low_Volatility,Low Volatility + No Trend
2021-06-22,110.262,110.788,110.208,110.655,0,0.005262775842044119,0.008398516858713772,Low_Volatility,Low Volatility + No Trend
2021-06-23,110.589,111.1,110.589,110.912,0,0.0046207127291140685,0.008327780678223616,Low_Volatility,Low Volatility + No Trend
2021-06-24,110.958,111.11,110.682,110.856,0,0.003866934099492214,0.00828517658399493,Low_Volatility,Low Volatility + No Trend
2021-06-25,110.834,110.979,110.476,110.766,0,0.004553025091422572,0.008271236164115025,Low_Volatility,Low Volatility + No Trend
2021-06-28,110.751,110.973,110.491,110.592,0,0.0043623462544460576,0.008252550183647078,Low_Volatility,Low Volatility + No Trend
2021-06-29,110.547,110.754,110.425,110.495,0,0.002979397781299595,0.008224526036402127,Low_Volatility,Low Volatility + No Trend
2021-06-30,110.467,111.116,110.412,111.058,0,0.00637611853784003,0.008163847532144986,Low_Volatility,Low Volatility + No Trend
2021-07-01,111.095,111.633,111.022,111.481,0,0.00550341373781764,0.008084365078411666,Low_Volatility,Low Volatility + No Trend
2021-07-02,111.494,111.653,110.945,111.003,0,0.006381540402902453,0.008084365078411666,Low_Volatility,Low Volatility + No Trend
2021-07-05,110.946,111.185,110.789,110.962,0,0.003574362075657338,0.008008375114757025,Low_Volatility,Low Volatility + No Trend
2021-07-06,110.916,110.964,110.513,110.573,0,0.004080967849936147,0.007952125856430688,Low_Volatility,Low Volatility + No Trend
2021-07-07,110.598,110.809,110.391,110.596,0,0.003786540569430408,0.007929716701285276,Low_Volatility,Low Volatility + No Trend
2021-07-08,110.625,110.669,109.528,109.746,0,0.010417427507121385,0.007929716701285276,High_Volatility,High Volatility + No Trend
2021-07-09,109.707,110.254,109.701,110.094,0,0.005040975013901528,0.007788525291115762,Low_Volatility,Low Volatility + No Trend
2021-07-12,110.109,110.396,109.972,110.337,0,0.0038555268613829578,0.007617432264175301,Low_Volatility,Low Volatility + No Trend
2021-07-13,110.347,110.642,110.193,110.586,0,0.004074668989863223,0.007575474157894233,Low_Volatility,Low Volatility + No Trend
2021-07-14,110.616,110.694,109.924,109.924,0,0.007004839707434191,0.007510268355090715,Low_Volatility,Low Volatility + No Trend
2021-07-15,109.931,110.085,109.709,109.831,0,0.0034272484481673387,0.007426756902993704,Low_Volatility,Low Volatility + No Trend
2021-07-16,109.791,110.336,109.73,110.053,0,0.0055226464959445415,0.007381042966941016,Low_Volatility,Low Volatility + No Trend
2021-07-19,109.991,110.094,109.06,109.442,0,0.009481019622226222,0.007381042966941016,High_Volatility,High Volatility + No Trend
2021-07-20,109.394,109.951,109.325,109.823,0,0.005726046192545077,0.007352752910304074,Low_Volatility,Low Volatility + No Trend
2021-07-21,109.816,110.381,109.795,110.264,0,0.005337219363358974,0.0073226802877712,Low_Volatility,Low Volatility + No Trend
2021-07-22,110.27,110.353,110.008,110.12,0,0.0031361355537778968,0.007290901956419175,Low_Volatility,Low Volatility + No Trend
2021-07-23,110.146,110.588,110.081,110.496,0,0.004605699439503555,0.007269261287679496,Low_Volatility,Low Volatility + No Trend
2021-07-26,110.409,110.578,110.111,110.354,0,0.0042411748145053515,0.00719589973675991,Low_Volatility,Low Volatility + No Trend
2021-07-27,110.356,110.39,109.577,109.714,0,0.007419440210993205,0.00719589973675991,High_Volatility,High Volatility + No Trend
2021-07-28,109.717,110.28,109.706,109.875,0,0.005232165970867573,0.007092838008755063,Low_Volatility,Low Volatility + No Trend
2021-07-29,109.91,109.943,109.415,109.441,0,0.004825663757254413,0.00704477486974784,Low_Volatility,Low Volatility + No Trend
2021-07-30,109.439,109.823,109.357,109.613,0,0.004261272712309171,0.007019354259226897,Low_Volatility,Low Volatility + No Trend
2021-08-02,109.666,109.766,109.181,109.285,0,0.005358075122961028,0.006977661182228461,Low_Volatility,Low Volatility + No Trend
2021-08-03,109.292,109.335,108.871,108.999,0,0.004261924663133421,0.006851016472532227,Low_Volatility,Low Volatility + No Trend
2021-08-04,109.028,109.671,108.717,109.461,0,0.008775076574960749,0.006851016472532227,High_Volatility,High Volatility + No Trend
2021-08-05,109.473,109.782,109.398,109.722,0,0.0035101190149728545,0.006688902717941521,Low_Volatility,Low Volatility + No Trend
2021-08-06,109.757,110.349,109.693,110.205,0,0.0059803269123827945,0.006602932843107389,Low_Volatility,Low Volatility + No Trend
2021-08-09,110.286,110.349,110.02,110.254,0,0.002990365388111323,0.0065623369689889344,Low_Volatility,Low Volatility + No Trend
2021-08-10,110.293,110.594,110.269,110.539,0,0.0029473378737450108,0.006529661164706175,Low_Volatility,Low Volatility + No Trend
2021-08-11,110.549,110.796,110.304,110.37,0,0.004460400348128848,0.006447899666355195,Low_Volatility,Low Volatility + No Trend
2021-08-12,110.39,110.541,110.311,110.38,0,0.002085014187161659,0.006378829470371242,Low_Volatility,Low Volatility + No Trend
2021-08-13,110.372,110.453,109.539,109.567,0,0.00834406010644612,0.006378829470371242,High_Volatility,High Volatility + No Trend
2021-08-16,109.616,109.746,109.108,109.253,0,0.0058474172379659696,0.006316743407851718,Low_Volatility,Low Volatility + No Trend
2021-08-17,109.252,109.65,109.112,109.572,0,0.004930713395410321,0.006236470353015401,Low_Volatility,Low Volatility + No Trend
2021-08-18,109.522,110.057,109.473,109.723,0,0.005334648726169952,0.006210431288059192,Low_Volatility,Low Volatility + No Trend
2021-08-19,109.763,110.223,109.476,109.75,0,0.006823413350871423,0.006210431288059192,High_Volatility,High Volatility + No Trend
2021-08-20,109.709,109.88,109.565,109.756,0,0.002875005704376377,0.0062015228276355245,Low_Volatility,Low Volatility + No Trend
2021-08-23,109.706,110.142,109.633,109.671,0,0.004642762671823268,0.006186719951097591,Low_Volatility,Low Volatility + No Trend
2021-08-24,109.65,109.876,109.407,109.678,0,0.004286745820651405,0.006153697740118088,Low_Volatility,Low Volatility + No Trend
2021-08-25,109.607,110.121,109.604,109.96,0,0.004716981132075434,0.006093490084041564,Low_Volatility,Low Volatility + No Trend
2021-08-26,109.968,110.224,109.921,110.056,0,0.002756525140782901,0.0060403200169973845,Low_Volatility,Low Volatility + No Trend
2021-08-27,109.976,110.263,109.775,109.791,0,0.0044454566158050515,0.006002848931827747,Low_Volatility,Low Volatility + No Trend
2021-08-30,109.846,109.957,109.698,109.877,0,0.002361027548360046,0.0059540274853086585,Low_Volatility,Low Volatility + No Trend
2021-08-31,109.903,110.075,109.58,109.977,0,0.0045172476729330585,0.0059239558208888056,Low_Volatility,Low Volatility + No Trend
2021-09-01,109.99,110.415,109.871,110.012,0,0.004951261024292226,0.005910231509609709,Low_Volatility,Low Volatility + No Trend
2021-09-02,109.975,110.116,109.91,109.914,0,0.0018742607588026847,0.00587384833682115,Low_Volatility,Low Volatility + No Trend
2021-09-03,109.898,110.069,109.585,109.673,0,0.004416662864443207,0.0058449594496704695,Low_Volatility,Low Volatility + No Trend
2021-09-06,109.69,109.942,109.65,109.814,0,0.002663018695850318,0.005824385486914415,Low_Volatility,Low Volatility + No Trend
2021-09-07,109.804,110.316,109.675,110.262,0,0.005844540688397587,0.005824385486914415,High_Volatility,High Volatility + No Trend
2021-09-08,110.264,110.441,110.137,110.241,0,0.0027601986616668517,0.005766157752499468,Low_Volatility,Low Volatility + No Trend
2021-09-09,110.221,110.27,109.616,109.668,0,0.0059662822945555066,0.005766157752499468,High_Volatility,High Volatility + No Trend
2021-09-10,109.683,109.986,109.683,109.9,0,0.002762506495992973,0.005723646877948968,Low_Volatility,Low Volatility + No Trend
2021-09-13,109.823,110.155,109.793,109.953,0,0.0032971136593407118,0.005666187276008136,Low_Volatility,Low Volatility + No Trend
2021-09-14,109.952,110.157,109.522,109.661,0,0.005797921878709217,0.005666187276008136,High_Volatility,High Volatility + No Trend
2021-09-15,109.626,109.738,109.109,109.341,1,0.005764877324510397,0.005666187276008136,High_Volatility,High Volatility + Trend
2021-09-16,109.365,109.824,109.207,109.676,1,0.005649820982171513,0.005630473985417463,High_Volatility,High Volatility + Trend
2021-09-17,109.681,110.076,109.662,109.955,1,0.0037752366362093274,0.005566886742303978,Low_Volatility,Low Volatility + Trend
2021-09-20,109.871,110.033,109.317,109.37,1,0.0065497589578931755,0.005566886742303978,High_Volatility,High Volatility + Trend
2021-09-21,109.354,109.701,109.177,109.177,1,0.004799545691858053,0.00551303011688109,Low_Volatility,Low Volatility + Trend
2021-09-22,109.188,109.895,109.114,109.739,1,0.007157651630404821,0.00551303011688109,High_Volatility,High Volatility + Trend
2021-09-23,109.732,110.346,109.715,110.294,1,0.005751264640204167,0.00551303011688109,High_Volatility,High Volatility + Trend
2021-09-24,110.279,110.789,110.25,110.709,1,0.004888888888888903,0.005473283871583183,Low_Volatility,Low Volatility + Trend
2021-09-27,110.607,111.061,110.53,110.97,1,0.004804125576766542,0.0054321787747072595,Low_Volatility,Low Volatility + Trend
2021-09-28,110.975,111.635,110.927,111.502,1,0.0063825759283132,0.0054321787747072595,High_Volatility,High Volatility + Trend
2021-09-29,111.445,112.044,111.2,111.907,1,0.007589928057553904,0.0054321787747072595,High_Volatility,High Volatility + Trend
2021-09-30,111.935,112.072,111.22,111.227,1,0.007660492717137241,0.0054321787747072595,High_Volatility,High Volatility + Trend
2021-10-01,111.225,111.482,110.899,111.046,1,0.005257035681115235,0.005392098979768176,Low_Volatility,Low Volatility + Trend
2021-10-04,110.872,111.295,110.815,110.865,1,0.004331543563597022,0.005360534769215794,Low_Volatility,Low Volatility + Trend
2021-10-05,110.874,111.556,110.864,111.426,1,0.00624188194544661,0.005360534769215794,High_Volatility,High Volatility + Trend
2021-10-06,111.443,111.783,111.194,111.382,1,0.005297048401892176,0.005355170319736492,Low_Volatility,Low Volatility + Trend
2021-10-07,111.383,111.647,111.224,111.595,1,0.003803136013809985,0.0053511032649914535,Low_Volatility,Low Volatility + Trend
2021-10-08,111.595,112.251,111.504,112.213,1,0.006699311235471372,0.0053511032649914535,High_Volatility,High Volatility + Trend
2021-10-11,112.121,113.405,112.12,113.274,1,0.011460934712807675,0.0053511032649914535,High_Volatility,High Volatility + Trend
2021-10-12,113.262,113.782,112.997,113.599,1,0.006947087090807691,0.0053511032649914535,High_Volatility,High Volatility + Trend
2021-10-13,113.573,113.799,113.211,113.211,1,0.005193841587831642,0.005343580188414962,Low_Volatility,Low Volatility + Trend
2021-10-14,113.225,113.712,113.207,113.64,1,0.004460854894132074,0.005336116118891237,Low_Volatility,Low Volatility + Trend
2021-10-15,113.659,114.458,113.624,114.21,1,0.007339998591846821,0.005336116118891237,High_Volatility,High Volatility + Trend
2021-10-18,114.21,114.447,114.01,114.312,1,0.003832997105517039,0.005334830800296727,Low_Volatility,Low Volatility + Trend
2021-10-19,114.298,114.393,113.873,114.327,1,0.004566490739683648,0.005315848564031065,Low_Volatility,Low Volatility + Trend
2021-10-20,114.312,114.694,114.075,114.313,1,0.005426254657023886,0.005315848564031065,High_Volatility,High Volatility + Trend
2021-10-21,114.215,114.41,113.645,113.966,1,0.0067314884068810825,0.005315848564031065,High_Volatility,High Volatility + Trend
2021-10-22,113.965,114.201,113.408,113.447,1,0.0069924520316026395,0.005315848564031065,High_Volatility,High Volatility + Trend
2021-10-25,113.52,113.918,113.42,113.665,1,0.004390760007053471,0.005279912121968148,Low_Volatility,Low Volatility + Trend
2021-10-26,113.699,114.306,113.677,114.104,0,0.005533221320055866,0.005279912121968148,High_Volatility,High Volatility + No Trend
2021-10-27,114.105,114.214,113.381,113.79,0,0.007346909976098274,0.005279912121968148,High_Volatility,High Volatility + No Trend
2021-10-28,113.799,113.863,113.25,113.536,0,0.005412803532008826,0.005279912121968148,High_Volatility,High Volatility + No Trend
2021-10-29,113.555,114.091,113.388,114.0,0,0.006199950612057614,0.005279912121968148,High_Volatility,High Volatility + No Trend
2021-10-31,114.022,114.122,114.022,114.102,0,0.0008770237322621451,0.0052599057615796765,Low_Volatility,Low Volatility + No Trend
2021-11-01,114.093,114.439,113.934,113.996,0,0.004432390682324815,0.005244600825991404,Low_Volatility,Low Volatility + No Trend
2021-11-02,113.987,114.128,113.455,113.937,0,0.0059318672601472115,0.005244600825991404,High_Volatility,High Volatility + No Trend
2021-11-03,113.933,114.207,113.711,113.953,0,0.004361935081038731,0.005220751167076879,Low_Volatility,Low Volatility + No Trend
2021-11-04,113.95,114.272,113.504,113.749,0,0.006766281364533415,0.005220751167076879,High_Volatility,High Volatility + No Trend
2021-11-05,113.745,114.02,113.294,113.369,0,0.006408106342789549,0.005220751167076879,High_Volatility,High Volatility + No Trend
2021-11-08,113.306,113.662,113.073,113.181,0,0.00520902425866487,0.005209180310975527,Low_Volatility,Low Volatility + No Trend
2021-11-09,113.216,113.286,112.72,112.844,0,0.005021291696238489,0.005201432923248256,Low_Volatility,Low Volatility + No Trend
2021-11-10,112.83,114.009,112.769,113.872,0,0.01099592973246189,0.005201432923248256,High_Volatility,High Volatility + No Trend
2021-11-11,113.905,114.151,113.8,114.018,0,0.0030843585237258267,0.005179723785507764,Low_Volatility,Low Volatility + No Trend
2021-11-12,114.05,114.296,113.755,113.887,0,0.004755834908355774,0.005148461786559972,Low_Volatility,Low Volatility + No Trend
2021-11-15,113.881,114.211,113.746,114.084,0,0.004088055843722007,0.0050861463019187935,Low_Volatility,Low Volatility + No Trend
2021-11-16,114.095,114.845,114.089,114.789,0,0.006626405700812525,0.0050861463019187935,High_Volatility,High Volatility + No Trend
2021-11-17,114.769,114.963,113.926,114.091,0,0.00910239980338107,0.0050861463019187935,High_Volatility,High Volatility + No Trend
2021-11-18,114.047,114.484,113.871,114.216,0,0.005383284593970366,0.0050861463019187935,High_Volatility,High Volatility + No Trend
2021-11-19,114.252,114.534,113.58,113.993,0,0.008399366085578515,0.0050861463019187935,High_Volatility,High Volatility + No Trend
2021-11-22,113.897,114.957,113.886,114.84,0,0.009404140983088333,0.0050861463019187935,High_Volatility,High Volatility + No Trend
2021-11-23,114.869,115.188,114.476,115.093,0,0.006219644292253427,0.0050861463019187935,High_Volatility,High Volatility + No Trend
2021-11-24,115.109,115.511,114.818,115.388,0,0.006035639011304829,0.0050861463019187935,High_Volatility,High Volatility + No Trend
2021-11-25,115.397,115.453,115.234,115.333,0,0.001900480760886616,0.005031133355070008,Low_Volatility,Low Volatility + No Trend
2021-11-26,115.301,115.366,113.045,113.322,0,0.02053164668937147,0.005031133355070008,High_Volatility,High Volatility + No Trend
2021-11-29,113.649,113.951,112.986,113.49,0,0.00854088117111845,0.005031133355070008,High_Volatility,High Volatility + No Trend
2021-11-30,113.516,113.888,112.525,113.128,0,0.012112863808042653,0.005031133355070008,High_Volatility,High Volatility + No Trend
2021-12-01,113.143,113.622,112.666,112.731,0,0.008485257309214875,0.005031133355070008,High_Volatility,High Volatility + No Trend
2021-12-02,112.69,113.326,112.681,113.146,0,0.005724123854065868,0.005031133355070008,High_Volatility,High Volatility + No Trend
2021-12-03,112.998,113.608,112.551,112.741,0,0.009391298167053178,0.005031133355070008,High_Volatility,High Volatility + No Trend
2021-12-06,112.81,113.548,112.809,113.429,0,0.00655089576186301,0.005031133355070008,High_Volatility,High Volatility + No Trend
2021-12-07,113.451,113.776,113.396,113.522,0,0.0033510882218067257,0.00501333922289403,Low_Volatility,Low Volatility + No Trend
2021-12-08,113.53,113.949,113.307,113.668,0,0.005666022399322159,0.00501333922289403,High_Volatility,High Volatility + No Trend
2021-12-09,113.586,113.805,113.268,113.442,0,0.004740968322915617,0.004978323886920898,Low_Volatility,Low Volatility + No Trend
2021-12-10,113.412,113.787,113.219,113.366,0,0.0050168257977902305,0.004978323886920898,High_Volatility,High Volatility + No Trend
2021-12-13,113.233,113.722,113.216,113.552,0,0.0044693329564725855,0.004948382685314831,Low_Volatility,Low Volatility + No Trend
2021-12-14,113.485,113.753,113.422,113.728,0,0.002918305090723167,0.004938108870873878,Low_Volatility,Low Volatility + No Trend
2021-12-15,113.656,114.266,113.624,114.002,0,0.005650214743364168,0.004938108870873878,High_Volatility,High Volatility + No Trend
2021-12-16,113.985,114.243,113.555,113.645,0,0.006058738056448312,0.004938108870873878,High_Volatility,High Volatility + No Trend
2021-12-17,113.645,113.853,113.134,113.673,0,0.006355295490303481,0.004938108870873878,High_Volatility,High Volatility + No Trend
2021-12-20,113.771,113.794,113.321,113.617,0,0.004173983639396043,0.00492583442151311,Low_Volatility,Low Volatility + No Trend
2021-12-21,113.539,114.216,113.532,114.045,0,0.006024733114892696,0.00492583442151311,High_Volatility,High Volatility + No Trend
2021-12-22,114.071,114.365,113.944,114.089,0,0.0036947974443585644,0.004917041827779587,Low_Volatility,Low Volatility + No Trend
2021-12-23,114.065,114.462,114.05,114.348,0,0.0036124506795265775,0.004917041827779587,Low_Volatility,Low Volatility + No Trend
2021-12-24,114.36,114.508,114.294,114.334,0,0.0018723642535916026,0.004910471081153082,Low_Volatility,Low Volatility + No Trend
2021-12-27,114.326,114.909,114.304,114.817,0,0.005292903135498355,0.004910471081153082,High_Volatility,High Volatility + No Trend
2021-12-28,114.826,114.945,114.701,114.782,0,0.002127270032519331,0.004910471081153082,Low_Volatility,Low Volatility + No Trend
2021-12-29,114.788,115.034,114.662,114.928,0,0.0032443180827126674,0.004898351421625896,Low_Volatility,Low Volatility + No Trend
2021-12-30,114.914,115.203,114.9,115.004,0,0.0026370757180156417,0.004898351421625896,Low_Volatility,Low Volatility + No Trend
2021-12-31,115.024,115.194,114.998,115.06,0,0.0017043774674341983,0.004898351421625896,Low_Volatility,Low Volatility + No Trend
2022-01-03,115.036,115.363,114.94,115.293,0,0.0036801809639812233,0.004898351421625896,Low_Volatility,Low Volatility + No Trend
2022-01-04,115.296,116.346,115.272,116.095,0,0.009317093483239624,0.004910471081153082,High_Volatility,High Volatility + No Trend
2022-01-05,116.045,116.238,115.616,116.088,0,0.005379878217547743,0.004917041827779587,High_Volatility,High Volatility + No Trend
2022-01-06,116.053,116.181,115.616,115.797,0,0.0048868668696374,0.004917041827779587,Low_Volatility,Low Volatility + No Trend
2022-01-07,115.795,116.043,115.5,115.574,0,0.0047012987012987565,0.004917041827779587,Low_Volatility,Low Volatility + No Trend
2022-01-10,115.588,115.847,115.036,115.165,0,0.007049966966862485,0.00492583442151311,High_Volatility,High Volatility + No Trend
2022-01-11,115.148,115.677,115.119,115.254,0,0.00484715815807996,0.004917041827779587,Low_Volatility,Low Volatility + No Trend
2022-01-12,115.289,115.467,114.375,114.604,0,0.009547540983606547,0.00492583442151311,High_Volatility,High Volatility + No Trend
2022-01-13,114.621,114.698,113.995,114.148,0,0.00616693714636597,0.00492583442151311,High_Volatility,High Volatility + No Trend
2022-01-14,114.145,114.257,113.477,114.169,0,0.006873639592164061,0.004938108870873878,High_Volatility,High Volatility + No Trend
2022-01-17,114.117,114.646,114.105,114.587,0,0.004741247096972059,0.004938108870873878,Low_Volatility,Low Volatility + No Trend
2022-01-18,114.601,115.054,114.441,114.571,0,0.005356471893814276,0.004948382685314831,High_Volatility,High Volatility + No Trend
2022-01-19,114.571,114.784,114.201,114.31,0,0.0051050341065315774,0.004948382685314831,High_Volatility,High Volatility + No Trend
2022-01-20,114.318,114.543,113.958,114.047,0,0.00513347022587276,0.004978323886920898,High_Volatility,High Volatility + No Trend
2022-01-21,114.078,114.148,113.598,113.647,0,0.0048416345358192675,0.004978323886920898,Low_Volatility,Low Volatility + No Trend
2022-01-24,113.616,113.994,113.465,113.934,0,0.004662230643810834,0.0049409872098512735,Low_Volatility,Low Volatility + No Trend
2022-01-25,113.905,114.152,113.664,113.832,0,0.004293355855855852,0.0049409872098512735,Low_Volatility,Low Volatility + No Trend
2022-01-26,113.841,114.689,113.773,114.642,0,0.008051119334112636,0.004978323886920898,High_Volatility,High Volatility + No Trend
2022-01-27,114.649,115.485,114.469,115.341,0,0.008875765491093706,0.0050111062736699005,High_Volatility,High Volatility + No Trend
2022-01-28,115.348,115.681,115.117,115.202,0,0.004899363256512877,0.0049840434110412285,Low_Volatility,Low Volatility + No Trend
2022-01-31,115.245,115.587,114.919,115.112,0,0.0058127898780881,0.0049840434110412285,High_Volatility,High Volatility + No Trend
2022-02-01,115.111,115.189,114.56,114.665,0,0.005490572625698242,0.00501905874701436,High_Volatility,High Volatility + No Trend
2022-02-02,114.662,114.797,114.144,114.432,0,0.005720843846369424,0.005031133355070008,High_Volatility,High Volatility + No Trend
2022-02-03,114.411,114.983,114.322,114.966,0,0.005781914242228105,0.005073004560216553,High_Volatility,High Volatility + No Trend
2022-02-04,114.968,115.426,114.77,115.168,0,0.005715779384856722,0.005073004560216553,High_Volatility,High Volatility + No Trend
2022-02-07,115.225,115.374,114.91,115.073,0,0.0040379427377947846,0.005073004560216553,Low_Volatility,Low Volatility + No Trend
2022-02-08,115.078,115.625,115.045,115.524,0,0.005041505497848653,0.005041240255875091,High_Volatility,High Volatility + No Trend
2022-02-09,115.54,115.669,115.317,115.527,0,0.0030524554055343434,0.005031133355070008,Low_Volatility,Low Volatility + No Trend
2022-02-10,115.524,116.336,115.478,115.983,0,0.007429986664126536,0.005031133355070008,High_Volatility,High Volatility + No Trend
2022-02-11,115.976,116.169,115.006,115.343,0,0.010112515868737255,0.005041240255875091,High_Volatility,High Volatility + No Trend
2022-02-14,115.27,115.744,115.004,115.513,0,0.006434558797954809,0.005073269802190115,High_Volatility,High Volatility + No Trend
2022-02-15,115.523,115.878,115.253,115.575,0,0.005422852333561816,0.005118175848233819,High_Volatility,High Volatility + No Trend
2022-02-16,115.579,115.785,115.352,115.445,0,0.0037537277203688944,0.005073269802190115,Low_Volatility,Low Volatility + No Trend
2022-02-17,115.443,115.534,114.842,114.894,0,0.006025670051026691,0.005073269802190115,High_Volatility,High Volatility + No Trend
2022-02-18,114.912,115.294,114.782,115.0,0,0.004460629715460617,0.005041240255875091,Low_Volatility,Low Volatility + No Trend
2022-02-21,114.965,115.12,114.71,114.711,0,0.0035742306686427586,0.005031133355070008,Low_Volatility,Low Volatility + No Trend
2022-02-22,114.721,115.237,114.493,115.056,0,0.006498213864603074,0.005031133355070008,High_Volatility,High Volatility + No Trend
2022-02-23,115.063,115.197,114.919,114.989,0,0.002419095188785195,0.005031133355070008,Low_Volatility,Low Volatility + No Trend
2022-02-25,115.522,115.758,115.142,115.497,0,0.005349915756196693,0.005031133355070008,High_Volatility,High Volatility + No Trend
2022-02-28,115.127,115.735,114.856,114.943,0,0.007653061224489839,0.005041240255875091,High_Volatility,High Volatility + No Trend
2022-03-01,114.967,115.286,114.695,114.888,0,0.005152796547364821,0.005073269802190115,High_Volatility,High Volatility + No Trend
2022-03-02,114.887,115.683,114.784,115.498,0,0.007832102035126855,0.005118175848233819,High_Volatility,High Volatility + No Trend
2022-03-03,115.519,115.803,115.381,115.437,0,0.0036574479333685533,0.005073269802190115,Low_Volatility,Low Volatility + No Trend
2022-03-04,115.453,115.555,114.645,114.828,0,0.007937546338697813,0.005073269802190115,High_Volatility,High Volatility + No Trend
2022-03-07,114.882,115.468,114.805,115.292,0,0.005775009799224743,0.005118175848233819,High_Volatility,High Volatility + No Trend
2022-03-08,115.281,115.787,115.232,115.643,0,0.0048163704526521,0.005118175848233819,Low_Volatility,Low Volatility + No Trend
2022-03-09,115.65,115.939,115.55,115.841,0,0.003366508005192521,0.005118175848233819,Low_Volatility,Low Volatility + No Trend
2022-03-10,115.837,116.193,115.79,116.112,0,0.0034804387252784486,0.005118175848233819,Low_Volatility,Low Volatility + No Trend
2022-03-11,116.111,117.353,116.085,117.285,1,0.010923030537967875,0.00513239390790441,High_Volatility,High Volatility + Trend
2022-03-13,117.338,117.351,117.316,117.331,1,0.00029833952743015945,0.00513239390790441,Low_Volatility,Low Volatility + Trend
2022-03-14,117.318,118.214,117.311,118.169,1,0.00769748787411233,0.00513239390790441,High_Volatility,High Volatility + Trend
2022-03-15,118.178,118.444,117.693,118.286,1,0.006381008216291579,0.00514313338661879,High_Volatility,High Volatility + Trend
2022-03-16,118.298,119.114,118.171,118.749,1,0.007979961242606035,0.00514313338661879,High_Volatility,High Volatility + Trend
2022-03-17,118.747,119.018,118.364,118.59,1,0.005525328647223787,0.00514313338661879,High_Volatility,High Volatility + Trend
2022-03-18,118.599,119.395,118.467,119.133,1,0.007833405083272111,0.005159201265274353,High_Volatility,High Volatility + Trend
2022-03-20,119.132,119.132,119.075,119.106,1,0.0004786899013227139,0.005159201265274353,Low_Volatility,Low Volatility + Trend
2022-03-21,119.107,119.496,119.059,119.446,1,0.003670449105065536,0.00514313338661879,Low_Volatility,Low Volatility + Trend
2022-03-22,119.465,121.03,119.432,120.811,1,0.013379998660325533,0.00514313338661879,High_Volatility,High Volatility + Trend
2022-03-23,120.81,121.407,120.586,121.113,1,0.006808418887764732,0.005159201265274353,High_Volatility,High Volatility + Trend
2022-03-24,121.118,122.403,120.947,122.339,1,0.012038330839127908,0.005159201265274353,High_Volatility,High Volatility + Trend
2022-03-25,122.325,122.428,121.176,122.059,1,0.010332078959529901,0.005159201265274353,High_Volatility,High Volatility + Trend
2022-03-28,122.016,125.1,121.992,123.884,1,0.025477080464292656,0.005179723785507764,High_Volatility,High Volatility + Trend
2022-03-29,123.812,124.301,121.972,122.86,1,0.019094546289312366,0.005179723785507764,High_Volatility,High Volatility + Trend
2022-03-30,122.867,123.198,121.306,121.805,1,0.01559692018531644,0.005201432923248256,High_Volatility,High Volatility + Trend
2022-03-31,121.783,122.452,121.277,121.674,1,0.00968856419601406,0.005220595114766222,High_Volatility,High Volatility + Trend
2022-04-01,121.665,123.032,121.632,122.501,1,0.01151012891344376,0.005244600825991404,High_Volatility,High Volatility + Trend
2022-04-04,122.596,122.953,122.263,122.751,1,0.005643571644733057,0.005244600825991404,High_Volatility,High Volatility + Trend
2022-04-05,122.762,123.665,122.369,123.579,1,0.010590917634368235,0.005244600825991404,High_Volatility,High Volatility + Trend
2022-04-06,123.562,124.048,123.44,123.774,1,0.004925469863901524,0.005244600825991404,Low_Volatility,Low Volatility + Trend
2022-04-07,123.749,123.998,123.466,123.954,1,0.004308878557659685,0.005244600825991404,Low_Volatility,Low Volatility + Trend
2022-04-08,123.954,124.674,123.663,124.275,1,0.008175444554959931,0.005244600825991404,High_Volatility,High Volatility + Trend
2022-04-11,123.996,125.765,123.991,125.366,1,0.01430749005976241,0.0052599057615796765,High_Volatility,High Volatility + Trend
2022-04-12,125.372,125.754,124.759,125.372,1,0.007975376525942053,0.0052599057615796765,High_Volatility,High Volatility + Trend
2022-04-13,125.37,126.312,125.307,125.649,0,0.00802030213794916,0.0052778394887712365,High_Volatility,High Volatility + No Trend
2022-04-14,125.604,126.013,125.081,125.859,0,0.007451171640776794,0.0052778394887712365,High_Volatility,High Volatility + No Trend
2022-04-15,125.87,126.667,125.837,126.38,0,0.00659583429357024,0.0052778394887712365,High_Volatility,High Volatility + No Trend
2022-04-18,126.381,126.997,126.234,126.98,0,0.00604433037058166,0.0052778394887712365,High_Volatility,High Volatility + No Trend
2022-04-19,126.989,128.973,126.959,128.874,0,0.01586338896809214,0.005294975768695266,High_Volatility,High Volatility + No Trend
2022-04-20,128.874,129.404,127.457,127.847,0,0.015275740053508265,0.005315848564031065,High_Volatility,High Volatility + No Trend
2022-04-21,127.83,128.7,127.802,128.353,0,0.007026494108073284,0.0053359340447644635,High_Volatility,High Volatility + No Trend
2022-04-22,128.358,129.105,127.734,128.496,0,0.010733242519611028,0.0053359340447644635,High_Volatility,High Volatility + No Trend
2022-04-25,128.571,128.861,127.518,128.101,0,0.010531846484417802,0.0053359340447644635,High_Volatility,High Volatility + No Trend
2022-04-26,128.124,128.215,127.021,127.217,0,0.009400020469056318,0.0053359340447644635,High_Volatility,High Volatility + No Trend
2022-04-27,127.215,128.589,126.939,128.411,0,0.01299836929548843,0.0053359340447644635,High_Volatility,High Volatility + No Trend
2022-04-28,128.414,131.249,128.33,130.812,0,0.022746045351827185,0.005343567559777834,High_Volatility,High Volatility + No Trend
2022-04-29,130.812,130.944,129.312,129.785,0,0.012620638455827584,0.005349928384833821,High_Volatility,High Volatility + No Trend
2022-05-02,129.709,130.474,129.61,130.147,0,0.006666152303062849,0.005353206453642613,High_Volatility,High Volatility + No Trend
2022-05-03,130.145,130.284,129.694,130.125,0,0.004549169583789562,0.005353206453642613,Low_Volatility,Low Volatility + No Trend
2022-05-04,130.114,130.381,128.623,129.08,0,0.01366785100642972,0.005353206453642613,High_Volatility,High Volatility + No Trend
2022-05-05,129.07,130.555,128.75,130.158,0,0.014019417475728208,0.005357273508387652,High_Volatility,High Volatility + No Trend
2022-05-06,130.147,130.803,130.087,130.536,0,0.005504008855612077,0.005368976670254386,High_Volatility,High Volatility + No Trend
2022-05-09,130.458,131.344,130.11,130.301,0,0.009484282530166631,0.005381581405759055,High_Volatility,High Volatility + No Trend
2022-05-10,130.288,130.572,129.795,130.425,0,0.005986363111059866,0.005398044062989596,High_Volatility,High Volatility + No Trend
2022-05-11,130.43,130.812,129.444,129.968,0,0.010568276629276162,0.005417827932785321,High_Volatility,High Volatility + No Trend
2022-05-12,129.899,130.052,127.514,128.305,0,0.01990369684897342,0.005417827932785321,High_Volatility,High Volatility + No Trend
2022-05-13,128.282,129.45,128.252,129.223,0,0.009340984935907268,0.0054245534952928505,High_Volatility,High Volatility + No Trend
2022-05-16,129.19,129.628,128.696,129.095,0,0.007241872319263909,0.005458413641361064,High_Volatility,High Volatility + No Trend
2022-05-17,129.098,129.779,128.829,129.336,0,0.0073741160763491805,0.005496993181757941,High_Volatility,High Volatility + No Trend
2022-05-18,129.352,129.528,128.007,128.217,0,0.011882162694227554,0.005503711296714859,High_Volatility,High Volatility + No Trend
2022-05-19,128.209,128.94,127.021,127.793,1,0.015107738090551931,0.005503711296714859,High_Volatility,High Volatility + Trend
2022-05-20,127.807,128.293,127.526,127.868,1,0.006014459796433748,0.005503711296714859,High_Volatility,High Volatility + Trend
2022-05-23,127.899,128.057,127.15,127.878,1,0.007133307117577524,0.005513327675778309,High_Volatility,High Volatility + Trend
2022-05-24,127.879,128.079,126.355,126.828,1,0.013644097977919383,0.005523987571584165,High_Volatility,High Volatility + Trend
2022-05-25,126.837,127.492,126.654,127.251,1,0.006616451118796154,0.0055292749836398265,High_Volatility,High Volatility + Trend
2022-05-26,127.237,127.579,126.549,127.055,1,0.008139139779848018,0.005588396482394462,High_Volatility,High Volatility + Trend
2022-05-27,127.062,127.251,126.672,127.088,1,0.004570860174308512,0.005588396482394462,Low_Volatility,Low Volatility + Trend
2022-05-30,127.011,127.822,126.859,127.597,1,0.0075911050851733665,0.005646696313452285,High_Volatility,High Volatility + Trend
2022-05-31,127.558,128.887,127.486,128.671,1,0.010989441977942646,0.00565001786276784,High_Volatility,High Volatility + Trend
2022-06-01,128.667,130.184,128.634,130.136,1,0.012049691372421067,0.00565001786276784,High_Volatility,High Volatility + Trend
2022-06-02,130.141,130.234,129.508,129.843,1,0.0056058312999969035,0.005646696313452285,Low_Volatility,Low Volatility + Trend
2022-06-03,129.859,130.976,129.683,130.805,1,0.009970466445100796,0.00565001786276784,High_Volatility,High Volatility + Trend
2022-06-06,130.9,132.007,130.429,131.89,1,0.01209853636844569,0.00565001786276784,High_Volatility,High Volatility + Trend
2022-06-07,131.88,132.999,131.851,132.632,1,0.008706797824817378,0.005658118571343164,High_Volatility,High Volatility + Trend
2022-06-08,132.599,134.473,132.541,134.245,1,0.014576621573701846,0.005690900892089441,High_Volatility,High Volatility + Trend
2022-06-09,134.231,134.554,133.182,134.372,1,0.010301692420897826,0.005718311615613073,High_Volatility,High Volatility + Trend
2022-06-10,134.343,134.479,133.361,134.379,1,0.008383260473451936,0.005722483850217646,High_Volatility,High Volatility + Trend
2022-06-13,134.333,135.185,133.589,134.418,1,0.011947091452140547,0.0057250850233054726,High_Volatility,High Volatility + Trend
2022-06-14,134.409,135.454,133.865,135.437,1,0.011870167706271232,0.005738655416374623,High_Volatility,High Volatility + Trend
2022-06-15,135.448,135.568,133.502,133.796,1,0.01547542358915973,0.005738655416374623,High_Volatility,High Volatility + Trend
2022-06-16,133.804,134.674,131.49,132.2,1,0.02421476918396834,0.005758070982357282,High_Volatility,High Volatility + Trend
2022-06-17,132.199,135.422,132.13,134.927,1,0.024914856580640292,0.005758070982357282,High_Volatility,High Volatility + Trend
2022-06-20,134.928,135.438,134.53,135.079,1,0.006749423920315075,0.005769943561867569,High_Volatility,High Volatility + Trend
2022-06-21,135.04,136.706,134.919,136.666,1,0.013244984027453343,0.005778462020726424,High_Volatility,High Volatility + Trend
2022-06-22,136.64,136.712,135.682,136.215,1,0.007591279609675574,0.005789918060468661,High_Volatility,High Volatility + Trend
2022-06-23,136.212,136.212,134.254,134.965,1,0.014584295439986879,0.005789918060468661,High_Volatility,High Volatility + Trend
2022-06-24,134.94,135.393,134.349,135.18,0,0.007770805886162243,0.005805355878398658,High_Volatility,High Volatility + No Trend
2022-06-27,135.064,135.545,134.518,135.475,0,0.00763466599265516,0.0058286652832428435,High_Volatility,High Volatility + No Trend
2022-06-28,135.454,136.379,135.106,136.164,0,0.009422231433096947,0.005845978963181778,High_Volatility,High Volatility + No Trend
2022-06-29,136.126,136.996,135.759,136.597,0,0.009111734765282768,0.005845978963181778,High_Volatility,High Volatility + No Trend
2022-06-30,136.589,136.807,135.548,135.737,0,0.009288222622244416,0.00588964224905659,High_Volatility,High Volatility + No Trend
2022-07-01,135.702,135.982,134.739,135.241,0,0.00922524287696951,0.005949074777351359,High_Volatility,High Volatility + No Trend
2022-07-04,135.285,135.769,134.78,135.687,0,0.0073378839590444,0.005949074777351359,High_Volatility,High Volatility + No Trend
2022-07-05,135.652,136.357,135.517,135.872,0,0.006198484323000092,0.00597330460346915,High_Volatility,High Volatility + No Trend
2022-07-06,135.823,136.001,134.949,135.913,0,0.007795537573453619,0.00598334501172133,High_Volatility,High Volatility + No Trend
2022-07-07,135.917,136.219,135.545,135.989,0,0.004972518351838922,0.00598334501172133,Low_Volatility,Low Volatility + No Trend
2022-07-08,135.98,136.562,135.325,136.078,0,0.009140956955477727,0.006000411453746806,High_Volatility,High Volatility + No Trend
2022-07-11,135.954,137.746,135.954,137.407,0,0.013180928843579458,0.006019596455663222,High_Volatility,High Volatility + No Trend
2022-07-12,137.409,137.528,136.47,136.849,0,0.0077526196233603925,0.006019596455663222,High_Volatility,High Volatility + No Trend
2022-07-13,136.851,137.861,136.689,137.423,0,0.00857420860493527,0.0060252015829596935,High_Volatility,High Volatility + No Trend
2022-07-14,137.379,139.382,137.295,138.936,1,0.015200844896026933,0.0060306545311657606,High_Volatility,High Volatility + Trend
2022-07-15,138.923,139.122,138.379,138.512,1,0.005369311817544739,0.0060306545311657606,Low_Volatility,Low Volatility + Trend
2022-07-18,138.485,138.562,137.886,138.129,1,0.004902600699128383,0.0060306545311657606,Low_Volatility,Low Volatility + Trend
2022-07-19,138.1,138.388,137.378,138.181,1,0.007351977754808043,0.0060399846909432444,High_Volatility,High Volatility + Trend
2022-07-20,138.169,138.368,137.897,138.27,1,0.0034155927975228154,0.0060306545311657606,Low_Volatility,Low Volatility + Trend
2022-07-21,138.214,138.874,137.29,137.34,1,0.011537621094034549,0.0060399846909432444,High_Volatility,High Volatility + Trend
2022-07-22,137.336,137.953,135.561,136.066,1,0.01764519293897209,0.006051534213514986,High_Volatility,High Volatility + Trend
2022-07-25,136.156,136.786,135.885,136.649,1,0.006630606763071792,0.0061128376014071405,High_Volatility,High Volatility + Trend
2022-07-26,136.64,136.962,136.269,136.931,1,0.005085529357373897,0.0061128376014071405,Low_Volatility,Low Volatility + Trend
2022-07-27,136.908,137.456,136.321,136.6,1,0.008325936576169415,0.006182710734683031,High_Volatility,High Volatility + Trend
2022-07-28,136.558,136.571,134.196,134.235,1,0.017697993978956154,0.006199217467528852,High_Volatility,High Volatility + Trend
2022-07-29,134.233,134.672,132.5,133.213,1,0.016392452830188656,0.006199217467528852,High_Volatility,High Volatility + Trend
2022-08-01,133.268,133.557,131.595,131.61,1,0.014909381055511145,0.006209797452155521,High_Volatility,High Volatility + Trend
2022-08-02,131.622,133.155,130.381,133.129,0,0.021276106181115355,0.006230763118850019,High_Volatility,High Volatility + No Trend
2022-08-03,133.15,134.543,132.28,133.863,0,0.017107650438463903,0.006298588717875046,High_Volatility,High Volatility + No Trend
2022-08-04,133.853,134.419,132.758,132.946,0,0.012511487066692788,0.006298588717875046,High_Volatility,High Volatility + No Trend
2022-08-05,132.909,135.498,132.512,135.0,0,0.02253380825887459,0.006368151853297531,High_Volatility,High Volatility + No Trend
2022-08-08,135.059,135.566,134.346,135.018,0,0.00908102958033733,0.00638179207230239,High_Volatility,High Volatility + No Trend
2022-08-09,134.992,135.195,134.653,135.139,0,0.0040251609693063035,0.00638179207230239,Low_Volatility,Low Volatility + No Trend
2022-08-10,135.103,135.294,132.021,132.872,0,0.024791510441520857,0.0063953411355513745,High_Volatility,High Volatility + No Trend
2022-08-11,132.874,133.302,131.723,132.989,0,0.011987276329873895,0.006421332570372178,High_Volatility,High Volatility + No Trend
2022-08-12,132.979,133.887,132.861,133.474,0,0.007722356447716113,0.006466386331278941,High_Volatility,High Volatility + No Trend
2022-08-15,133.416,133.581,132.544,133.292,0,0.007823816996619822,0.006523986411248125,High_Volatility,High Volatility + No Trend
2022-08-16,133.293,134.679,132.941,134.232,0,0.013073468681595592,0.0065503273598780925,High_Volatility,High Volatility + No Trend
2022-08-17,134.208,135.494,133.895,135.069,0,0.011942193509839721,0.006573365027716625,High_Volatility,High Volatility + No Trend
2022-08-18,135.037,135.895,134.643,135.882,1,0.009298663874096755,0.006606142706183198,High_Volatility,High Volatility + Trend
2022-08-19,135.867,137.223,135.708,136.878,1,0.011163674949155648,0.00662142840980434,High_Volatility,High Volatility + Trend
2022-08-22,136.918,137.644,136.699,137.475,1,0.006912998632030908,0.006628506231942159,High_Volatility,High Volatility + Trend
2022-08-23,137.478,137.706,135.807,136.732,1,0.013983078928184858,0.006648379533067321,High_Volatility,High Volatility + Trend
2022-08-24,136.751,137.241,136.174,137.118,1,0.007835563323395122,0.006682731769267111,High_Volatility,High Volatility + Trend
2022-08-25,137.08,137.199,136.312,136.481,1,0.006507130700158463,0.006682731769267111,Low_Volatility,Low Volatility + Trend
2022-08-26,136.486,137.59,136.176,137.59,1,0.010383621196099282,0.006715399821176227,High_Volatility,High Volatility + Trend
2022-08-29,137.632,138.998,137.538,138.699,1,0.010615248149602142,0.006740456163598078,High_Volatility,High Volatility + Trend
2022-08-30,138.708,139.066,138.048,138.766,1,0.00737424663885026,0.006757852642424245,High_Volatility,High Volatility + Trend
2022-08-31,138.751,139.002,138.269,138.941,1,0.0053012605862485735,0.006757852642424245,Low_Volatility,Low Volatility + Trend
2022-09-01,138.905,140.225,138.844,140.189,1,0.009946414681224975,0.006787350126149073,High_Volatility,High Volatility + Trend
2022-09-02,140.164,140.798,139.865,140.196,1,0.006670718192542757,0.006787350126149073,Low_Volatility,Low Volatility + Trend
2022-09-05,140.13,140.653,140.097,140.557,1,0.0039686788439437185,0.006787350126149073,Low_Volatility,Low Volatility + Trend
2022-09-06,140.56,143.064,140.241,142.79,1,0.020129633987207584,0.006841029239964396,High_Volatility,High Volatility + Trend
2022-09-07,142.76,144.983,142.697,143.75,1,0.01601995837333652,0.006841029239964396,High_Volatility,High Volatility + Trend
2022-09-08,143.73,144.547,143.309,144.092,1,0.00863867586822879,0.006893319112097484,High_Volatility,High Volatility + Trend
2022-09-09,144.087,144.097,141.491,142.604,1,0.01841813260207359,0.0069300428614193,High_Volatility,High Volatility + Trend
2022-09-12,142.116,143.487,142.06,142.825,1,0.010045051386737945,0.006969769561205165,High_Volatility,High Volatility + Trend
2022-09-13,142.822,144.674,141.615,144.523,1,0.021600819122268102,0.007009473069837962,High_Volatility,High Volatility + Trend
2022-09-14,144.538,144.938,142.542,143.165,1,0.016809080832315994,0.007009473069837962,High_Volatility,High Volatility + Trend
2022-09-15,143.14,143.792,142.778,143.469,0,0.007101934471697391,0.007009473069837962,High_Volatility,High Volatility + No Trend
2022-09-16,143.473,143.682,142.819,142.923,0,0.006042613377771862,0.007009473069837962,Low_Volatility,Low Volatility + No Trend
2022-09-19,142.9,143.638,142.629,143.203,0,0.007074297653352506,0.007038230537467885,High_Volatility,High Volatility + No Trend
2022-09-20,143.188,143.917,142.919,143.717,0,0.006982976371231189,0.007038230537467885,Low_Volatility,Low Volatility + No Trend
2022-09-21,143.696,144.685,143.335,144.04,0,0.009418495133777474,0.007062132310107496,High_Volatility,High Volatility + No Trend
2022-09-22,144.052,145.893,140.335,142.375,0,0.03960523034168235,0.007088116062524949,High_Volatility,High Volatility + No Trend
2022-09-23,142.354,143.452,141.753,143.323,0,0.011985636988282523,0.007117620794637458,High_Volatility,High Volatility + No Trend
2022-09-26,143.637,144.782,143.24,144.71,0,0.010765149399609058,0.007117620794637458,High_Volatility,High Volatility + No Trend
2022-09-27,144.674,144.9,144.052,144.822,0,0.005886763113320282,0.007117620794637458,Low_Volatility,Low Volatility + No Trend
2022-09-28,144.796,144.86,143.9,144.112,1,0.0066712995135511325,0.007117620794637458,Low_Volatility,Low Volatility + Trend
2022-09-29,144.092,144.805,143.992,144.428,1,0.005646147008167236,0.007117620794637458,Low_Volatility,Low Volatility + Trend
2022-09-30,144.418,144.804,144.201,144.751,1,0.004181663095262922,0.007088116062524949,Low_Volatility,Low Volatility + Trend
2022-10-03,144.758,145.305,144.151,144.574,1,0.008005494238680248,0.007117620794637458,High_Volatility,High Volatility + Trend
2022-10-04,144.534,144.928,143.887,144.129,1,0.007234844009535238,0.007184075563556381,High_Volatility,High Volatility + Trend
2022-10-05,144.109,144.841,143.52,144.66,1,0.009204292084726852,0.007238358164399573,High_Volatility,High Volatility + Trend
2022-10-06,144.629,145.135,144.378,145.124,1,0.005243181094072539,0.007238358164399573,Low_Volatility,Low Volatility + Trend
2022-10-07,145.116,145.437,144.713,145.374,1,0.005003005949707476,0.007238358164399573,Low_Volatility,Low Volatility + Trend
2022-10-10,145.278,145.799,145.231,145.716,1,0.003911010734622857,0.007238358164399573,Low_Volatility,Low Volatility + Trend
2022-10-11,145.713,145.893,145.42,145.851,1,0.003252647503782239,0.007238358164399573,Low_Volatility,Low Volatility + Trend
2022-10-12,145.812,146.963,145.657,146.905,1,0.008966270072842246,0.007238358164399573,High_Volatility,High Volatility + Trend
2022-10-13,146.882,147.663,146.423,147.21,1,0.008468614903396387,0.007289878139154155,High_Volatility,High Volatility + Trend
2022-10-14,147.18,148.857,147.083,148.74,1,0.012061217135902864,0.007344930856926222,High_Volatility,High Volatility + Trend
2022-10-17,148.588,149.077,148.417,149.017,1,0.004446929933902427,0.007344930856926222,Low_Volatility,Low Volatility + Trend
2022-10-18,148.991,149.367,148.119,149.233,1,0.008425657748161886,0.007363046915578612,High_Volatility,High Volatility + Trend
2022-10-19,149.231,149.9,149.095,149.889,1,0.0053992420939669794,0.007363046915578612,Low_Volatility,Low Volatility + Trend
2022-10-20,149.883,150.279,149.546,150.142,1,0.00490150187902053,0.007363046915578612,Low_Volatility,Low Volatility + Trend
2022-10-21,150.126,151.936,146.163,147.671,1,0.039496999924741524,0.00737418135759972,High_Volatility,High Volatility + Trend
2022-10-24,147.804,149.694,145.497,149.006,1,0.02884595558671295,0.007402116651488398,High_Volatility,High Volatility + Trend
2022-10-25,148.956,149.09,147.507,147.929,1,0.010731694089094065,0.007440579152451665,High_Volatility,High Volatility + Trend
2022-10-26,147.939,148.406,146.215,146.362,0,0.014984782683035273,0.007521138362975081,High_Volatility,High Volatility + No Trend
2022-10-27,146.335,146.921,145.095,146.244,0,0.012584858196354068,0.007521138362975081,High_Volatility,High Volatility + No Trend
2022-10-28,146.262,147.853,145.978,147.45,0,0.012844401211141405,0.00759119234742447,High_Volatility,High Volatility + No Trend
2022-10-30,147.786,147.789,147.6,147.756,0,0.0012804878048780011,0.00759119234742447,Low_Volatility,Low Volatility + No Trend
2022-10-31,147.754,148.844,147.5,148.745,0,0.009111864406779621,0.0076129728011653675,High_Volatility,High Volatility + No Trend
2022-11-01,148.744,148.818,146.982,148.222,0,0.012491325468424791,0.0076438636085724996,High_Volatility,High Volatility + No Trend
2022-11-02,148.22,148.313,145.665,147.764,0,0.018178697696769962,0.0076438636085724996,High_Volatility,High Volatility + No Trend
2022-11-03,147.754,148.447,147.104,148.184,0,0.009129595388296642,0.007675274549301085,High_Volatility,High Volatility + No Trend
2022-11-04,148.181,148.401,146.547,146.628,0,0.012651231345575232,0.007675274549301085,High_Volatility,High Volatility + No Trend
2022-11-07,147.166,147.565,146.079,146.638,0,0.010172577851710307,0.007675274549301085,High_Volatility,High Volatility + No Trend
2022-11-08,146.618,146.931,145.305,145.667,0,0.011190254980902273,0.007709922160914221,High_Volatility,High Volatility + No Trend
2022-11-09,145.664,146.789,145.161,146.383,0,0.011215133541378097,0.007737488035538253,High_Volatility,High Volatility + No Trend
2022-11-10,146.388,146.586,140.189,140.928,1,0.04563125494867657,0.007761712754761318,High_Volatility,High Volatility + Trend
2022-11-11,140.933,142.472,138.457,138.756,1,0.028998172717883637,0.007761712754761318,High_Volatility,High Volatility + Trend
2022-11-14,139.113,140.79,138.79,139.903,1,0.014410260105194899,0.007761712754761318,High_Volatility,High Volatility + Trend
2022-11-15,139.897,140.621,137.654,139.309,1,0.021554041291934944,0.007761712754761318,High_Volatility,High Volatility + Trend
2022-11-16,139.276,140.285,138.716,139.528,1,0.011310879783153985,0.007761712754761318,High_Volatility,High Volatility + Trend
2022-11-17,139.49,140.735,138.864,140.195,1,0.013473614471713398,0.007783171729807931,High_Volatility,High Volatility + Trend
2022-11-18,140.196,140.494,139.624,140.361,1,0.006231020454936147,0.007761712754761318,Low_Volatility,Low Volatility + Trend
2022-11-21,140.267,142.249,140.151,142.105,1,0.01496956853679235,0.007783171729807931,High_Volatility,High Volatility + Trend
2022-11-22,142.081,142.237,141.074,141.205,1,0.008243900364347665,0.007809677285036721,High_Volatility,High Volatility + Trend
2022-11-23,141.199,141.608,139.161,139.581,0,0.017583949526088508,0.00782795951587334,High_Volatility,High Volatility + No Trend
2022-11-24,139.571,139.579,138.039,138.625,0,0.011156267431668011,0.007832753559199483,High_Volatility,High Volatility + No Trend
2022-11-25,138.59,139.591,138.366,139.142,0,0.008853331020626413,0.007834484203333617,High_Volatility,High Volatility + No Trend
2022-11-28,139.221,139.416,137.491,138.907,0,0.01400091642362033,0.007886554831046468,High_Volatility,High Volatility + No Trend
2022-11-29,138.89,139.346,137.861,138.69,0,0.010771719340495237,0.007956461432319933,High_Volatility,High Volatility + No Trend
2022-11-30,138.657,139.89,137.646,138.062,0,0.01630268950786801,0.007977668884274043,High_Volatility,High Volatility + No Trend
2022-12-01,138.061,138.076,135.204,135.314,0,0.021241975089494287,0.007992727740643142,High_Volatility,High Volatility + No Trend
2022-12-02,135.308,135.976,133.616,134.3,0,0.017662555382588797,0.008012898188314705,High_Volatility,High Volatility + No Trend
2022-12-05,134.469,136.856,134.122,136.764,0,0.02038442611950299,0.008035710736030897,High_Volatility,High Volatility + No Trend
2022-12-06,136.714,137.421,135.957,137.037,0,0.010768110505527473,0.008095129556980326,High_Volatility,High Volatility + No Trend
2022-12-07,136.997,137.847,136.213,136.58,0,0.011995918157591526,0.008157292167403974,High_Volatility,High Volatility + No Trend
2022-12-08,136.567,137.238,136.238,136.675,0,0.007340096008455791,0.008157292167403974,Low_Volatility,Low Volatility + No Trend
2022-12-09,136.657,136.899,135.598,136.565,0,0.009594536792577971,0.008209672459653799,High_Volatility,High Volatility + No Trend
2022-12-12,136.505,137.846,136.462,137.636,0,0.010142017558001603,0.00828491847025854,High_Volatility,High Volatility + No Trend
2022-12-13,137.642,137.952,134.639,135.583,0,0.02460654045261765,0.008354598524810675,High_Volatility,High Volatility + No Trend
2022-12-14,135.57,135.983,134.492,135.45,0,0.01108616125866233,0.008404459110806912,High_Volatility,High Volatility + No Trend
2022-12-15,135.451,138.169,135.229,137.787,0,0.02174089877171315,0.008447136325779137,High_Volatility,High Volatility + No Trend
2022-12-16,137.777,137.785,136.288,136.698,0,0.010984092509978761,0.008521411754165828,High_Volatility,High Volatility + No Trend
2022-12-19,135.929,137.157,135.747,136.911,0,0.010386969877787328,0.00860644223658203,High_Volatility,High Volatility + No Trend
2022-12-20,136.89,137.467,130.555,131.69,0,0.05294320401363414,0.00860644223658203,High_Volatility,High Volatility + No Trend
2022-12-21,131.634,132.523,131.478,132.409,0,0.007948097780617194,0.00860644223658203,Low_Volatility,Low Volatility + No Trend
2022-12-22,132.4,132.717,131.637,132.355,0,0.008204380227443747,0.00860644223658203,Low_Volatility,Low Volatility + No Trend
2022-12-23,132.351,133.135,132.141,132.809,0,0.007522267880521563,0.00860644223658203,Low_Volatility,Low Volatility + No Trend
2022-12-26,132.771,133.188,132.287,132.873,0,0.006810948921662612,0.00860644223658203,Low_Volatility,Low Volatility + No Trend
2022-12-27,132.861,133.588,132.63,133.482,0,0.007223101862323746,0.00860644223658203,Low_Volatility,Low Volatility + No Trend
2022-12-28,133.455,134.495,133.363,134.461,0,0.008488111395214602,0.008531160000074936,Low_Volatility,Low Volatility + No Trend
2022-12-29,134.432,134.432,132.874,133.004,0,0.011725393982268862,0.00860644223658203,High_Volatility,High Volatility + No Trend
2022-12-30,132.993,133.091,130.772,131.093,0,0.017733153886153128,0.008672736846523085,High_Volatility,High Volatility + No Trend
2023-01-02,130.926,131.05,130.613,130.716,0,0.0033457619073140638,0.008672736846523085,Low_Volatility,Low Volatility + No Trend
2023-01-03,130.718,131.394,129.503,131.0,0,0.014601978332548433,0.008780064422721896,High_Volatility,High Volatility + No Trend
2023-01-04,130.992,132.71,129.921,132.66,0,0.021466891418631444,0.008864548255860059,High_Volatility,High Volatility + No Trend
2023-01-05,132.598,134.048,131.677,133.42,0,0.018006181793327684,0.008921017781967976,High_Volatility,High Volatility + No Trend
2023-01-06,133.402,134.769,131.991,132.108,0,0.021046889560651795,0.009023649826589788,High_Volatility,High Volatility + No Trend
2023-01-09,131.912,132.65,131.302,131.867,0,0.01026640873710997,0.009096382172810048,High_Volatility,High Volatility + No Trend
2023-01-10,131.833,132.47,131.375,132.232,0,0.008334919124643188,0.009096382172810048,Low_Volatility,Low Volatility + No Trend
2023-01-11,132.184,132.866,132.061,132.496,0,0.006095667911041161,0.009096382172810048,Low_Volatility,Low Volatility + No Trend
2023-01-12,132.474,132.474,128.854,129.325,0,0.028093811600726215,0.009111799586031194,High_Volatility,High Volatility + No Trend
2023-01-13,129.279,129.402,127.453,127.849,0,0.015291911528171042,0.009120729897538132,High_Volatility,High Volatility + No Trend
2023-01-16,127.789,128.859,127.211,128.491,0,0.012954854533020024,0.009135276171887185,High_Volatility,High Volatility + No Trend
2023-01-17,128.496,129.156,127.986,128.153,0,0.009141624865219647,0.009141290910348687,High_Volatility,High Volatility + No Trend
2023-01-18,128.132,131.566,127.557,128.889,0,0.03142908660441999,0.00917295847497325,High_Volatility,High Volatility + No Trend
2023-01-19,128.862,128.872,127.757,128.414,0,0.008727506124909077,0.00917295847497325,Low_Volatility,Low Volatility + No Trend
2023-01-20,128.411,130.603,128.339,129.559,0,0.017640779498048216,0.009214767480848181,High_Volatility,High Volatility + No Trend
2023-01-23,129.443,130.882,129.037,130.677,0,0.014298224540248136,0.009256732749606963,High_Volatility,High Volatility + No Trend
2023-01-24,130.66,131.111,129.72,130.169,0,0.010723095898859013,0.009293443248170587,High_Volatility,High Volatility + No Trend
2023-01-25,130.166,130.579,129.263,129.569,0,0.010180794194781202,0.009319824405002012,High_Volatility,High Volatility + No Trend
2023-01-26,129.57,130.614,129.018,130.222,0,0.0123703669255453,0.009370502702481794,High_Volatility,High Volatility + No Trend
2023-01-27,130.211,130.263,129.494,129.82,0,0.0059384990810385455,0.009319824405002012,Low_Volatility,Low Volatility + No Trend
2023-01-30,129.714,130.565,129.198,130.431,0,0.010580659143330316,0.009370502702481794,High_Volatility,High Volatility + No Trend
2023-01-31,130.406,130.529,129.74,130.091,0,0.006081393556343358,0.009370502702481794,Low_Volatility,Low Volatility + No Trend
2023-02-01,130.073,130.405,128.528,128.921,0,0.01460382173534179,0.009409257801416895,High_Volatility,High Volatility + No Trend
2023-02-02,128.915,129.125,128.074,128.683,0,0.00820619329450152,0.009409257801416895,Low_Volatility,Low Volatility + No Trend
2023-02-03,128.663,131.193,128.322,131.173,0,0.02237340440454489,0.00942036328343721,High_Volatility,High Volatility + No Trend
2023-02-06,132.482,132.896,131.502,132.622,0,0.01060059923042978,0.00945325698163179,High_Volatility,High Volatility + No Trend
2023-02-07,132.62,132.702,130.467,131.067,0,0.017130768700130954,0.009539409661372301,High_Volatility,High Volatility + No Trend
2023-02-08,131.069,131.531,130.591,131.438,0,0.0071980458071383,0.009539409661372301,Low_Volatility,Low Volatility + No Trend
2023-02-09,131.396,131.821,130.334,131.519,0,0.011409148802307876,0.009641550494296016,High_Volatility,High Volatility + No Trend
2023-02-10,131.521,131.874,129.793,131.388,0,0.01603322213062329,0.009817489438619518,High_Volatility,High Volatility + No Trend
2023-02-13,131.269,132.902,131.242,132.406,0,0.01264838999710456,0.009958440563162885,High_Volatility,High Volatility + No Trend
2023-02-14,132.385,133.309,131.486,133.084,0,0.01386459394916575,0.01000775891591937,High_Volatility,High Volatility + No Trend
2023-02-15,133.095,134.353,132.54,134.143,0,0.013678889391881822,0.010093534472369773,High_Volatility,High Volatility + No Trend
2023-02-16,134.143,134.458,133.597,133.939,0,0.006444755496006572,0.010093534472369773,Low_Volatility,Low Volatility + No Trend
2023-02-17,133.947,135.104,133.908,134.138,0,0.008931505212534177,0.010093534472369773,Low_Volatility,Low Volatility + No Trend
2023-02-20,134.247,134.531,133.914,134.254,0,0.00460743462222037,0.010093534472369773,Low_Volatility,Low Volatility + No Trend
2023-02-21,134.242,135.22,134.141,135.001,0,0.008043774833943446,0.010093534472369773,Low_Volatility,Low Volatility + No Trend
2023-02-22,134.995,135.054,134.358,134.904,0,0.005180190238020794,0.010093534472369773,Low_Volatility,Low Volatility + No Trend
2023-02-23,134.889,135.354,134.48,134.679,0,0.006499107674003746,0.01000775891591937,Low_Volatility,Low Volatility + No Trend
2023-02-24,134.666,136.516,134.041,136.467,0,0.018464499668011985,0.010093534472369773,High_Volatility,High Volatility + No Trend
2023-02-27,136.412,136.546,135.907,136.222,0,0.004701744575334468,0.010093534472369773,Low_Volatility,Low Volatility + No Trend
2023-02-28,136.193,136.912,135.728,136.21,0,0.008723329010963083,0.010093534472369773,Low_Volatility,Low Volatility + No Trend
