day,symbol_name,profit,volume,PnL/Lot,Coef,
1/2/2020,EURUSD,20275.68,3553.74,5.705447427,0.001607566,
1/3/2020,EURUSD,-45475.98,3304.3,-13.7626672,0.003394501,
1/6/2020,EURUSD,-23505.37,2679.4,-8.772622704,-0.002151198,
1/7/2020,EURUSD,-31314.10,3591.94,-8.717880764,0.00108447,
1/8/2020,EURUSD,-37729.80,3982.19,-9.474635153,0.003465118,
1/9/2020,EURUSD,-30468.32,3228.23,-9.438089021,0.002201307,
1/10/2020,EURUSD,-9910.18,3239.39,-3.059273439,-0.000249882,
1/13/2020,EURUSD,-10726.26,3353.05,-3.198957044,-0.001768991,
1/14/2020,EURUSD,-18076.42,3250.24,-5.561565128,9.89E-05,
1/15/2020,EURUSD,-25295.41,4077.5,-6.203656604,-0.001100968,
1/16/2020,EURUSD,-2307.09,3997.31,-0.577160968,-0.000644143,
1/17/2020,EURUSD,-37455.74,2876.38,-13.02183204,0.003007805,
1/20/2020,EURUSD,-23988.60,2501.47,-9.589802625,0.001991006,
1/21/2020,EURUSD,-15343.86,3906.75,-3.927526226,-0.00025698,
1/22/2020,EURUSD,-7608.54,4819.06,-1.578843924,0.000646793,
1/23/2020,EURUSD,-83792.10,4914.31,-17.05063394,0.00115,
1/24/2020,EURUSD,-64270.69,4432.86,-14.4986969,0.003052387,
1/27/2020,EURUSD,-49002.74,3736.25,-13.11548674,0.001465193,
1/28/2020,EURUSD,-45527.32,5599.59,-8.130474146,0.000732538,
1/29/2020,EURUSD,-24561.21,4569.81,-5.374666602,0.000249654,
1/30/2020,EURUSD,-22598.08,2911.43,-7.761847492,-0.000799092,
1/31/2020,EURUSD,-47694.29,4150.87,-11.49019099,-0.003404771,
2/3/2020,EURUSD,-829.54,2649.59,-0.313083201,-0.000951729,
2/4/2020,EURUSD,-15942.89,2082.43,-7.655906627,0.001827117,
2/5/2020,EURUSD,-74318.97,2841.55,-26.15437761,0.00257,
2/6/2020,EURUSD,-96482.14,3006.44,-32.0918232,0.002865063,
2/7/2020,EURUSD,-224217.66,3036.99,-73.82890805,0.002425125,
2/10/2020,EURUSD,-304345.11,2980.1,-102.1258045,0.00305816,
2/11/2020,EURUSD,-93248.80,3080.52,-30.27047337,0.001704189,
2/12/2020,EURUSD,-210173.54,3684.94,-57.03581183,0.001461918,
2/13/2020,EURUSD,-316080.46,3931.15,-80.40406955,0.003315931,
2/14/2020,EURUSD,-75188.44,2607.81,-28.83202355,0.001733705,
2/17/2020,EURUSD,-37139.95,2073.43,-17.91232315,0.000108401,
2/18/2020,EURUSD,-535156.09,4384.54,-122.0552425,0.00249579,
2/19/2020,EURUSD,-61061.22,3186.26,-19.16391621,0.001260267,
2/20/2020,EURUSD,-60594.72,3895.98,-15.55313905,7.41E-05,
2/21/2020,EURUSD,-16089.57,3316.31,-4.851647381,-0.002046908,
2/24/2020,EURUSD,-9862.90,4367.76,-2.258113259,-0.001774676,
2/25/2020,EURUSD,40975.30,3971.59,10.31710146,-0.002265162,
2/26/2020,EURUSD,43902.34,4186.18,10.48744717,-0.001634043,
2/27/2020,EURUSD,2889.20,5134.85,0.562665495,-0.005489241,
2/28/2020,EURUSD,-173766.48,4140.03,-41.97227634,-0.006197384,
3/2/2020,EURUSD,-41347.53,4833.54,-8.554295969,-0.008171404,
3/3/2020,EURUSD,-325868.92,3838.45,-84.89596597,-0.004798227,
3/4/2020,EURUSD,-23358.64,3491.37,-6.690394409,0.000401306,
3/5/2020,EURUSD,-85493.52,4678.19,-18.27491354,-0.003285748,
3/6/2020,EURUSD,-187520.83,4743.42,-39.53283364,-0.00792,
3/9/2020,EURUSD,-59295.15,4117.72,-14.3999947,-0.011794843,
3/10/2020,EURUSD,-15834.25,3722.94,-4.253158143,0.003467831,
3/11/2020,EURUSD,-8023.17,3906.22,-2.05394632,0.006607847,
3/12/2020,EURUSD,71721.90,5161.53,13.89547379,0.007730172,
3/13/2020,EURUSD,-84799.53,3627.03,-23.3798809,0.006036383,
3/16/2020,EURUSD,35112.86,3806.87,9.223552368,-0.003156635,
3/17/2020,EURUSD,-104624.95,3637.1,-28.76603583,0.008065942,
3/18/2020,EURUSD,-935.75,4017.41,-0.232923321,0.012632752,
3/19/2020,EURUSD,-35385.67,4580.29,-7.725640516,0.0127,
3/20/2020,EURUSD,-9907.50,3382.76,-2.928822644,0.008815538,
3/23/2020,EURUSD,41069.02,4149,9.898535531,-0.001148811,
3/24/2020,EURUSD,19570.01,3892.54,5.027567013,-0.005417937,
3/25/2020,EURUSD,3857.34,4920.45,0.783940338,-0.004583793,
3/26/2020,EURUSD,-57764.91,5834.06,-9.901322844,-0.012109177,
3/27/2020,EURUSD,-157202.71,6352.9,-24.74503113,-0.009805979,
3/30/2020,EURUSD,-57194.26,5793.67,-9.871854108,-0.001242651,
3/31/2020,EURUSD,-54564.73,6908.73,-7.897939978,0.005984403,
4/1/2020,EURUSD,7331.05,6189.18,1.184493794,0.0026084,
4/2/2020,EURUSD,-93312.22,7583.08,-12.3053198,0.007476938,
4/3/2020,EURUSD,-20318.35,6613.34,-3.072327737,0.007145707,
4/6/2020,EURUSD,37186.81,6121.77,6.074518993,0.002067213,
4/7/2020,EURUSD,-89707.43,6128.54,-14.63765142,-0.004286491,
4/8/2020,EURUSD,-19387.54,5089.92,-3.809005986,-0.00195664,
4/9/2020,EURUSD,-25413.55,6853.41,-3.70816184,-0.002270239,
4/10/2020,EURUSD,7834.36,1299.74,6.027637583,-0.003589272,
4/13/2020,EURUSD,-74764.34,5486.19,-13.62773476,0.000320141,
4/14/2020,EURUSD,19499.76,6312.09,3.089270984,-0.001317574,
4/15/2020,EURUSD,-116404.88,7258.11,-16.03790488,0.000870374,
4/16/2020,EURUSD,-8436.26,7273.72,-1.159827503,0.006001893,
4/17/2020,EURUSD,2570.19,7618.68,0.337354071,0.001419249,
4/20/2020,EURUSD,9642.51,7607.78,1.267453845,-0.0012,
4/21/2020,EURUSD,-11144.18,7712.71,-1.444911691,0.001138874,
4/22/2020,EURUSD,-33632.99,8909.04,-3.775153592,0.001045734,
4/23/2020,EURUSD,14875.54,10286.96,1.446058146,0.003972875,
4/24/2020,EURUSD,-63743.67,8573.82,-7.434687239,0.000990814,
4/27/2020,EURUSD,-17693.65,7238.03,-2.44454013,-0.00386291,
4/28/2020,EURUSD,-7338.45,8266.25,-0.887760437,-0.000533232,
4/29/2020,EURUSD,47231.91,7553.46,6.253016692,-0.001165103,
4/30/2020,EURUSD,-64652.30,9853.8,-6.561154255,-0.005387804,
5/1/2020,EURUSD,-107999.97,6148.58,-17.56502604,-0.00585,
5/4/2020,EURUSD,-30038.21,8398.71,-3.576526776,0.003156084,
5/5/2020,EURUSD,-76520.69,9880.38,-7.744710797,0.005719511,
5/6/2020,EURUSD,-63158.04,8763.12,-7.207254745,0.005304082,
5/7/2020,EURUSD,7570.68,9409.61,0.804568462,0.000889883,
5/8/2020,EURUSD,20438.01,7657.5,2.669018395,-0.00306994,
5/11/2020,EURUSD,-7632.86,7109.48,-1.073617808,0.001794351,
5/12/2020,EURUSD,-3179.82,7771.61,-0.409159059,-0.000977345,
5/13/2020,EURUSD,21117.24,7618.6,2.771800412,-0.001156435,
5/14/2020,EURUSD,-84186.56,7066.64,-11.91323671,0.003564438,
5/15/2020,EURUSD,48716.16,6859.74,7.101750522,-0.000946358,
5/18/2020,EURUSD,-98810.70,7033.71,-14.04816251,-0.004341273,
5/19/2020,EURUSD,-149655.46,6768.66,-22.11005756,-0.006209865,
5/20/2020,EURUSD,-76798.28,5965.14,-12.87451446,-0.002289738,
5/21/2020,EURUSD,-26493.99,7700.94,-3.440358041,-0.001232401,
5/22/2020,EURUSD,13628.82,6523.36,2.08923273,0.00421008,
5/25/2020,EURUSD,-27496.74,5089.24,-5.402916584,0.002623254,
5/26/2020,EURUSD,-59606.72,8525.09,-6.991916543,-0.004381294,
5/27/2020,EURUSD,16807.79,10340.86,1.625376127,-0.004339332,
5/28/2020,EURUSD,-179449.27,9475.06,-18.93911682,-0.004777896,
5/29/2020,EURUSD,-204652.57,9887.81,-20.6974619,-0.005069924,
6/1/2020,EURUSD,-85606.93,7882.18,-10.86081936,-0.002620178,
6/2/2020,EURUSD,-300026.02,9478.92,-31.65192073,-0.00249,
6/3/2020,EURUSD,-125228.49,9547.47,-13.11640578,-0.0047295,
6/4/2020,EURUSD,-307837.35,11820.59,-26.04246871,-0.006690523,
6/5/2020,EURUSD,-186721.79,8438.77,-22.12665952,-0.003525801,
6/8/2020,EURUSD,-19426.62,7528.37,-2.580454809,0.002429135,
6/9/2020,EURUSD,-266598.20,8708.51,-30.61352623,-0.001321568,
6/10/2020,EURUSD,-93414.88,9313.5,-10.03005127,-0.004861463,
6/11/2020,EURUSD,43496.02,9920.51,4.384454001,0.00201526,
6/12/2020,EURUSD,-103766.50,8829.06,-11.75283623,0.005769197,
6/15/2020,EURUSD,-270159.19,8746.72,-30.88691364,-0.000288,
6/16/2020,EURUSD,-41745.22,8518.32,-4.900640327,-0.001083947,
6/17/2020,EURUSD,59679.65,8622.59,6.921313125,0.003536174,
6/18/2020,EURUSD,8741.27,7374.7,1.185305079,0.002428776,
6/19/2020,EURUSD,28087.00,7140.67,3.933385074,0.002053781,
6/22/2020,EURUSD,-134455.72,7036.07,-19.10949172,-0.001763369,
6/23/2020,EURUSD,-90968.52,8308.08,-10.94940367,-0.006027237,
6/24/2020,EURUSD,-42362.41,7949.28,-5.329087047,0.000454041,
6/25/2020,EURUSD,-64137.24,7131.87,-8.993047159,0.004706445,
6/26/2020,EURUSD,54131.51,6717.39,8.05841409,0.001171044,
6/29/2020,EURUSD,-40540.86,7622.6,-5.318508183,-0.002117482,
6/30/2020,EURUSD,53913.78,7651.67,7.04601446,0.000867445,
7/1/2020,EURUSD,21374.42,7466.98,2.862525321,-0.000494205,
7/2/2020,EURUSD,6313.14,7764.04,0.813126109,-0.001586461,
7/3/2020,EURUSD,-19543.58,5499.42,-3.553753795,0.001575062,
7/6/2020,EURUSD,-268422.13,10678.02,-25.13781907,-0.004269834,
7/7/2020,EURUSD,38238.82,9342.51,4.092992064,-0.000852995,
7/8/2020,EURUSD,13122.39,8159.73,1.608188682,-0.000909823,
7/9/2020,EURUSD,-52119.71,10381.33,-5.020523192,-0.001068237,
7/10/2020,EURUSD,-6590.06,8271.27,-0.796740855,0.002293264,
7/13/2020,EURUSD,9419.37,11490.63,0.819743267,-0.003558522,
7/14/2020,EURUSD,-110586.24,11399.07,-9.701338565,-0.00338924,
7/15/2020,EURUSD,-372513.12,11745.36,-31.71576841,-0.00395,
7/16/2020,EURUSD,43321.79,11904.79,3.639022072,0.00112807,
7/17/2020,EURUSD,-25662.22,8740.82,-2.935905277,-0.000616205,
7/20/2020,EURUSD,-23142.20,13546.61,-1.708338606,-0.002281404,
7/21/2020,EURUSD,-639650.11,15504.32,-41.2562508,-0.004279101,
7/22/2020,EURUSD,-426871.96,12593.05,-33.89742438,-0.005967829,
7/23/2020,EURUSD,-156580.92,11454.39,-13.66994851,-0.002731383,
7/24/2020,EURUSD,-48724.29,10003.37,-4.870787997,-0.003393057,
7/27/2020,EURUSD,-647138.01,13103.47,-49.38676614,-0.007014849,
7/28/2020,EURUSD,-106422.65,10568.03,-10.07024509,-0.00259,
7/29/2020,EURUSD,-78151.94,11809.5,-6.617717902,-0.001932484,
7/30/2020,EURUSD,-211263.76,13340.92,-15.83577149,-0.004070167,
7/31/2020,EURUSD,-380275.36,12360.61,-30.76509673,-0.001507947,
8/3/2020,EURUSD,-203538.81,11718.2,-17.36946048,0.005532094,
8/4/2020,EURUSD,-85984.32,12564.72,-6.843313299,-0.001390717,
8/5/2020,EURUSD,-135354.16,11929,-11.34664738,-0.005737766,
8/6/2020,EURUSD,-45927.60,12345.1,-3.720309984,-0.002278212,
8/7/2020,EURUSD,-85464.94,11126.11,-7.68147493,0.003663397,
8/10/2020,EURUSD,-52683.94,9390.73,-5.610207189,0.004985654,
8/11/2020,EURUSD,-11650.61,11241.26,-1.03641517,0.001168723,
8/12/2020,EURUSD,-79646.74,9423.83,-8.451631447,-0.000957347,
8/13/2020,EURUSD,-164569.15,9211.7,-17.86523153,-0.004068021,
8/14/2020,EURUSD,-32105.93,7866.31,-4.081447292,-0.000920804,
8/17/2020,EURUSD,9606.47,9280.94,1.035075101,-0.002812743,
8/18/2020,EURUSD,-447613.50,11422.81,-39.18593593,-0.004416063,
8/19/2020,EURUSD,-92723.10,10890,-8.51451772,0.001631421,
8/20/2020,EURUSD,-41271.20,10492.42,-3.933430368,0.003842312,
8/21/2020,EURUSD,-248017.63,10070.55,-24.62801245,0.001577054,
8/24/2020,EURUSD,16229.18,9064.78,1.790355394,0.001729676,
8/25/2020,EURUSD,27549.36,10529.2,2.616472683,-0.000881164,
8/26/2020,EURUSD,5535.47,10140.54,0.545875077,-0.000471939,
8/27/2020,EURUSD,90987.90,12554.76,7.247282928,-0.000836,
8/28/2020,EURUSD,-138266.67,11488.88,-12.034826,-0.002984336,
8/31/2020,EURUSD,-114258.55,11312.53,-10.10017618,-0.004758202,
9/1/2020,EURUSD,-114039.10,12074.92,-9.444294635,-0.00158345,
9/2/2020,EURUSD,-119156.16,11224.88,-10.6153619,0.005010868,
9/3/2020,EURUSD,-26295.64,12265.17,-2.143927785,0.00337985,
9/4/2020,EURUSD,28816.93,11315.59,2.546657731,0.000568034,
9/7/2020,EURUSD,58956.28,8014.03,7.356633465,0.000291574,
9/8/2020,EURUSD,10441.15,14313.51,0.729461403,0.002893338,
9/9/2020,EURUSD,-28549.05,12616.45,-2.262843257,0.00036,
9/10/2020,EURUSD,-64053.12,14446.06,-4.433950702,-0.003528287,
9/11/2020,EURUSD,-20632.01,9042.02,-2.281792252,-0.000287356,
9/14/2020,EURUSD,-1686.31,9595.81,-0.175734264,-0.001544093,
9/15/2020,EURUSD,63557.78,11397.02,5.576701251,-0.000643259,
9/16/2020,EURUSD,129649.55,14353.68,9.032495192,0.002379582,
9/17/2020,EURUSD,-61616.75,12087.6,-5.097517654,0.001732429,
9/18/2020,EURUSD,-15398.58,9787.22,-1.573335238,-0.002708972,
9/21/2020,EURUSD,-62772.03,13298.75,-4.720145399,0.003491042,
9/22/2020,EURUSD,-210329.92,12023.91,-17.4926395,0.005790778,
9/23/2020,EURUSD,-225675.13,13241.45,-17.04308301,0.004354532,
9/24/2020,EURUSD,-108011.88,11378.92,-9.492278621,0.00202631,
9/25/2020,EURUSD,-45711.59,10705.79,-4.269800398,0.000821175,
9/28/2020,EURUSD,26233.58,11913.14,2.202071214,0.000366935,
9/29/2020,EURUSD,-70639.43,12599.94,-5.606330478,-0.00483631,
9/30/2020,EURUSD,-3390.42,13159.09,-0.257648646,-0.001933331,
10/1/2020,EURUSD,31362.49,10884.06,2.881506334,-0.001055417,
10/2/2020,EURUSD,105720.23,12550.25,8.423754874,0.000971238,
10/5/2020,EURUSD,-132068.53,12669.85,-10.42384288,-0.001959288,
10/6/2020,EURUSD,94592.11,16488.69,5.736787322,-0.001142633,
10/7/2020,EURUSD,122318.93,11406.48,10.723635,0.001111574,
10/8/2020,EURUSD,79068.40,10856.64,7.282953414,-0.000740455,
10/9/2020,EURUSD,-217105.85,10834.94,-20.03756793,-0.00294,
10/12/2020,EURUSD,15183.51,9650.11,1.573403281,-0.001301636,
10/13/2020,EURUSD,19686.70,11694.52,1.683412363,0.002809488,
10/14/2020,EURUSD,-7517.31,10494.71,-0.716294913,0.002602967,
10/15/2020,EURUSD,13874.24,10120.03,1.370967944,0.001766803,
10/16/2020,EURUSD,55556.32,8613.63,6.449815491,0.000789005,
10/19/2020,EURUSD,-108082.74,11966.69,-9.031966136,-0.002706077,
10/20/2020,EURUSD,-288439.66,10570.78,-27.28650698,-0.00437593,
10/21/2020,EURUSD,-511119.98,9929.77,-51.47349676,-0.003939402,
10/22/2020,EURUSD,59158.59,9357.38,6.32213175,0.00058,
10/23/2020,EURUSD,-51518.56,8677.96,-5.936713437,0.000534338,
10/26/2020,EURUSD,110187.22,9722.42,11.33331165,0.001883279,
10/27/2020,EURUSD,121315.50,11581.61,10.47483873,0.002387593,
10/28/2020,EURUSD,-39477.54,11752.49,-3.359079138,0.003761516,
10/29/2020,EURUSD,-123953.97,12225.32,-10.13911903,0.004475162,
10/30/2020,EURUSD,-8685.91,10585.11,-0.820578375,0.0035407,
11/2/2020,EURUSD,-7778.33,10112.96,-0.769144608,0.002205263,
11/3/2020,EURUSD,-134099.61,12124.07,-11.0606099,-0.003500994,
11/4/2020,EURUSD,-6659.81,12878.3,-0.517133903,-0.001776495,
11/5/2020,EURUSD,-146949.84,12620.59,-11.64365821,-0.006582743,
11/6/2020,EURUSD,-47565.05,10628.44,-4.47526168,-0.005805278,
11/9/2020,EURUSD,-25969.22,16942.92,-1.532747409,-0.000601446,
11/10/2020,EURUSD,41175.09,11091.98,3.712149629,0.003517926,
11/11/2020,EURUSD,-4568.59,9979.6,-0.457792965,0.001642415,
11/12/2020,EURUSD,-20685.59,10660.77,-1.940346305,0.00021624,
11/13/2020,EURUSD,25206.94,8120.24,3.104210704,-0.002294332,
11/16/2020,EURUSD,52622.21,12446.69,4.227807547,-0.002160028,
11/17/2020,EURUSD,-41085.00,10969.51,-3.745381259,-0.001648723,
11/18/2020,EURUSD,88743.75,11481.22,7.729470098,-9.48E-05,
11/19/2020,EURUSD,14422.75,11461.85,1.258326617,0.00066382,
11/20/2020,EURUSD,122207.13,10885.76,11.22632959,-0.000953,
11/23/2020,EURUSD,-37879.02,15156.53,-2.499187843,0.001508439,
11/24/2020,EURUSD,86005.54,11536.69,7.454958009,-0.001388341,
11/25/2020,EURUSD,-60180.58,13308.58,-4.521938774,-0.003177379,
11/26/2020,EURUSD,-11957.66,10772.12,-1.110056737,-0.000817033,
11/27/2020,EURUSD,-288973.24,11103.51,-26.02539545,-0.00192654,
11/30/2020,EURUSD,-238316.84,15867.42,-15.01925583,-0.001411755,
12/1/2020,EURUSD,-1589270.39,15513.93,-102.4415083,-0.00387999,
12/2/2020,EURUSD,-714699.73,13050.6,-54.76374505,-0.00715076,
12/3/2020,EURUSD,-1104416.51,11560.81,-95.53106618,-0.00395,
12/4/2020,EURUSD,-197497.11,9860.7,-20.02871131,-0.000420368,
12/7/2020,EURUSD,-201296.34,10352.89,-19.44349226,0.001452132,
12/8/2020,EURUSD,18906.22,8262.76,2.28812355,0.000841605,
12/9/2020,EURUSD,-69355.42,9428.39,-7.356019909,0.001065279,
12/10/2020,EURUSD,62603.69,10191.44,6.142771837,-0.001281352,
12/11/2020,EURUSD,38233.89,7657.16,4.993220216,-0.001405619,
12/14/2020,EURUSD,50242.01,9189.57,5.467286429,-0.001059433,
12/15/2020,EURUSD,85050.16,9291.17,9.153869978,-0.000207956,
12/16/2020,EURUSD,-266015.43,11119.54,-23.92324097,-0.002198526,
12/17/2020,EURUSD,-510823.54,9614.79,-53.12893397,-0.004884481,
12/18/2020,EURUSD,89875.88,8726.97,10.29863521,-0.001772187,
12/21/2020,EURUSD,-216944.88,13079.65,-16.58644391,0.003466689,
12/22/2020,EURUSD,66627.25,10370.39,6.424757997,0.000730967,
12/23/2020,EURUSD,139580.08,9231.47,15.12002719,0.001768309,
12/24/2020,EURUSD,18992.27,5105.9,3.719671072,-0.000773851,
12/28/2020,EURUSD,156818.12,10377.3,15.11164985,-0.001939408,
12/29/2020,EURUSD,62200.90,11029.64,5.639431609,-0.002324834,
12/30/2020,EURUSD,-43787.25,11521.29,-3.800550547,-0.003333047,
12/31/2020,EURUSD,-7222.24,12191.18,-0.592415037,0.001448145,
1/4/2021,EURUSD,185147.61,13304.12,13.91656177,3.88E-05,
1/5/2021,EURUSD,121021.13,10848.65,11.15540955,-0.00138,
1/6/2021,EURUSD,7005.33,15585.81,0.449468406,-0.00279271,
1/7/2021,EURUSD,66306.67,11239.82,5.899264742,0.00091206,
1/8/2021,EURUSD,-29745.29,12696.23,-2.34284399,0.004515669,
1/11/2021,EURUSD,-124762.39,11954.91,-10.43607914,0.00504675,
1/12/2021,EURUSD,43600.61,11210.55,3.889248454,0.000332546,
1/13/2021,EURUSD,-10907.10,10338.57,-1.054990881,-0.000464076,
1/14/2021,EURUSD,-36236.78,12719.35,-2.8489488,0.002540973,
1/15/2021,EURUSD,-90473.45,9865.22,-9.170950984,0.002744986,
1/18/2021,EURUSD,-88019.39,8747.55,-10.06217676,0.00338,
1/19/2021,EURUSD,63116.63,11664.2,5.411141251,-0.002492717,
1/20/2021,EURUSD,-91216.82,12269.52,-7.434424235,-0.000888043,
1/21/2021,EURUSD,62490.26,11343.4,5.508953244,-0.001522777,
1/22/2021,EURUSD,77950.53,9935.69,7.845507431,-0.002748368,
1/25/2021,EURUSD,118980.27,11732.39,10.14117933,0.001319053,
1/26/2021,EURUSD,93778.51,10807.39,8.677257459,0.000584277,
1/27/2021,EURUSD,12623.28,16040.39,0.786968465,0.001628286,
1/28/2021,EURUSD,207817.24,12020.75,17.2882089,0.001000008,
1/29/2021,EURUSD,128701.58,10286.38,12.51184378,-0.001062927,
2/1/2021,EURUSD,105161.19,12311.39,8.541780135,0.002511206,
2/2/2021,EURUSD,34399.51,16909.97,2.034274123,0.003745287,
2/3/2021,EURUSD,58748.41,13260.94,4.430184688,0.001448145,
2/4/2021,EURUSD,-825983.86,13604.21,-60.71531258,0.002796604,
2/5/2021,EURUSD,-211443.33,12793.64,-16.52722248,-0.000366703,
2/8/2021,EURUSD,-88250.40,11472.43,-7.692389911,-0.003213726,
2/9/2021,EURUSD,-299442.27,12807.7,-23.37986314,-0.0033799,
2/10/2021,EURUSD,-178361.72,11739.94,-15.19272834,-0.003186433,
2/11/2021,EURUSD,1955.38,9902.97,0.197454129,-0.000466134,
2/12/2021,EURUSD,83519.99,11873.92,7.033902386,0.000892664,
2/15/2021,EURUSD,23852.89,8399.46,2.839812054,-0.000990442,
2/16/2021,EURUSD,-16078.36,16123.55,-0.997197347,0.000311268,
2/17/2021,EURUSD,-286618.58,11818.69,-24.25129815,0.0047,
2/18/2021,EURUSD,-66827.55,10185.04,-6.561344122,0.000287974,
2/19/2021,EURUSD,-45667.37,10363.38,-4.406609554,-0.003715723,
2/22/2021,EURUSD,-95843.07,10666.46,-8.985461585,-0.00185821,
2/23/2021,EURUSD,-71760.01,9092.55,-7.892176479,-0.001900102,
2/24/2021,EURUSD,-81725.77,11459.34,-7.131803965,0.000485438,
2/25/2021,EURUSD,-126408.87,13605.41,-9.291073774,-0.002938737,
2/26/2021,EURUSD,-96366.17,11867.64,-8.120078792,0.005031281,
3/1/2021,EURUSD,-56811.95,10360.81,-5.483350222,0.005100031,
3/2/2021,EURUSD,-268580.69,10927.38,-24.57869031,0.000429,
3/3/2021,EURUSD,-8242.99,10241.46,-0.804864302,-0.001679735,
3/4/2021,EURUSD,-78343.60,11867.84,-6.601336162,0.005173602,
3/5/2021,EURUSD,-747672.42,12471.01,-59.95283606,0.006338834,
3/8/2021,EURUSD,-488450.36,11969.87,-40.80665538,0.004448317,
3/9/2021,EURUSD,-79694.46,10793.56,-7.38351897,0.000891956,
3/10/2021,EURUSD,15326.67,11048.44,1.387224958,-0.002610878,
3/11/2021,EURUSD,52494.16,13430.14,3.908682686,-0.004128726,
3/12/2021,EURUSD,-85847.06,10472.44,-8.197427246,-0.00030744,
3/15/2021,EURUSD,649.34,11566.17,0.056141671,0.000719816,
3/16/2021,EURUSD,-25016.71,11210.61,-2.231521073,0.001985108,
3/17/2021,EURUSD,121787.88,11804.35,10.31720337,-0.001911424,
3/18/2021,EURUSD,94940.35,13243.98,7.168566454,-0.000749708,
3/19/2021,EURUSD,-118942.61,11192.24,-10.62723946,0.003459049,
3/22/2021,EURUSD,65043.60,11652.79,5.581804595,-0.002546843,
3/23/2021,EURUSD,-502183.98,14446.34,-34.76202108,0.001362564,
3/24/2021,EURUSD,-694104.34,14806.16,-46.87942961,0.005091883,
3/25/2021,EURUSD,-669433.49,16099.51,-41.58098554,0.003273201,
3/26/2021,EURUSD,-4909.90,11845.08,-0.414509885,0.000797137,
3/29/2021,EURUSD,101516.51,15423.66,6.581868965,0.000534678,
3/30/2021,EURUSD,-634983.16,12880.59,-49.29767657,0.00307,
3/31/2021,EURUSD,-254788.72,12667.25,-20.11397229,0.001194598,
4/1/2021,EURUSD,-6157.46,11818.21,-0.521014367,-0.001882516,
4/2/2021,EURUSD,-25743.66,6404.66,-4.019520406,-0.001498076,
4/5/2021,EURUSD,-240214.35,10073.49,-23.84618906,-0.001321605,
4/6/2021,EURUSD,-391644.59,12178.07,-32.15982433,-0.004838073,
4/7/2021,EURUSD,-359509.86,14895.21,-24.13593789,-0.003368233,
4/8/2021,EURUSD,-130596.93,10814.91,-12.07563687,-0.001014444,
4/9/2021,EURUSD,-11047.16,9257.2,-1.19335832,-0.000819984,
4/12/2021,EURUSD,33649.46,10456.92,3.217913177,0.000326,
4/13/2021,EURUSD,-83015.48,16118.94,-5.150182377,-0.002164529,
4/14/2021,EURUSD,-290721.36,16267.93,-17.87082665,-0.003548033,
4/15/2021,EURUSD,-17023.69,13968.44,-1.218725045,-0.00067074,
4/16/2021,EURUSD,30127.69,12228.33,2.463761935,2.09E-06,
4/19/2021,EURUSD,-636265.14,17338.22,-36.69725855,-0.002213424,
4/20/2021,EURUSD,-407504.68,13393.27,-30.42607786,-0.003602414,
4/21/2021,EURUSD,-62434.50,10819.55,-5.770526532,0.001243551,
4/22/2021,EURUSD,69978.66,13464.06,5.197441102,0.000108089,
4/23/2021,EURUSD,-249006.82,14400.65,-17.29135987,-0.002417709,
4/26/2021,EURUSD,-140723.19,13106.94,-10.73654008,-0.002776873,
4/27/2021,EURUSD,60699.02,11780.24,5.152613561,0.000719698,
4/28/2021,EURUSD,-125585.16,16617.91,-7.557217213,-0.001728106,
4/29/2021,EURUSD,-56317.64,13564.34,-4.151889739,-0.001830492,
4/30/2021,EURUSD,-341747.02,14494.91,-23.57703668,0.00452456,
5/3/2021,EURUSD,-42076.90,12720.16,-3.307890837,0.00196182,
5/4/2021,EURUSD,60436.14,15073.51,4.009427131,0.000871789,
5/5/2021,EURUSD,14041.35,13100.86,1.071788566,0.002347574,
5/6/2021,EURUSD,-235089.54,14656.55,-16.03989645,-0.002205248,
5/7/2021,EURUSD,-619386.96,19133.92,-32.37114829,-0.006615733,
5/10/2021,EURUSD,-91424.86,18219.99,-5.017832669,-0.003057006,
5/11/2021,EURUSD,44043.25,17624.65,2.498957556,0.000339547,
5/12/2021,EURUSD,-57315.68,19262.79,-2.975461195,0.00304,
5/13/2021,EURUSD,76183.43,16497.44,4.617894296,0.002671898,
5/14/2021,EURUSD,-72091.52,15821.99,-4.556412733,-0.0027598,
5/17/2021,EURUSD,-73724.87,14481.51,-5.090965342,-0.003181656,
5/18/2021,EURUSD,-730229.03,14608.68,-49.9859692,-0.003387668,
5/19/2021,EURUSD,-125638.69,14855.98,-8.457112229,-0.000918925,
5/20/2021,EURUSD,-47973.43,10264.7,-4.673632152,0.000106563,
5/21/2021,EURUSD,61600.16,12546.52,4.909740458,-0.000219297,
5/24/2021,EURUSD,98754.98,10169.69,9.710717042,0.000258181,
5/25/2021,EURUSD,-341828.52,14717.48,-23.22602245,-0.00295,
5/26/2021,EURUSD,-96028.68,12956.58,-7.411576005,0.001025867,
5/27/2021,EURUSD,83619.56,12597.71,6.637679066,0.002350462,
5/28/2021,EURUSD,-288042.52,14716.41,-19.57287971,0.001064198,
5/31/2021,EURUSD,-112525.03,9147.63,-12.30100313,-0.0024283,
6/1/2021,EURUSD,41681.08,15695.48,2.655610283,-0.00133919,
6/2/2021,EURUSD,64656.82,14184.95,4.558127853,0.001877266,
6/3/2021,EURUSD,-106261.21,13172.04,-8.06717933,0.002905196,
6/4/2021,EURUSD,-72768.77,11570.13,-6.289364845,0.001802031,
6/7/2021,EURUSD,40746.13,10298.88,3.956364911,-0.002328138,
6/8/2021,EURUSD,116414.75,10396.87,11.1970956,-0.000552444,
6/9/2021,EURUSD,31232.38,11241.1,2.778409256,-0.000363303,
6/10/2021,EURUSD,183305.03,13152.41,13.93699214,0.00105053,
6/11/2021,EURUSD,-344345.03,13109.65,-26.26653146,0.002477093,
6/14/2021,EURUSD,156742.55,11534.43,13.58910255,0.002444122,
6/15/2021,EURUSD,94576.63,11260.99,8.398607093,-0.000893764,
6/16/2021,EURUSD,-843856.16,14049.7,-60.06221946,0.005089699,
6/17/2021,EURUSD,-1948221.61,18127.76,-107.4717236,0.009282118,
6/18/2021,EURUSD,-1065510.49,14159.67,-75.24966929,0.005473319,
6/21/2021,EURUSD,-81622.20,10340.04,-7.893799405,-4.21E-06,
6/22/2021,EURUSD,-100703.94,12091.64,-8.328393602,-0.003172459,
6/23/2021,EURUSD,90171.02,10515.75,8.574853642,-0.001157599,
6/24/2021,EURUSD,109917.49,8335.46,13.1867341,0.00026,
6/25/2021,EURUSD,74694.22,9059.19,8.24513184,-0.000798279,
6/28/2021,EURUSD,157752.34,10943.97,14.41454469,0.001404771,
6/29/2021,EURUSD,-86388.44,10296.94,-8.389719713,0.00160801,
6/30/2021,EURUSD,-39406.51,12939.98,-3.045329914,0.002521944,
7/1/2021,EURUSD,-86835.21,11678.36,-7.435565826,0.001679933,
7/2/2021,EURUSD,-182547.38,12182.99,-14.98379133,0.000651595,
7/5/2021,EURUSD,97332.07,8489.55,11.46492657,-0.00131037,
7/6/2021,EURUSD,-116366.52,14817.79,-7.853163265,0.001504637,
7/7/2021,EURUSD,-125396.42,20320.14,-6.171041185,0.00324,
7/8/2021,EURUSD,78545.87,14044.25,5.592742438,-0.001141262,
7/9/2021,EURUSD,-135073.75,11104.46,-12.16391866,-0.002861536,
7/12/2021,EURUSD,154893.70,11235.2,13.78646573,-0.000590498,
7/13/2021,EURUSD,-57554.31,16097.46,-3.575365819,0.00348399,
7/14/2021,EURUSD,167688.32,11297.66,14.84274824,0.001298638,
7/15/2021,EURUSD,105651.23,13583.89,7.777686109,-0.001512106,
7/16/2021,EURUSD,141295.14,11214.25,12.59960639,0.001414666,
7/19/2021,EURUSD,-314387.92,13209.1,-23.80085827,0.000683983,
7/20/2021,EURUSD,-44260.47,12616.41,-3.508166646,0.001161236,
7/21/2021,EURUSD,121439.58,11221.9,10.82165929,0.000199422,
7/22/2021,EURUSD,210962.06,14600.72,14.4487436,-0.000420142,
7/23/2021,EURUSD,167195.97,11174.48,14.96230442,0.001457154,
7/26/2021,EURUSD,228673.89,12112.16,18.87969518,-0.001503887,
7/27/2021,EURUSD,167601.15,14200.84,11.80219968,-0.001650095,
7/28/2021,EURUSD,285389.59,15792.09,18.07167986,-0.001058725,
7/29/2021,EURUSD,-304206.01,9999.24,-30.42291278,-0.003805265,
7/30/2021,EURUSD,-99111.57,13431.21,-7.379199101,-0.00116317,
8/2/2021,EURUSD,226487.25,12560.67,18.0314625,0.000507243,
8/3/2021,EURUSD,156746.21,13911.03,11.26776459,0.000305343,
8/4/2021,EURUSD,287915.10,17545.34,16.40977595,0.00103427,
8/5/2021,EURUSD,281509.08,14074.9,20.00078695,0.001585695,
8/6/2021,EURUSD,-1069213.86,15448.66,-69.21078361,0.00358,
8/9/2021,EURUSD,-152680.67,14416.98,-10.5903366,0.003823703,
8/10/2021,EURUSD,-570296.21,13490.22,-42.27478926,0.002061746,
8/11/2021,EURUSD,-40489.63,14732.47,-2.748325836,-0.00021321,
8/12/2021,EURUSD,40530.25,10753.32,3.769091321,-0.00053078,
8/13/2021,EURUSD,-104053.98,11274.44,-9.229192605,-0.002492703,
8/16/2021,EURUSD,51567.28,9520.44,5.416480729,-0.001691673,
8/17/2021,EURUSD,-418568.09,13219.24,-31.6635521,0.003407336,
8/18/2021,EURUSD,-46775.38,13964.15,-3.34967596,0.002565303,
8/19/2021,EURUSD,-497932.62,10973.9,-45.37426216,0.00191,
8/20/2021,EURUSD,54331.55,11128.89,4.882028133,0.000466182,
8/23/2021,EURUSD,8428.98,11259.17,0.74863226,-0.002764163,
8/24/2021,EURUSD,30997.52,10832.09,2.861638221,-0.002560257,
8/25/2021,EURUSD,80285.02,13244.14,6.061927985,-0.000657583,
8/26/2021,EURUSD,121267.04,11912.3,10.17998516,-0.000467874,
8/27/2021,EURUSD,200808.77,14442.19,13.90431561,-0.000790763,
8/30/2021,EURUSD,88813.94,11613.24,7.647645478,-0.002032693,
8/31/2021,EURUSD,-79917.70,17053.33,-4.686339937,-0.001333302,
9/1/2021,EURUSD,-38853.35,15707.94,-2.473484699,-0.001130422,
9/2/2021,EURUSD,-158145.81,12291.7,-12.86606505,-0.002795375,
9/3/2021,EURUSD,-454886.25,15094.39,-30.13611355,-0.00210861,
9/6/2021,EURUSD,-14793.35,8704.59,-1.699488322,0.000829044,
9/7/2021,EURUSD,105380.14,18400.45,5.72704127,0.001240386,
9/8/2021,EURUSD,-28149.86,15190.78,-1.853088379,0.002462769,
9/9/2021,EURUSD,143455.13,15295.57,9.378867855,0.000598189,
9/10/2021,EURUSD,80444.74,11963.27,6.724310013,-0.000179775,
9/13/2021,EURUSD,-154048.72,16094.38,-9.571584365,0.001725534,
9/14/2021,EURUSD,141271.86,15402.8,9.171829974,-0.001057022,
9/15/2021,EURUSD,201030.42,14645.52,13.72641064,0.000245461,
9/16/2021,EURUSD,-464430.14,16546.76,-28.06773917,0.002040367,
9/17/2021,EURUSD,-117992.34,16441.68,-7.176416184,0.003130435,
9/20/2021,EURUSD,-236559.64,12025.98,-19.67071657,0.00242,
9/21/2021,EURUSD,70944.94,13681.22,5.185571395,-0.000411614,
9/22/2021,EURUSD,-132490.31,17871.67,-7.413426609,0.001302552,
9/23/2021,EURUSD,293808.56,16055.35,18.29972915,-0.000187846,
9/24/2021,EURUSD,54725.96,10541.94,5.191260349,-0.00100735,
9/27/2021,EURUSD,114913.06,14500.94,7.924524704,0.00161824,
9/28/2021,EURUSD,-60098.37,18137.5,-3.313486771,0.001725504,
9/29/2021,EURUSD,-2061412.54,20535.6,-100.3823865,0.004090181,
9/30/2021,EURUSD,-689578.57,17308.48,-39.8405041,0.004551615,
10/1/2021,EURUSD,72515.51,12284.48,5.903018524,0.000114,
10/4/2021,EURUSD,99632.69,14309.28,6.962802179,-0.002166702,
10/5/2021,EURUSD,-43753.72,14322.78,-3.054834558,0.000574959,
10/6/2021,EURUSD,-545969.42,17010.15,-32.09668447,0.002813964,
10/7/2021,EURUSD,31306.72,12708.84,2.463381603,0.001292112,
10/8/2021,EURUSD,-15179.16,13409.9,-1.131937206,-0.000670691,
10/11/2021,EURUSD,-74543.51,11725.06,-6.357622728,4.76E-05,
10/12/2021,EURUSD,-139236.90,12202.32,-11.41069061,0.001673521,
10/13/2021,EURUSD,92974.86,13852.8,6.71162943,-0.001520389,
10/14/2021,EURUSD,-172492.07,10335.44,-16.68937885,-0.003219975,
10/15/2021,EURUSD,-17667.76,9583.52,-1.843556169,-0.000146579,
10/18/2021,EURUSD,18526.34,11055.39,1.675774835,0.00012716,
10/19/2021,EURUSD,-228447.92,12143.5,-18.81236181,-0.002668541,
10/20/2021,EURUSD,4005.39,9751.68,0.410738009,-0.000780373,
10/21/2021,EURUSD,-6458.58,10908.05,-0.592092802,-5.16E-05,
10/22/2021,EURUSD,66230.33,11026.29,6.006583791,0.00033294,
10/25/2021,EURUSD,-32246.85,13816.85,-2.333878434,0.00088742,
10/26/2021,EURUSD,54518.96,12326.35,4.422960624,0.001830182,
10/27/2021,EURUSD,165866.87,13791.31,12.02691163,0.000355504,
10/28/2021,EURUSD,40349.38,20609.16,1.957837334,-0.003381721,
10/29/2021,EURUSD,-545451.56,18825.44,-28.97417301,0.001976225,
11/1/2021,EURUSD,79314.43,13372.77,5.931039465,-0.00165,
11/2/2021,EURUSD,110112.55,13110.28,8.398947037,-0.001096763,
11/3/2021,EURUSD,114874.44,15805.7,7.267911976,2.37E-05,
11/4/2021,EURUSD,-188116.40,15824.29,-11.88782591,0.001246555,
11/5/2021,EURUSD,33887.47,14995.19,2.25988967,0.002321313,
11/8/2021,EURUSD,136077.29,13636.32,9.979033215,-0.001766138,
11/9/2021,EURUSD,154598.87,16589.86,9.318877058,-0.001447581,
11/10/2021,EURUSD,-489671.46,24125.53,-20.29681666,0.004606147,
11/11/2021,EURUSD,-648943.15,17272.97,-37.56986477,0.006162002,
11/12/2021,EURUSD,-31497.99,16468.38,-1.91263444,0.00152,
11/15/2021,EURUSD,-2219042.28,22842.07,-97.14716219,0.003352744,
11/16/2021,EURUSD,-928110.07,19375.15,-47.90208411,0.00554461,
11/17/2021,EURUSD,-1476216.28,18318,-80.58828907,0.003197662,
11/18/2021,EURUSD,-36160.72,15075.69,-2.398610943,-0.003214553,
11/19/2021,EURUSD,-439256.66,19775.86,-22.21176019,0.002305122,
11/22/2021,EURUSD,-241069.57,18392.85,-13.1066999,0.005135557,
11/23/2021,EURUSD,-139756.78,16402.94,-8.52022757,0.001356569,
11/24/2021,EURUSD,-486420.99,20129.76,-24.16427159,0.002098757,
11/25/2021,EURUSD,81467.75,13839.37,5.886666276,0.001207541,
11/26/2021,EURUSD,-252996.85,24887.54,-10.16560286,-0.004929691,
11/29/2021,EURUSD,25375.11,17230.18,1.472712942,-0.002281838,
11/30/2021,EURUSD,-168570.51,26669.44,-6.320736817,-0.001851434,
12/1/2021,EURUSD,79910.21,16738.24,4.774110494,-0.001741906,
12/2/2021,EURUSD,88374.86,15386.66,5.743602272,0.001297538,
12/3/2021,EURUSD,168295.11,19098.61,8.811903631,0.001040705,
12/6/2021,EURUSD,167272.01,17023.63,9.825872214,0.001128052,
12/7/2021,EURUSD,-158094.32,20692.97,-7.64000163,0.001888852,
12/8/2021,EURUSD,-111068.10,21570.2,-5.149145523,-0.003310083,
12/9/2021,EURUSD,151235.33,18436.79,8.202910152,-0.000692117,
12/10/2021,EURUSD,531437.79,20369.58,26.08977653,0.001407582,
12/13/2021,EURUSD,173233.08,21168.99,8.183341761,0.00044699,
12/14/2021,EURUSD,212850.14,20329.24,10.47014739,0.00128,
12/15/2021,EURUSD,238109.44,21324.92,11.16578344,0.001097235,
12/16/2021,EURUSD,209993.01,19774.84,10.61920157,-0.004249521,
12/17/2021,EURUSD,30180.60,19001.77,1.588304855,0.002373197,
12/20/2021,EURUSD,437697.73,21268.18,20.57993359,0.002181713,
12/21/2021,EURUSD,242742.22,21280.91,11.40657138,-0.001627099,
12/22/2021,EURUSD,-129469.27,20814.82,-6.220052209,-0.002007854,
12/23/2021,EURUSD,122470.98,20053.88,6.107096636,-0.001515038,
12/24/2021,EURUSD,20706.51,7106.22,2.913856752,6.63E-06,
12/27/2021,EURUSD,176614.51,16340.27,10.8085431,0.000126,
12/28/2021,EURUSD,298207.92,22048.55,13.5250579,0.000479284,
12/29/2021,EURUSD,-153347.08,23380.37,-6.558796215,-0.00093472,
12/30/2021,EURUSD,657032.87,26633.92,24.66902624,-0.000657887,
12/31/2021,EURUSD,-123412.34,22746.18,-5.425629473,-0.001118556,
1/3/2022,EURUSD,308564.27,31976.29,9.649783282,0.001192234,
1/4/2022,EURUSD,-107535.29,26792.46,-4.013640026,0.003351507,
1/5/2022,EURUSD,-171551.33,27980.96,-6.13100242,-0.001044918,
1/6/2022,EURUSD,424588.89,27409.23,15.49072655,8.85E-06,
1/7/2022,EURUSD,-2654.74,27298.32,-0.097249265,-0.001952771,
1/10/2022,EURUSD,695613.25,32660.29,21.29844082,-0.000258243,
1/11/2022,EURUSD,319280.46,29766.04,10.72633306,-0.001215858,
1/12/2022,EURUSD,-1882662.79,31643.15,-59.49669337,-0.005245422,
1/13/2022,EURUSD,-1101425.60,27265.01,-40.39703631,-0.004308181,
1/14/2022,EURUSD,-183531.56,28644.02,-6.407325445,0.001270537,
1/17/2022,EURUSD,120680.46,22288.82,5.414394215,0.00234321,
1/18/2022,EURUSD,-602843.98,34014.99,-17.72289146,0.003827615,
1/19/2022,EURUSD,-35799.47,21697.73,-1.649917738,0.002898787,
1/20/2022,EURUSD,-591643.04,25825.57,-22.90919575,0.000350719,
1/21/2022,EURUSD,108937.48,22183.9,4.910655128,0.000227275,
1/24/2022,EURUSD,272157.44,29860.38,9.114332752,0.000267053,
1/25/2022,EURUSD,70539.06,30351.66,2.324059432,0.00186325,
1/26/2022,EURUSD,27024.92,30662.34,0.881371746,0.00287,
1/27/2022,EURUSD,-3185264.92,33854.67,-94.08642651,0.007246618,
1/28/2022,EURUSD,-306360.81,28261.52,-10.84021009,0.003876541,
1/31/2022,EURUSD,-7268.32,30997.09,-0.234484048,-0.0039163,
2/1/2022,EURUSD,107320.17,26499.78,4.049851228,-0.005480646,
2/2/2022,EURUSD,132865.39,28749.78,4.621440262,-0.003695326,
2/3/2022,EURUSD,-1815967.83,38374.07,-47.32278418,-0.006373826,
2/4/2022,EURUSD,-460250.65,26689.29,-17.24476942,-0.007107816,
2/7/2022,EURUSD,251460.80,24600.38,10.22182578,7.65E-05,
2/8/2022,EURUSD,214976.61,24598.93,8.73926658,0.00169,
2/9/2022,EURUSD,82485.90,23203.09,3.554953438,0.00029541,
2/10/2022,EURUSD,261221.18,36176.44,7.220754134,-0.00067636,
2/11/2022,EURUSD,86886.04,30713.41,2.828928614,0.004068544,
2/14/2022,EURUSD,271357.75,30199.84,8.985403484,0.005343659,
2/15/2022,EURUSD,17183.05,22691.23,0.757255062,-0.000962742,
2/16/2022,EURUSD,-72653.97,22652.03,-3.207393245,-0.003020015,
2/17/2022,EURUSD,534773.80,23497.71,22.75854984,0.000620219,
2/18/2022,EURUSD,64600.67,20785.64,3.107947223,0.001518499,
2/21/2022,EURUSD,332704.29,25540.67,13.02645119,0.001113056,
2/22/2022,EURUSD,539665.93,30162.1,17.89218686,0.000752426,
2/23/2022,EURUSD,388490.93,24114.35,16.11036283,4.42E-06,
2/24/2022,EURUSD,-3639909.66,44059.44,-82.61361613,0.008338155,
2/25/2022,EURUSD,-35607.75,23373,-1.523456578,0.00022045,
2/28/2022,EURUSD,444225.99,26726.13,16.62141082,0.004265195,
3/1/2022,EURUSD,-645079.19,27675.54,-23.30863982,0.000981954,
3/2/2022,EURUSD,-418468.41,25978.31,-16.1083768,0.004952656,
3/3/2022,EURUSD,-203836.23,21509.84,-9.476417839,0.002378397,
3/4/2022,EURUSD,-3446254.42,31433.3,-109.6370542,0.00873782,
3/7/2022,EURUSD,-1292319.65,33146.21,-38.98845887,0.009970739,
3/8/2022,EURUSD,-576743.44,23790.67,-24.24242114,-0.001057219,
3/9/2022,EURUSD,-558310.44,24031.25,-23.23268428,-0.009112323,
3/10/2022,EURUSD,-120014.58,20509.06,-5.851783528,-0.00459,
3/11/2022,EURUSD,-184892.53,18035.64,-10.25150898,0.007111312,
3/14/2022,EURUSD,-69082.65,18215.41,-3.792538621,-0.001836421,
3/15/2022,EURUSD,-38714.87,18931.15,-2.045035214,-0.001903909,
3/16/2022,EURUSD,196870.83,21613.92,9.108520276,-0.003145859,
3/17/2022,EURUSD,-222889.08,18956.03,-11.75821499,-0.006619926,
3/18/2022,EURUSD,-64880.81,18424.87,-3.521371467,0.000124253,
3/21/2022,EURUSD,97983.98,16908.25,5.795039669,0.00131,
3/22/2022,EURUSD,-226483.22,18188.2,-12.45220612,0.002188109,
3/23/2022,EURUSD,-36957.30,14799.4,-2.497215789,0.000211118,
3/24/2022,EURUSD,106248.71,17058.43,6.228516587,0.001364613,
3/25/2022,EURUSD,73137.71,17469.96,4.186484255,-0.000327409,
3/28/2022,EURUSD,-148264.57,20526.81,-7.222971955,0.001920625,
3/29/2022,EURUSD,-28068.52,24998.03,-1.122829343,-0.005948314,
3/30/2022,EURUSD,-94048.00,19350.27,-4.86029388,-0.007291818,
3/31/2022,EURUSD,-139187.89,22954.29,-6.06369841,0.000615801,
4/1/2022,EURUSD,-15370.12,16705.6,-0.920057893,0.005761511,
4/4/2022,EURUSD,-575909.90,19504.88,-29.52645167,0.004428732,
4/5/2022,EURUSD,-977906.08,22567.68,-43.33214925,0.005738887,
4/6/2022,EURUSD,-464099.67,22018.33,-21.07787767,0.003493827,
4/7/2022,EURUSD,-318190.08,23347.99,-13.62815713,0.000853015,
4/8/2022,EURUSD,-178671.75,19724.08,-9.058559324,0.002111409,
4/11/2022,EURUSD,71375.12,17062.75,4.183095665,-0.002870232,
4/12/2022,EURUSD,-136987.53,22593.71,-6.063082673,0.00397426,
4/13/2022,EURUSD,-231038.21,20853.68,-11.07901408,0.000338458,
4/14/2022,EURUSD,-1059742.15,25514.92,-41.53421396,0.000536649,
4/15/2022,EURUSD,-103819.48,2251.78,-46.10551655,0.003106399,
4/18/2022,EURUSD,-159523.55,14043.78,-11.35901786,0.002038859,
4/19/2022,EURUSD,-20598.59,17537.42,-1.174550886,0.00071807,
4/20/2022,EURUSD,75331.00,18890.82,3.987704344,-0.00349,
4/21/2022,EURUSD,-101138.59,22994.97,-4.39829186,-0.003488023,
4/22/2022,EURUSD,-367867.41,18534.63,-19.84757254,0.004431196,
4/25/2022,EURUSD,-1385094.56,21256.86,-65.15988549,0.005151505,
4/26/2022,EURUSD,-1524297.92,21681.15,-70.30521542,0.007153698,
4/27/2022,EURUSD,-2614983.89,27760.54,-94.1978753,0.008389729,
4/28/2022,EURUSD,-785030.54,25219.36,-31.12809132,0.006385666,
4/29/2022,EURUSD,-68127.92,21001.63,-3.243934801,-0.000793538,
5/2/2022,EURUSD,-83879.08,15887.71,-5.279494899,0.000268259,
5/3/2022,EURUSD,72892.48,20703.47,3.520785754,0.000454,
5/4/2022,EURUSD,150471.74,23394.96,6.431801521,-0.004304754,
5/5/2022,EURUSD,-176328.56,22877.94,-7.707361846,-0.000404502,
5/6/2022,EURUSD,86159.79,22914.63,3.760034088,0.003036085,
5/9/2022,EURUSD,99671.37,23284.14,4.280654976,-0.000493325,
5/10/2022,EURUSD,48317.55,21431.39,2.254522544,-0.000260764,
5/11/2022,EURUSD,168896.26,23839.4,7.084753118,0.001848573,
5/12/2022,EURUSD,-1586292.39,28451.47,-55.75432094,0.008148787,
5/13/2022,EURUSD,-428904.22,24662.68,-17.39081984,0.005304798,
5/16/2022,EURUSD,44810.26,15611.92,2.870259365,-0.002743557,
5/17/2022,EURUSD,-335694.70,21121.69,-15.89336342,-0.007180932,
5/18/2022,EURUSD,-207524.15,17624.28,-11.77490067,-0.001627543,
5/19/2022,EURUSD,-240421.62,21585.67,-11.13801966,-0.001815223,
5/20/2022,EURUSD,6426.75,16527.16,0.388860043,-0.003811473,
5/23/2022,EURUSD,-937294.75,21891.88,-42.8147215,-0.005408065,
5/24/2022,EURUSD,-178923.50,21750.03,-8.226356426,-0.007828456,
5/25/2022,EURUSD,-65331.55,21111.29,-3.094626029,0.000964244,
5/26/2022,EURUSD,-42441.56,16167.14,-2.625174399,-0.000149567,
5/27/2022,EURUSD,7403.59,16359.7,0.452550732,-0.002801624,
5/30/2022,EURUSD,18372.00,15684.11,1.171376786,-0.002514185,
5/31/2022,EURUSD,115607.25,21502.7,5.376406042,0.001399206,
6/1/2022,EURUSD,-700.06,19444.11,-0.036003555,0.005085629,
6/2/2022,EURUSD,-260948.18,16492.69,-15.82205115,-0.00105,
6/3/2022,EURUSD,-46262.27,16346.41,-2.830117864,-0.003271739,
6/6/2022,EURUSD,-41660.71,15490.67,-2.689406704,0.00192869,
6/7/2022,EURUSD,-189424.19,17365.15,-10.9082955,0.001955755,
6/8/2022,EURUSD,59772.03,18619.18,3.210239706,-0.001681317,
6/9/2022,EURUSD,-124647.07,23100.27,-5.395913978,0.002815389,
6/10/2022,EURUSD,-852488.57,19523.22,-43.66536718,0.010176658,
6/13/2022,EURUSD,-1254430.95,20518.33,-61.13708816,0.010413735,
6/14/2022,EURUSD,-242481.84,17326.98,-13.99446632,0.003271957,
6/15/2022,EURUSD,55249.87,22197.96,2.488961397,-0.000475,
6/16/2022,EURUSD,-261452.80,21038.77,-12.42719017,-0.006061361,
6/17/2022,EURUSD,-104235.09,14188.08,-7.346666675,-0.001681905,
6/20/2022,EURUSD,22727.47,12295.17,1.848487483,0.001098776,
6/21/2022,EURUSD,185925.85,16986.6,10.94544236,-0.003040433,
6/22/2022,EURUSD,-409934.53,17946.69,-22.8417905,-0.00103256,
6/23/2022,EURUSD,128703.45,18958.77,6.788596896,0.000514562,
6/24/2022,EURUSD,95711.97,14408.46,6.642761825,-0.000142348,
6/27/2022,EURUSD,110525.07,15558.61,7.103788044,-0.003351828,
6/28/2022,EURUSD,19402.22,17416.33,1.114024587,0.002094691,
6/29/2022,EURUSD,-262529.13,17915.63,-14.65363634,0.006614734,
6/30/2022,EURUSD,-231321.53,21736.93,-10.64186736,0.003305541,
7/1/2022,EURUSD,124997.43,19024.23,6.570432948,0.000804001,
7/4/2022,EURUSD,120313.63,13490.24,8.918568228,0.000833385,
7/5/2022,EURUSD,-3244733.52,25955.63,-125.0107788,0.008510975,
7/6/2022,EURUSD,-1539790.74,19660.97,-78.31712995,0.011695171,
7/7/2022,EURUSD,-249572.98,15718.78,-15.87737577,0.004361151,
7/8/2022,EURUSD,-775698.61,19077.07,-40.66130745,0.002437023,
7/11/2022,EURUSD,-150916.17,18462.75,-8.174089453,0.004297373,
7/12/2022,EURUSD,-338588.78,21008.9,-16.11644517,0.007066238,
7/13/2022,EURUSD,323316.25,21196.13,15.25355105,-0.001624072,
7/14/2022,EURUSD,-449365.89,23669.04,-18.98538719,0.003125995,
7/15/2022,EURUSD,-23354.79,17040.57,-1.370540492,-0.00302,
7/18/2022,EURUSD,-303224.20,20608.73,-14.71338616,-0.007496282,
7/19/2022,EURUSD,-43439.08,19750.37,-2.199406047,-0.006102498,
7/20/2022,EURUSD,-679661.04,23639.39,-28.75120884,-0.001859885,
7/21/2022,EURUSD,135984.79,21556.68,6.308243467,-0.000105312,
7/22/2022,EURUSD,-25993.67,20555.3,-1.264572546,0.000340392,
7/25/2022,EURUSD,215008.28,17939.56,11.98514768,-0.001173404,
7/26/2022,EURUSD,-204397.57,24425.12,-8.368334205,0.004360241,
7/27/2022,EURUSD,110489.63,25915.09,4.263524956,0.00151876,
7/28/2022,EURUSD,128735.68,23468.36,5.485499541,-0.00273,
7/29/2022,EURUSD,112399.65,24382.24,4.609898373,-0.001934198,
8/1/2022,EURUSD,160309.83,21665.33,7.39937163,-0.003189675,
8/2/2022,EURUSD,-166592.87,24906.56,-6.688714514,0.001682564,
8/3/2022,EURUSD,91986.20,22502.95,4.087739826,0.005293477,
8/4/2022,EURUSD,-75386.87,21238.38,-3.549558582,-0.003701053,
8/5/2022,EURUSD,314731.33,19378.1,16.24159907,-7.35E-06,
8/8/2022,EURUSD,213695.48,19034.59,11.22669204,0.00170281,
8/9/2022,EURUSD,32590.61,17866.88,1.824079653,-0.002326643,
8/10/2022,EURUSD,-1227387.24,26935.9,-45.56696605,-0.005842283,
8/11/2022,EURUSD,103338.42,21451.36,4.817336448,-0.004328267,
8/12/2022,EURUSD,-17670.59,17004.59,-1.039165816,0.002799552,
8/15/2022,EURUSD,-577832.43,19747.3,-29.2613384,0.007340591,
8/16/2022,EURUSD,-349144.77,23846.03,-14.6416308,0.004769939,
8/17/2022,EURUSD,-50986.37,19415.1,-2.626119155,-0.00120066,
8/18/2022,EURUSD,-848902.52,22776.66,-37.27072018,0.003895009,
8/19/2022,EURUSD,-821218.30,18905.98,-43.4369599,0.007021162,
8/22/2022,EURUSD,-1913450.47,22983.21,-83.25427441,0.007532919,
8/23/2022,EURUSD,-427279.80,24614.04,-17.35919008,0.003159202,
8/24/2022,EURUSD,8692.33,21201.94,0.409978178,-0.000527365,
8/25/2022,EURUSD,-37925.57,24178.33,-1.568576859,-0.002007951,
8/26/2022,EURUSD,-126809.36,22627.85,-5.604127762,-0.001280009,
8/29/2022,EURUSD,-95184.05,21504.35,-4.426269382,0.00177,
8/30/2022,EURUSD,129589.52,23776.03,5.450427017,-0.003631406,
8/31/2022,EURUSD,7138.44,24627.44,0.289857019,-0.001698013,
9/1/2022,EURUSD,-350624.04,21895.18,-16.01375475,0.003821532,
9/2/2022,EURUSD,156439.01,24476.86,6.391302433,0.002219636,
9/5/2022,EURUSD,-58398.22,20478.59,-2.851671822,0.005005919,
9/6/2022,EURUSD,-225387.76,27681.6,-8.142150767,-0.00021173,
9/7/2022,EURUSD,-107090.85,24648.58,-4.344706641,-0.002923269,
9/8/2022,EURUSD,89985.58,23808.54,3.779550529,-0.004186182,
9/9/2022,EURUSD,-115605.45,21543.75,-5.366078534,-0.00461,
9/12/2022,EURUSD,-104567.21,24733.05,-4.227833245,-0.008351516,
9/13/2022,EURUSD,-30887.86,26839.34,-1.150842614,0.005967834,
9/14/2022,EURUSD,86410.07,24356.06,3.547785088,0.007929507,
9/15/2022,EURUSD,-229431.73,21313.24,-10.76475129,-0.000541042,
9/16/2022,EURUSD,-16705.02,18894.57,-0.884117732,-0.001078994,
9/19/2022,EURUSD,52276.12,17439.6,2.997552506,-0.000965297,
9/20/2022,EURUSD,35247.45,24330.1,1.448717638,0.000737015,
9/21/2022,EURUSD,-1449244.02,31881.36,-45.45740909,0.010043303,
9/22/2022,EURUSD,-1364619.32,24292.57,-56.1743496,0.005301161,
9/23/2022,EURUSD,-1960754.37,25483.23,-76.94292961,0.008777409,
9/26/2022,EURUSD,-1547898.13,28074.1,-55.1361623,0.012968916,
9/27/2022,EURUSD,8896.74,27598.72,0.322360708,0.002470597,
9/28/2022,EURUSD,-411397.22,30695.39,-13.40257346,-0.004466934,
9/29/2022,EURUSD,-328031.79,24709.34,-13.27561908,-0.009904247,
9/30/2022,EURUSD,-245285.44,23713.03,-10.34390968,-3.57E-05,
10/3/2022,EURUSD,148610.45,23635.5,6.287594721,-0.010473581,
10/4/2022,EURUSD,-735714.09,22709.09,-32.39733905,-0.002150755,
10/5/2022,EURUSD,-131414.27,19267.92,-6.820366188,0.00788429,
10/6/2022,EURUSD,-107703.19,18163.91,-5.929515815,0.008035809,
10/7/2022,EURUSD,-142423.65,17438.33,-8.167275675,0.005085783,
10/10/2022,EURUSD,-44939.99,16837.49,-2.669043593,0.000483651,
10/11/2022,EURUSD,-126759.39,20665.59,-6.133838574,0.00115,
10/12/2022,EURUSD,46906.96,17447.58,2.688451011,-0.002824196,
10/13/2022,EURUSD,111356.75,21658.8,5.141409251,-0.002438517,
10/14/2022,EURUSD,61526.77,19521.42,3.151756758,-0.003188762,
10/17/2022,EURUSD,-295951.22,19527.88,-15.15531738,-0.006456905,
10/18/2022,EURUSD,4902.84,19374.49,0.253056522,0.003346103,
10/19/2022,EURUSD,-144336.00,17871.65,-8.076255062,0.002516729,
10/20/2022,EURUSD,27866.06,19757.42,1.410409679,-0.001532234,
10/21/2022,EURUSD,84143.11,26765.24,3.143745817,-0.005915576,
10/24/2022,EURUSD,202905.09,20905.75,9.705707179,-0.00545,
10/25/2022,EURUSD,-303320.92,21585.87,-14.0518273,-0.010447313,
10/26/2022,EURUSD,-886954.32,19992.6,-44.36413051,-0.000366766,
10/27/2022,EURUSD,-27095.64,20295.52,-1.335055182,0.006043178,
10/28/2022,EURUSD,-104145.73,18098.58,-5.754359178,0.001211969,
10/31/2022,EURUSD,-44285.91,16616.35,-2.66520106,0.00322579,
11/1/2022,EURUSD,40983.75,21405.77,1.91461216,0.002888411,
11/2/2022,EURUSD,54450.09,21411.22,2.543063368,0.002105598,
11/3/2022,EURUSD,-312688.38,18577.11,-16.83191716,0.008673207,
11/4/2022,EURUSD,-260150.90,17709.46,-14.6899399,-0.007139298,
11/7/2022,EURUSD,-383960.35,16081.73,-23.87556261,-0.011419539,
11/8/2022,EURUSD,-210090.48,16824.01,-12.48753906,-0.007354823,
11/9/2022,EURUSD,58045.85,15485.87,3.74831033,-0.00016186,
11/10/2022,EURUSD,-643377.23,21018.64,-30.60984105,-0.005191126,
11/11/2022,EURUSD,-966585.77,18734.77,-51.59314835,-0.017632984,
11/14/2022,EURUSD,-45837.17,21702.92,-2.112027959,-0.005060229,
11/15/2022,EURUSD,-743610.15,25134.81,-29.58487259,-0.003417044,
11/16/2022,EURUSD,-178454.87,19474.74,-9.163402097,-0.001788382,
11/17/2022,EURUSD,-19117.05,17078.99,-1.119331454,0.00094921,
11/18/2022,EURUSD,44681.36,18775.56,2.379761665,0.001832703,
11/21/2022,EURUSD,-8492.24,20534.39,-0.413561942,0.006655747,
11/22/2022,EURUSD,-192274.78,16536.29,-11.62744351,0.000693,
11/23/2022,EURUSD,-311985.12,19803.12,-15.75434166,-0.007503261,
11/24/2022,EURUSD,-373776.76,15219.2,-24.5595538,-0.005744364,
11/25/2022,EURUSD,-24568.56,16615.84,-1.478622985,0.001184103,
11/28/2022,EURUSD,-679032.42,26167.57,-25.94938756,0.001159055,
11/29/2022,EURUSD,230980.64,20201.79,11.43367211,0.003791764,
11/30/2022,EURUSD,156194.70,21646.21,7.215798763,-0.001718226,
12/1/2022,EURUSD,-368087.71,19704.32,-18.68055864,-0.009801935,
12/2/2022,EURUSD,-492167.84,17774.68,-27.68926569,-0.004245377,
12/5/2022,EURUSD,68234.41,20119.21,3.391505626,-0.00152,
12/6/2022,EURUSD,2674.58,18716.86,0.142896805,0.003605795,
12/7/2022,EURUSD,-234138.63,18430.42,-12.70392282,-0.000369513,
12/8/2022,EURUSD,4424.57,16960.81,0.260870204,-0.003591293,
12/9/2022,EURUSD,-92191.45,19780.58,-4.660705281,-0.001438975,
12/12/2022,EURUSD,65335.98,22537.25,2.899021756,0.000554846,
12/13/2022,EURUSD,25736.26,26704,0.963760467,-0.005148219,
12/14/2022,EURUSD,85493.50,25247.84,3.386171049,-0.006117897,
12/15/2022,EURUSD,512184.57,26203.92,19.54610508,-0.000187676,
12/16/2022,EURUSD,177564.59,19674.71,9.025017085,0.004158584,
12/19/2022,EURUSD,170986.52,22137.97,7.723676734,0.000680682,
12/20/2022,EURUSD,383348.31,25211.9,15.20505428,-0.000919193,
12/21/2022,EURUSD,369285.69,21497.57,17.17802012,8.95E-05,
12/22/2022,EURUSD,302968.62,21363.09,14.18187275,0.000725325,
12/23/2022,EURUSD,263314.74,21961.99,11.98956636,8.01E-05,
12/26/2022,EURUSD,8892.06,2069.76,4.296179318,-0.001074724,
12/27/2022,EURUSD,392289.18,23969.59,16.36611959,-0.001812827,
12/28/2022,EURUSD,390641.70,24812.91,15.74348586,0.000554614,
12/29/2022,EURUSD,405146.37,30689.13,13.20162436,-0.000912329,
12/30/2022,EURUSD,341505.07,32324.21,10.5649934,-0.003401672,
1/2/2023,EURUSD,221266.81,7155.14,30.9241759,3.04E-05,
1/3/2023,EURUSD,-1449549.25,37386.88,-38.77160255,0.007005254,
1/4/2023,EURUSD,178248.91,26805.6,6.649689245,0.00202,
1/5/2023,EURUSD,154211.11,28832.82,5.348457322,0.001339602,
1/6/2023,EURUSD,-680924.53,34181.94,-19.9205934,-0.000529935,
1/9/2023,EURUSD,-1124032.72,25375.62,-44.29577378,-0.011255164,
1/10/2023,EURUSD,13683.43,22010.19,0.621686105,-0.003923522,
1/11/2023,EURUSD,203974.62,25010.57,8.155536534,-0.001287978,
1/12/2023,EURUSD,-1982330.68,32683.76,-60.6518553,-0.004891744,
1/13/2023,EURUSD,-147189.62,25269.2,-5.824862696,-0.002914278,
1/16/2023,EURUSD,-106577.34,15951.59,-6.681298895,-1.62E-05,
1/17/2023,EURUSD,266777.01,28888.53,9.23470343,0.00173,
1/18/2023,EURUSD,-137094.96,29202.66,-4.694605163,0.000411533,
1/19/2023,EURUSD,214388.51,20417.29,10.50034111,-0.000224355,
1/20/2023,EURUSD,185944.02,22649.08,8.209782569,-0.002321666,
1/23/2023,EURUSD,-201433.04,23934.35,-8.416064596,-0.003818185,
1/24/2023,EURUSD,230254.42,20451.73,11.25843228,0.000457359,
1/25/2023,EURUSD,368383.92,22903.97,16.08384573,-0.002096995,
1/26/2023,EURUSD,306587.48,20173.59,15.19746742,-8.03E-05,
1/27/2023,EURUSD,189835.18,17109.11,11.09556128,0.002078673,
1/30/2023,EURUSD,482462.79,23684.13,20.37072053,0.000659847,
1/31/2023,EURUSD,-334164.01,23527.17,-14.20332385,0.001806001,
2/1/2023,EURUSD,-2528782.25,25780.81,-98.08777351,-0.007260122,
2/2/2023,EURUSD,14628.56,19370.63,0.75519281,-0.002546753,
2/3/2023,EURUSD,-144331.21,15238.58,-9.47143437,0.008702698,
2/6/2023,EURUSD,-587135.51,16184.79,-36.27699273,0.00961948,
2/7/2023,EURUSD,-300725.76,19752.48,-15.22470919,0.002996636,
2/8/2023,EURUSD,105046.23,10841.05,9.689673356,-0.000512988,
2/9/2023,EURUSD,-15324.60,12103.7,-1.266108349,-0.000962524,
2/10/2023,EURUSD,-157.99,11231.59,-0.014066684,0.002752082,
2/13/2023,EURUSD,-120401.28,11907.99,-10.11096561,0.000954914,
2/14/2023,EURUSD,-78057.29,15454.25,-5.050862156,-0.004143472,
2/15/2023,EURUSD,-27747.21,10068.05,-2.755967072,0.003304823,
2/16/2023,EURUSD,46078.82,11297.05,4.078836837,0.00212,
2/17/2023,EURUSD,-423511.62,10053.42,-42.12612445,0.001432091,
2/20/2023,EURUSD,41082.15,5701.08,7.20602972,-0.001619272,
2/21/2023,EURUSD,221694.68,15617.57,14.19520982,0.001857631,
2/22/2023,EURUSD,245235.76,16817.79,14.58192529,0.003558102,
2/23/2023,EURUSD,205404.04,18702.41,10.98275772,0.0025452,
2/24/2023,EURUSD,-284442.44,17253.75,-16.48583306,0.002747434,
2/27/2023,EURUSD,-56664.97,16269.38,-3.482921219,-0.000451679,
2/28/2023,EURUSD,-28229.79,17344.05,-1.627635148,-0.002207735,
3/1/2023,EURUSD,-280385.09,21020.56,-13.33861196,-0.002342025,
