date,open,high,low,close,trend
2015.04.20,118.992,119.433,118.53,119.129,0
2015.04.21,119.139,119.832,119.139,119.663,0
2015.04.22,119.665,119.961,119.344,119.903,0
2015.04.23,119.897,120.092,119.426,119.567,0
2015.04.24,119.579,119.658,118.829,118.925,0
2015.04.27,118.856,119.433,118.775,119.029,0
2015.04.28,119.021,119.197,118.773,118.837,0
2015.04.29,118.843,119.36,118.607,118.993,0
2015.04.30,118.983,119.894,118.496,119.373,0
2015.05.01,119.367,120.286,119.367,120.17,0
2015.05.04,120.221,120.274,119.996,120.127,0
2015.05.05,120.135,120.504,119.725,119.845,0
2015.05.06,119.819,120.046,119.203,119.423,0
2015.05.07,119.425,119.86,119.054,119.729,0
2015.05.08,119.729,120.23,119.586,119.77,0
2015.05.11,119.633,120.151,119.617,120.079,0
2015.05.12,120.081,120.275,119.788,119.845,0
2015.05.13,119.845,120.01,119.034,119.141,0
2015.05.14,119.141,119.336,118.886,119.123,0
2015.05.15,119.129,119.926,119.129,119.358,0
2015.05.18,119.239,120.034,119.213,119.969,0
2015.05.19,119.971,120.737,119.83,120.685,0
2015.05.20,120.677,121.476,120.58,121.337,0
2015.05.21,121.335,121.379,120.845,121.025,0
2015.05.22,121.033,121.569,120.64,121.499,0
2015.05.25,121.493,121.775,121.445,121.551,0
2015.05.26,121.545,123.321,121.482,123.047,0
2015.05.27,123.053,124.068,122.774,123.609,0
2015.05.28,123.609,124.46,123.494,123.945,0
2015.05.29,123.943,124.185,123.605,124.111,0
2015.06.01,124.075,124.915,123.853,124.767,0
2015.06.02,124.767,125.051,123.75,124.081,0
2015.06.03,124.083,124.681,123.787,124.243,0
2015.06.04,124.243,124.68,123.778,124.345,0
2015.06.05,124.347,125.855,124.337,125.575,0
2015.06.08,125.567,125.676,124.292,124.473,0
2015.06.09,124.477,124.735,123.859,124.331,0
2015.06.10,124.325,124.619,122.457,122.599,0
2015.06.11,122.589,124.14,122.577,123.407,0
2015.06.12,123.407,123.817,123.138,123.348,0
2015.06.15,123.207,123.658,123.113,123.399,0
2015.06.16,123.397,123.799,123.289,123.353,0
2015.06.17,123.345,124.441,123.207,123.421,0
2015.06.18,123.419,123.61,122.451,122.961,0
2015.06.19,122.957,123.216,122.558,122.631,0
2015.06.22,122.939,123.419,122.56,123.349,0
2015.06.23,123.343,124.184,123.341,123.935,0
2015.06.24,123.911,124.375,123.715,123.843,0
2015.06.25,123.841,123.955,123.318,123.623,0
2015.06.26,123.621,123.987,123.223,123.808,0
2015.06.29,122.703,123.19,122.102,122.535,0
2015.06.30,122.531,122.716,121.936,122.487,0
2015.07.01,122.485,123.236,122.355,123.167,0
2015.07.02,123.159,123.712,122.954,123.023,0
2015.07.03,123.031,123.183,122.599,122.823,0
2015.07.06,121.881,122.93,121.844,122.555,0
2015.07.07,122.555,122.883,122.01,122.521,0
2015.07.08,122.527,122.567,120.411,120.701,0
2015.07.09,120.701,121.576,120.46,121.309,0
2015.07.10,121.319,122.879,121.245,122.839,0
2015.07.13,122.185,123.534,122.185,123.435,0
2015.07.14,123.447,123.731,122.92,123.391,0
2015.07.15,123.397,123.97,123.259,123.753,0
2015.07.16,123.759,124.178,123.693,124.143,0
2015.07.17,124.145,124.232,123.916,124.053,0
2015.07.20,124.019,124.386,124.011,124.258,0
2015.07.21,124.211,124.476,123.761,123.879,0
2015.07.22,123.833,124.15,123.569,123.959,0
2015.07.23,123.957,124.185,123.674,123.913,0
2015.07.24,123.913,124.095,123.596,123.768,0
2015.07.27,123.731,123.836,123.009,123.239,0
2015.07.28,123.239,123.792,123.074,123.557,0
2015.07.29,123.557,124.025,123.331,123.925,0
2015.07.30,123.927,124.58,123.875,124.135,0
2015.07.31,124.129,124.374,123.518,123.874,0
2015.08.03,123.851,124.272,123.849,124.025,0
2015.08.04,124.019,124.401,123.798,124.379,0
2015.08.05,124.375,125.011,124.005,124.849,0
2015.08.06,124.855,124.961,124.538,124.723,0
2015.08.07,124.725,125.072,124.103,124.201,0
2015.08.10,124.111,124.781,124.111,124.623,0
2015.08.11,124.621,125.206,124.519,125.097,0
2015.08.12,125.095,125.279,123.786,124.199,0
2015.08.13,124.197,124.627,124.068,124.437,0
2015.08.14,124.437,124.531,124.054,124.313,0
2015.08.17,124.285,124.573,124.198,124.383,0
2015.08.18,124.381,124.514,124.18,124.395,0
2015.08.19,124.397,124.469,123.689,123.789,0
2015.08.20,123.785,124.157,123.328,123.359,1
2015.08.21,123.375,123.495,121.814,122.022,1
2015.08.24,121.869,122.022,116.137,118.407,1
2015.08.25,118.407,120.395,118.248,118.817,1
2015.08.26,118.803,120.012,118.452,119.917,1
2015.08.27,119.915,121.396,119.792,121.001,1
2015.08.28,120.999,121.737,120.649,121.695,1
2015.08.31,121.617,121.635,120.878,121.223,1
2015.09.01,121.219,121.254,119.249,119.343,1
2015.09.02,119.345,120.465,119.212,120.327,1
2015.09.03,120.327,120.698,119.64,120.065,1
2015.09.04,120.063,120.185,118.574,119.025,1
2015.09.07,118.917,119.59,118.798,119.271,1
2015.09.08,119.271,120.226,118.85,119.807,1
2015.09.09,119.809,121.196,119.796,120.447,1
2015.09.10,120.439,121.326,119.974,120.605,1
2015.09.11,120.609,120.966,120.36,120.573,1
2015.09.14,120.488,120.841,119.851,120.229,1
2015.09.15,120.227,120.651,119.397,120.407,1
2015.09.16,120.403,120.726,120.107,120.543,1
2015.09.17,120.559,120.987,119.792,119.981,1
2015.09.18,119.977,120.41,119.052,119.954,0
2015.09.21,120.099,120.658,119.725,120.549,0
2015.09.22,120.549,120.599,119.692,120.111,0
2015.09.23,120.147,120.542,119.622,120.265,0
2015.09.24,120.253,120.392,119.223,120.063,0
2015.09.25,120.067,121.232,119.993,120.543,0
2015.09.28,120.501,120.586,119.694,119.909,0
2015.09.29,119.907,120.159,119.248,119.729,0
2015.09.30,119.729,120.349,119.547,119.873,0
2015.10.01,119.873,120.275,119.489,119.923,0
2015.10.02,119.923,120.404,118.681,119.874,0
2015.10.05,119.983,120.549,119.869,120.451,0
2015.10.06,120.451,120.566,120.107,120.201,0
2015.10.07,120.203,120.36,119.745,119.997,0
2015.10.08,119.995,120.108,119.623,119.929,0
2015.10.09,119.921,120.345,119.834,120.27,0
2015.10.12,120.165,120.26,119.89,120.031,0
2015.10.13,120.007,120.077,119.55,119.727,0
2015.10.14,119.727,119.794,118.627,118.827,0
2015.10.15,118.827,119.165,118.061,118.855,0
2015.10.16,118.883,119.656,118.826,119.406,0
2015.10.19,119.327,119.606,119.136,119.473,0
2015.10.20,119.467,119.961,119.412,119.823,0
2015.10.21,119.825,120.089,119.752,119.901,0
2015.10.22,119.897,120.766,119.612,120.677,0
2015.10.23,120.683,121.478,120.222,121.418,0
2015.10.26,121.469,121.477,120.594,120.982,0
2015.10.27,120.982,121.072,120.157,120.38,0
2015.10.28,120.379,121.256,120.017,121.097,0
2015.10.29,121.1,121.181,120.583,121.052,0
2015.10.30,121.054,121.485,120.259,120.583,0
2015.11.02,120.343,120.811,120.255,120.726,0
2015.11.03,120.768,121.227,120.595,121.051,0
2015.11.04,121.051,121.717,120.999,121.551,0
2015.11.05,121.567,121.999,121.385,121.727,0
2015.11.06,121.727,123.264,121.629,123.118,0
2015.11.09,123.265,123.6,122.973,123.163,0
2015.11.10,123.161,123.434,123.026,123.109,0
2015.11.11,123.105,123.221,122.736,122.849,0
2015.11.12,122.849,123.069,122.553,122.583,0
2015.11.13,122.583,122.987,122.428,122.578,0
2015.11.16,122.229,123.275,122.223,123.17,0
2015.11.17,123.167,123.487,123.165,123.429,0
2015.11.18,123.429,123.752,123.217,123.621,0
2015.11.19,123.609,123.637,122.617,122.851,0
2015.11.20,122.853,123.049,122.721,122.784,0
2015.11.23,122.856,123.257,122.778,122.825,0
2015.11.24,122.831,122.958,122.304,122.517,0
2015.11.25,122.525,122.931,122.256,122.693,0
2015.11.26,122.663,122.734,122.498,122.565,0
2015.11.27,122.555,122.878,122.303,122.811,0
2015.11.30,122.805,123.336,122.683,123.089,0
2015.12.01,123.093,123.274,122.64,122.856,0
2015.12.02,122.831,123.665,122.823,123.237,0
2015.12.03,123.233,123.557,122.295,122.593,0
2015.12.04,122.597,123.369,122.472,123.087,0
2015.12.07,123.188,123.472,123.143,123.354,0
2015.12.08,123.346,123.388,122.717,122.918,0
2015.12.09,122.906,123.042,121.069,121.434,1
2015.12.10,121.432,121.863,121.241,121.532,1
2015.12.11,121.53,122.227,120.576,120.927,1
2015.12.14,121.038,121.351,120.341,121.018,1
2015.12.15,121.016,121.79,120.57,121.646,1
2015.12.16,121.648,122.343,121.369,122.196,1
2015.12.17,122.194,122.872,122.186,122.548,1
2015.12.18,122.55,123.561,121.053,121.097,1
2015.12.21,121.208,121.502,120.834,121.15,1
2015.12.22,121.152,121.305,120.717,121.042,1
2015.12.23,121.044,121.131,120.809,120.902,1
2015.12.24,120.902,120.977,120.247,120.404,1
2015.12.28,120.155,120.626,120.136,120.384,1
2015.12.29,120.382,120.504,120.231,120.452,1
2015.12.30,120.446,120.65,120.347,120.504,1
2015.12.31,120.504,120.574,120,120.295,1
2016.01.04,120.184,120.459,118.698,119.434,1
2016.01.05,119.43,119.696,118.788,119.054,1
2016.01.06,119.054,119.161,118.246,118.46,1
2016.01.07,118.458,118.753,117.324,117.656,1
2016.01.08,117.666,118.824,117.315,117.36,1
2016.01.11,117.182,118.019,116.687,117.746,1
2016.01.12,117.744,118.067,117.223,117.632,1
2016.01.13,117.628,118.375,117.628,117.646,1
2016.01.14,117.648,118.277,117.289,118.05,0
2016.01.15,118.05,118.264,116.505,116.952,0
2016.01.18,116.68,117.436,116.68,117.269,0
2016.01.19,117.274,118.11,117.231,117.608,0
2016.01.20,117.608,117.675,115.968,116.934,0
2016.01.21,116.936,117.809,116.468,117.678,0
2016.01.22,117.684,118.874,117.537,118.742,0
2016.01.25,118.618,118.854,118.169,118.321,0
2016.01.26,118.294,118.621,117.649,118.4,0
2016.01.27,118.398,119.068,118.037,118.65,0
2016.01.28,118.652,118.989,118.41,118.804,0
2016.01.29,118.808,121.685,118.514,121.117,1
2016.02.01,121.316,121.481,120.672,120.96,1
2016.02.02,120.964,121.03,119.833,119.956,1
2016.02.03,119.956,120.041,117.05,117.842,1
2016.02.04,117.852,118.236,116.521,116.75,1
2016.02.05,116.76,117.427,116.273,116.796,1
2016.02.08,116.922,117.522,115.171,115.84,1
2016.02.09,115.84,115.845,114.205,115.1,1
2016.02.10,115.098,115.256,113.108,113.304,1
2016.02.11,113.304,113.587,110.972,112.398,1
2016.02.12,112.398,113.535,111.639,113.168,1
2016.02.15,113.372,114.721,113.266,114.542,1
2016.02.16,114.55,114.871,113.587,114.034,1
2016.02.17,114.042,114.499,113.37,114.066,1
2016.02.18,114.066,114.316,113.138,113.22,1
2016.02.19,113.217,113.372,112.304,112.562,1
2016.02.22,112.542,113.382,112.423,112.851,1
2016.02.23,112.841,113.047,111.767,112.088,1
2016.02.24,112.096,112.262,111.043,112.164,1
2016.02.25,112.162,113.019,111.892,112.982,0
2016.02.26,112.984,113.988,112.554,113.962,0
2016.02.29,113.96,113.976,112.648,112.666,0
2016.03.01,112.648,114.18,112.153,113.968,0
2016.03.02,113.964,114.55,113.211,113.456,0
2016.03.03,113.452,114.266,113.29,113.67,0
2016.03.04,113.662,114.253,113.117,113.772,0
2016.03.07,113.916,113.927,113.22,113.426,0
2016.03.08,113.404,113.514,112.419,112.618,0
2016.03.09,112.618,113.449,112.22,113.33,0
2016.03.10,113.33,114.443,112.601,113.144,0
2016.03.11,113.156,113.913,112.747,113.785,0
2016.03.14,113.901,114.003,113.503,113.784,0
2016.03.15,113.781,114.13,112.625,113.183,0
2016.03.16,113.18,113.814,112.325,112.657,0
2016.03.17,112.651,112.953,110.664,111.416,1
2016.03.18,111.41,111.753,110.817,111.54,1
2016.03.21,111.523,111.974,111.213,111.95,1
2016.03.22,111.949,112.487,111.375,112.369,1
2016.03.23,112.37,112.904,112.137,112.382,1
2016.03.24,112.381,113.004,112.289,112.812,1
2016.03.25,112.811,113.315,112.741,113.027,1
2016.03.28,113.149,113.683,113.108,113.429,1
2016.03.29,113.416,113.8,112.607,112.677,1
2016.03.30,112.66,112.8,112.011,112.401,1
2016.03.31,112.386,112.663,112.107,112.562,1
2016.04.01,112.564,112.576,111.581,111.597,1
2016.04.04,111.588,111.791,111.092,111.304,1
2016.04.05,111.31,111.34,109.931,110.307,1
2016.04.06,110.275,110.637,109.334,109.778,1
2016.04.07,109.788,109.898,107.663,108.173,1
2016.04.08,108.172,109.095,108.036,108.046,1
2016.04.11,107.976,108.441,107.63,107.926,1
2016.04.12,107.928,108.785,107.869,108.536,1
2016.04.13,108.536,109.401,108.501,109.332,1
2016.04.14,109.334,109.542,108.894,109.362,1
2016.04.15,109.362,109.726,108.593,108.742,1
2016.04.18,108.164,108.983,107.832,108.803,1
2016.04.19,108.802,109.483,108.74,109.19,1
2016.04.20,109.19,109.875,108.757,109.83,1
2016.04.21,109.828,109.892,109.317,109.447,1
2016.04.22,109.449,111.801,109.254,111.786,1
2016.04.25,111.842,111.878,110.837,111.182,0
2016.04.26,111.184,111.469,110.666,111.308,0
2016.04.27,111.31,111.748,111.023,111.424,0
2016.04.28,111.418,111.88,107.856,108.083,0
2016.04.29,108.05,108.196,106.272,106.281,0
2016.05.02,106.22,106.815,106.134,106.414,0
2016.05.03,106.404,106.677,105.544,106.564,0
2016.05.04,106.553,107.454,106.24,106.968,0
2016.05.05,106.973,107.493,106.797,107.249,0
2016.05.06,107.248,107.413,106.428,107.098,0
2016.05.09,107.056,108.599,107.034,108.31,0
2016.05.10,108.31,109.346,108.269,109.258,0
2016.05.11,109.26,109.362,108.364,108.384,0
2016.05.12,108.396,109.39,108.22,108.972,0
2016.05.13,108.973,109.552,108.508,108.599,0
2016.05.16,108.612,109.09,108.459,109.004,0
2016.05.17,109.012,109.648,108.834,109.13,0
2016.05.18,109.124,110.251,108.717,110.19,0
2016.05.19,110.182,110.378,109.694,109.951,0
2016.05.20,109.951,110.583,109.843,110.096,0
2016.05.23,110.106,110.234,109.103,109.232,0
2016.05.24,109.226,110.122,109.165,109.986,0
2016.05.25,109.986,110.445,109.857,110.144,0
2016.05.26,110.146,110.228,109.41,109.754,0
2016.05.27,109.746,110.442,109.468,110.218,0
2016.05.30,110.404,111.441,110.352,111.102,1
2016.05.31,111.104,111.344,110.496,110.676,1
2016.06.01,110.674,110.828,109.048,109.532,1
2016.06.02,109.532,109.577,108.517,108.869,1
2016.06.03,108.869,109.13,106.505,106.536,1
2016.06.06,106.559,107.65,106.357,107.543,1
2016.06.07,107.535,107.898,107.149,107.327,1
2016.06.08,107.325,107.383,106.579,106.985,1
2016.06.09,106.983,107.172,106.253,107.045,1
2016.06.10,107.053,107.253,106.549,106.909,1
2016.06.13,106.795,106.846,105.728,106.217,1
2016.06.14,106.187,106.418,105.624,106.077,1
2016.06.15,106.077,106.391,105.422,106.007,1
2016.06.16,106.007,106.025,103.538,104.257,1
2016.06.17,104.257,104.825,104.075,104.138,1
2016.06.20,104.692,104.838,103.772,103.927,1
2016.06.21,103.921,105.056,103.573,104.723,1
2016.06.22,104.713,104.845,104.309,104.403,1
2016.06.23,104.407,106.142,103.999,106.108,1
2016.06.24,106.077,106.765,98.973,102.197,1
2016.06.27,101.526,102.463,101.398,101.926,1
2016.06.28,101.952,102.836,101.551,102.746,1
2016.06.29,102.752,102.929,102.169,102.81,1
2016.06.30,102.796,103.29,102.347,103.174,1
2016.07.01,103.172,103.371,102.436,102.552,0
2016.07.04,102.594,102.8,102.417,102.518,0
2016.07.05,102.55,102.583,101.446,101.704,0
2016.07.06,101.704,101.748,100.193,101.298,0
2016.07.07,101.298,101.393,100.592,100.768,0
2016.07.08,100.768,101.269,99.982,100.567,0
2016.07.11,100.585,102.887,100.525,102.769,0
2016.07.12,102.771,104.979,102.443,104.669,0
2016.07.13,104.675,104.871,103.896,104.477,0
2016.07.14,104.479,105.932,103.961,105.335,0
2016.07.15,105.338,106.31,104.612,104.802,0
2016.07.18,105.329,106.256,105.266,106.149,0
2016.07.19,106.142,106.527,105.634,106.097,0
2016.07.20,106.098,107.016,105.825,106.815,0
2016.07.21,106.817,107.486,105.414,105.809,0
2016.07.22,105.818,106.401,105.559,106.01,0
2016.07.25,106.112,106.72,105.735,105.8,0
2016.07.26,105.8,105.882,103.988,104.616,0
2016.07.27,104.612,106.535,104.612,105.386,0
2016.07.28,105.383,105.498,104.471,105.248,0
2016.07.29,105.268,105.61,101.967,102.008,0
2016.08.01,102.228,102.679,101.947,102.383,0
2016.08.02,102.38,102.826,100.675,100.886,0
2016.08.03,100.886,101.567,100.744,101.234,0
2016.08.04,101.234,101.661,100.856,101.203,0
2016.08.05,101.182,102.06,100.868,101.79,0
2016.08.08,101.964,102.651,101.84,102.434,0
2016.08.09,102.448,102.524,101.785,101.848,0
2016.08.10,101.846,101.951,100.961,101.25,0
2016.08.11,101.258,102.048,101.014,101.93,0
2016.08.12,101.912,102.27,100.822,101.266,0
2016.08.15,101.122,101.452,100.863,101.247,0
2016.08.16,101.252,101.287,99.526,100.292,0
2016.08.17,100.296,101.159,100.031,100.263,0
2016.08.18,100.234,100.505,99.638,99.874,0
2016.08.19,99.872,100.455,99.864,100.172,0
2016.08.22,100.766,100.93,100.207,100.296,0
2016.08.23,100.298,100.386,99.933,100.218,0
2016.08.24,100.216,100.606,100.084,100.438,0
2016.08.25,100.438,100.611,100.297,100.517,0
2016.08.26,100.51,101.939,100.054,101.784,0
2016.08.29,101.929,102.387,101.828,101.904,0
2016.08.30,101.9,103.132,101.747,102.935,0
2016.08.31,102.932,103.528,102.855,103.419,0
2016.09.01,103.406,103.993,103.054,103.226,0
2016.09.02,103.234,104.316,102.796,103.872,0
2016.09.05,104.076,104.129,103.141,103.396,0
2016.09.06,103.396,103.801,101.927,102.003,0
2016.09.07,101.998,102.118,101.194,101.732,0
2016.09.08,101.716,102.594,101.405,102.478,0
2016.09.09,102.476,103.053,101.959,102.642,0
2016.09.12,102.586,102.662,101.553,101.828,0
2016.09.13,101.828,102.743,101.414,102.539,0
2016.09.14,102.534,103.352,102.245,102.401,0
2016.09.15,102.396,102.75,101.898,102.067,0
2016.09.16,102.066,102.457,101.714,102.242,0
2016.09.19,102.135,102.41,101.577,101.909,0
2016.09.20,101.906,102.059,101.531,101.689,0
2016.09.21,101.692,102.778,100.291,100.298,0
2016.09.22,100.326,100.927,100.094,100.739,0
2016.09.23,100.739,101.238,100.667,101.005,0
2016.09.26,101.057,101.077,100.242,100.323,0
2016.09.27,100.316,100.983,100.078,100.416,0
2016.09.28,100.416,100.815,100.253,100.68,0
2016.09.29,100.669,101.836,100.625,101.014,0
2016.09.30,100.978,101.778,100.742,101.277,0
2016.10.03,101.194,101.659,101.176,101.634,0
2016.10.04,101.638,102.962,101.552,102.888,0
2016.10.05,102.888,103.664,102.664,103.49,0
2016.10.06,103.486,104.158,103.345,103.927,0
2016.10.07,103.926,104.011,102.852,102.894,0
2016.10.10,103.236,103.783,102.804,103.591,0
2016.10.11,103.59,104.068,103.168,103.482,0
2016.10.12,103.474,104.478,103.273,104.188,0
2016.10.13,104.198,104.63,103.328,103.68,0
2016.10.14,103.686,104.471,103.601,104.181,0
2016.10.17,104.345,104.369,103.782,103.874,0
2016.10.18,103.868,104.197,103.674,103.866,0
2016.10.19,103.862,103.942,103.158,103.433,0
2016.10.20,103.434,104.101,103.327,103.939,0
2016.10.21,103.939,104.198,103.515,103.82,0
2016.10.24,103.815,104.315,103.716,104.176,0
2016.10.25,104.166,104.868,104.106,104.214,0
2016.10.26,104.218,104.613,104.015,104.474,0
2016.10.27,104.47,105.343,104.289,105.278,0
2016.10.28,105.27,105.521,104.452,104.663,0
2016.10.31,104.593,105.225,104.521,104.76,0
2016.11.01,104.75,105.111,103.79,104.06,0
2016.11.02,104.062,104.161,103.013,103.326,1
2016.11.03,103.327,103.437,102.537,102.964,1
2016.11.04,102.962,103.35,102.825,103.078,1
2016.11.07,103.952,104.629,103.751,104.456,1
2016.11.08,104.458,105.187,104.286,105.134,1
2016.11.09,105.144,105.886,101.184,105.65,1
2016.11.10,105.654,106.946,104.952,106.802,1
2016.11.11,106.784,106.928,106.025,106.586,1
2016.11.14,106.853,108.536,106.722,108.406,1
2016.11.15,108.394,109.328,107.763,109.17,1
2016.11.16,109.18,109.749,108.786,109.058,1
2016.11.17,109.052,110.169,108.547,110.092,1
2016.11.18,110.09,110.947,109.793,110.857,1
2016.11.21,110.931,111.361,110.446,110.782,1
2016.11.22,110.785,111.35,110.258,111.127,1
2016.11.23,111.128,112.969,110.847,112.484,1
2016.11.24,112.482,113.525,112.345,113.296,1
2016.11.25,113.298,113.893,112.548,113.161,1
2016.11.28,112.796,112.966,111.352,111.92,1
2016.11.29,111.916,113.333,111.614,112.372,1
2016.11.30,112.374,114.536,112.05,114.419,1
2016.12.01,114.418,114.824,113.827,114.059,1
2016.12.02,114.048,114.197,113.323,113.487,1
2016.12.05,113.254,114.769,112.82,113.81,1
2016.12.06,113.814,114.181,113.497,113.982,0
2016.12.07,113.97,114.402,113.41,113.738,0
2016.12.08,113.73,114.372,113.118,114.024,0
2016.12.09,114.022,115.362,113.982,115.157,0
2016.12.12,115.408,116.117,114.846,115.014,0
2016.12.13,115.014,115.471,114.716,115.179,0
2016.12.14,115.182,117.387,114.766,117.028,0
2016.12.15,117.032,118.656,116.999,118.17,0
2016.12.16,118.17,118.42,117.465,117.903,0
2016.12.19,117.946,117.96,116.542,117.086,0
2016.12.20,117.08,118.238,116.985,117.832,0
2016.12.21,117.828,118.065,117.101,117.548,0
2016.12.22,117.54,117.871,117.263,117.51,0
2016.12.23,117.516,117.608,117.165,117.24,0
2016.12.26,117.267,117.364,116.979,117.06,0
2016.12.27,117.072,117.614,117.027,117.41,0
2016.12.28,117.403,117.808,117.05,117.245,0
2016.12.29,117.237,117.238,116.225,116.53,0
2016.12.30,116.522,117.192,116.033,116.99,0
2017.01.02,116.943,117.657,116.72,117.51,0
2017.01.03,117.5,118.6,117.198,117.734,0
2017.01.04,117.732,118.18,117.046,117.217,0
2017.01.05,117.226,117.423,115.214,115.35,0
2017.01.06,115.35,117.174,115.061,116.918,0
2017.01.09,117.007,117.529,115.948,116.006,0
2017.01.10,116.005,116.337,115.193,115.756,0
2017.01.11,115.754,116.863,114.238,115.41,0
2017.01.12,115.406,115.509,113.747,114.704,0
2017.01.13,114.684,115.44,114.166,114.425,0
2017.01.16,114.298,114.453,113.608,114.18,0
2017.01.17,114.172,114.276,112.602,112.618,0
2017.01.18,112.622,114.752,112.544,114.658,0
2017.01.19,114.63,115.614,114.399,114.852,0
2017.01.20,114.852,115.379,114.205,114.567,0
2017.01.23,114.247,114.409,112.672,112.7,0
2017.01.24,112.698,113.888,112.515,113.762,0
2017.01.25,113.79,113.982,113.03,113.272,0
2017.01.26,113.266,114.852,113.051,114.505,0
2017.01.27,114.506,115.373,114.385,115.066,0
2017.01.30,114.844,114.945,113.445,113.752,0
2017.01.31,113.74,113.961,112.073,112.834,0
2017.02.01,112.802,113.948,112.624,113.211,0
2017.02.02,113.222,113.359,112.05,112.79,0
2017.02.03,112.79,113.459,112.309,112.55,0
2017.02.06,112.428,112.775,111.621,111.718,0
2017.02.07,111.716,112.574,111.587,112.374,0
2017.02.08,112.374,112.543,111.628,111.928,0
2017.02.09,111.926,113.345,111.717,113.226,0
2017.02.10,113.228,113.854,112.854,113.22,0
2017.02.13,113.467,114.167,113.422,113.724,0
2017.02.14,113.736,114.496,113.246,114.255,0
2017.02.15,114.255,114.952,113.856,114.113,0
2017.02.16,114.128,114.302,113.078,113.2,0
2017.02.17,113.218,113.5,112.615,112.894,0
2017.02.20,112.875,113.234,112.787,113.069,0
2017.02.21,113.078,113.775,113.072,113.662,0
2017.02.22,113.658,113.728,112.905,113.294,0
2017.02.23,113.323,113.456,112.549,112.618,1
2017.02.24,112.615,112.953,111.932,112.143,1
2017.02.27,112.123,112.837,111.916,112.691,1
2017.02.28,112.691,112.895,111.685,112.73,1
2017.03.01,112.797,114.045,112.755,113.706,1
2017.03.02,113.72,114.591,113.676,114.396,1
2017.03.03,114.37,114.747,113.807,114.021,1
2017.03.06,113.887,114.13,113.556,113.885,1
2017.03.07,113.885,114.151,113.724,113.974,1
2017.03.08,113.974,114.753,113.602,114.384,1
2017.03.09,114.357,114.996,114.331,114.938,1
2017.03.10,114.947,115.499,114.651,114.776,1
2017.03.13,114.745,114.915,114.477,114.839,1
2017.03.14,114.84,115.19,114.515,114.733,1
2017.03.15,114.733,114.88,113.169,113.455,1
2017.03.16,113.454,113.539,112.901,113.294,1
2017.03.17,113.295,113.49,112.558,112.68,1
2017.03.20,112.625,112.892,112.453,112.495,1
2017.03.21,112.494,112.864,111.536,111.774,1
2017.03.22,111.774,111.789,110.729,111.257,1
2017.03.23,111.254,111.575,110.624,110.972,1
2017.03.24,110.976,111.477,110.62,111.24,1
2017.03.27,111.016,111.041,110.106,110.664,1
2017.03.28,110.662,111.196,110.174,111.134,1
2017.03.29,111.123,111.31,110.711,111.042,1
2017.03.30,111.041,111.939,110.937,111.923,1
2017.03.31,111.921,112.195,111.237,111.372,1
2017.04.03,111.373,111.582,110.85,110.889,1
2017.04.04,110.889,110.924,110.265,110.728,1
2017.04.05,110.735,111.446,110.532,110.67,1
2017.04.06,110.696,111.136,110.285,110.785,0
2017.04.07,110.789,111.361,110.125,111.071,0
2017.04.10,111.063,111.574,110.8,110.91,0
2017.04.11,110.915,110.918,109.599,109.605,1
2017.04.12,109.605,109.861,108.954,108.988,1
2017.04.13,109.006,109.39,108.72,109.086,1
2017.04.14,109.08,109.218,108.541,108.563,1
2017.04.17,108.739,109.048,108.126,108.901,1
2017.04.18,108.901,109.216,108.314,108.429,1
2017.04.19,108.429,109.174,108.376,108.849,1
2017.04.20,108.844,109.482,108.714,109.31,1
2017.04.21,109.313,109.418,108.876,109.025,1
2017.04.24,110.46,110.47,109.653,109.744,1
2017.04.25,109.748,111.184,109.589,111.078,1
2017.04.26,111.078,111.773,110.868,111.046,1
2017.04.27,111.018,111.595,111.001,111.252,1
2017.04.28,111.254,111.712,111.065,111.507,1
2017.05.01,111.316,111.92,111.201,111.824,1
2017.05.02,111.815,112.301,111.775,111.998,1
2017.05.03,111.988,112.77,111.961,112.736,1
2017.05.04,112.708,113.044,112.313,112.445,1
2017.05.05,112.447,112.794,112.083,112.707,1
2017.05.08,112.944,113.288,112.391,113.237,1
2017.05.09,113.249,114.324,113.128,114.003,1
2017.05.10,113.949,114.363,113.621,114.285,1
2017.05.11,114.247,114.362,113.452,113.848,1
2017.05.12,113.848,113.948,113.194,113.326,1
2017.05.15,113.169,113.849,113.164,113.774,1
2017.05.16,113.772,113.789,112.925,113.106,1
2017.05.17,113.097,113.12,110.787,110.801,0
2017.05.18,110.81,111.733,110.231,111.474,0
2017.05.19,111.482,111.695,111.029,111.242,0
2017.05.22,111.048,111.602,110.925,111.285,0
2017.05.23,111.281,111.853,110.856,111.773,0
2017.05.24,111.773,112.123,111.473,111.481,0
2017.05.25,111.465,111.946,111.465,111.822,0
2017.05.26,111.759,111.841,110.872,111.308,0
2017.05.29,111.208,111.463,111.151,111.254,0
2017.05.30,111.243,111.302,110.659,110.828,0
2017.05.31,110.835,111.221,110.478,110.754,0
2017.06.01,110.752,111.475,110.632,111.357,0
2017.06.02,111.323,111.705,110.325,110.412,0
2017.06.05,110.359,110.726,110.306,110.469,0
2017.06.06,110.449,110.515,109.221,109.4,0
2017.06.07,109.364,109.877,109.111,109.813,0
2017.06.08,109.817,110.38,109.375,110.031,0
2017.06.09,109.782,110.805,109.73,110.307,0
2017.06.12,110.302,110.435,109.627,109.932,0
2017.06.13,109.934,110.265,109.819,110.056,0
2017.06.14,110.04,110.337,108.809,109.567,0
2017.06.15,109.544,110.972,109.265,110.89,0
2017.06.16,110.902,111.412,110.636,110.822,0
2017.06.19,110.876,111.595,110.706,111.499,0
2017.06.20,111.519,111.781,111.302,111.43,0
2017.06.21,111.446,111.732,111.062,111.354,0
2017.06.22,111.375,111.44,110.943,111.308,0
2017.06.23,111.314,111.424,111.146,111.275,0
2017.06.26,111.184,111.938,111.143,111.813,0
2017.06.27,111.83,112.459,111.456,112.317,0
2017.06.28,112.315,112.409,111.823,112.258,0
2017.06.29,112.293,112.92,111.805,112.149,0
2017.06.30,112.147,112.598,111.724,112.376,0
2017.07.03,112.107,113.464,112.087,113.346,0
2017.07.04,113.419,113.437,112.733,113.255,0
2017.07.05,113.272,113.679,112.819,113.237,0
2017.07.06,113.233,113.464,112.88,113.173,0
2017.07.07,113.168,114.173,113.097,113.86,0
2017.07.10,113.897,114.296,113.852,114.013,0
2017.07.11,114.022,114.488,113.712,113.915,0
2017.07.12,113.915,113.958,112.92,113.148,0
2017.07.13,113.155,113.52,112.853,113.251,0
2017.07.14,113.258,113.569,112.261,112.507,0
2017.07.17,112.457,112.861,112.322,112.605,0
2017.07.18,112.595,112.669,111.678,112.03,0
2017.07.19,112.059,112.225,111.548,111.945,0
2017.07.20,111.946,112.411,111.475,111.867,0
2017.07.21,111.883,112.071,111.004,111.081,0
2017.07.24,111.095,111.311,110.616,111.077,0
2017.07.25,111.104,111.951,110.821,111.878,0
2017.07.26,111.884,112.192,111.054,111.141,0
2017.07.27,111.171,111.705,110.774,111.224,0
2017.07.28,111.264,111.32,110.541,110.662,0
2017.07.31,110.634,110.766,110.208,110.24,0
2017.08.01,110.238,110.583,109.91,110.35,0
2017.08.02,110.343,110.976,110.273,110.689,0
2017.08.03,110.66,110.818,109.846,110.038,0
2017.08.04,110.031,111.043,109.828,110.662,0
2017.08.07,110.689,110.912,110.64,110.727,0
2017.08.08,110.742,110.821,110.24,110.34,0
2017.08.09,110.31,110.354,109.552,110.068,0
2017.08.10,110.022,110.171,109.148,109.214,0
2017.08.11,109.194,109.396,108.714,109.162,0
2017.08.14,109.151,109.794,109.039,109.645,0
2017.08.15,109.644,110.842,109.593,110.677,0
2017.08.16,110.672,110.941,110.022,110.193,0
2017.08.17,110.205,110.363,109.438,109.561,0
2017.08.18,109.534,109.592,108.595,109.179,0
2017.08.21,109.344,109.414,108.629,108.958,0
2017.08.22,108.95,109.647,108.845,109.56,0
2017.08.23,109.514,109.817,108.913,109.018,0
2017.08.24,109.029,109.596,108.839,109.545,0
2017.08.25,109.546,109.834,109.105,109.321,0
2017.08.28,109.175,109.407,109.018,109.248,0
2017.08.29,109.248,109.892,108.259,109.718,0
2017.08.30,109.628,110.432,109.534,110.225,0
2017.08.31,110.226,110.665,109.873,109.951,0
2017.09.01,109.952,110.477,109.555,110.232,0
2017.09.04,109.496,109.923,109.376,109.689,0
2017.09.05,109.674,109.827,108.626,108.79,0
2017.09.06,108.8,109.393,108.443,109.209,0
2017.09.07,109.206,109.259,108.04,108.474,0
2017.09.08,108.404,108.482,107.313,107.824,1
2017.09.11,108.164,109.498,108.083,109.365,1
2017.09.12,109.365,110.248,109.235,110.131,1
2017.09.13,110.121,110.683,109.896,110.467,1
2017.09.14,110.47,111.031,110.051,110.219,1
2017.09.15,110.212,111.328,109.535,110.822,1
2017.09.18,111.052,111.655,110.988,111.556,1
2017.09.19,111.568,111.873,111.192,111.576,1
2017.09.20,111.575,112.523,111.079,112.202,1
2017.09.21,112.233,112.712,112.129,112.43,1
2017.09.22,112.422,112.55,111.648,111.982,1
2017.09.25,112.146,112.525,111.47,111.718,1
2017.09.26,111.719,112.471,111.493,112.193,1
2017.09.27,112.214,113.252,112.21,112.79,1
2017.09.28,112.73,113.204,112.248,112.322,1
2017.09.29,112.281,112.732,112.209,112.47,0
2017.10.02,112.64,113.055,112.436,112.751,0
2017.10.03,112.762,113.19,112.641,112.835,0
2017.10.04,112.87,112.933,112.317,112.751,0
2017.10.05,112.748,112.916,112.409,112.814,0
2017.10.06,112.828,113.434,112.6,112.63,0
2017.10.09,112.572,112.741,112.324,112.677,0
2017.10.10,112.664,112.824,111.985,112.445,0
2017.10.11,112.457,112.581,112.075,112.488,0
2017.10.12,112.49,112.513,112.122,112.287,0
2017.10.13,112.288,112.306,111.682,111.836,0
2017.10.16,111.746,112.283,111.649,112.179,0
2017.10.17,112.179,112.475,112.032,112.192,0
2017.10.18,112.197,113.046,112.129,112.932,0
2017.10.19,112.934,113.143,112.287,112.538,0
2017.10.20,112.547,113.565,112.509,113.491,0
2017.10.23,113.86,114.094,113.239,113.432,0
2017.10.24,113.434,114.019,113.243,113.92,0
2017.10.25,113.901,114.239,113.476,113.728,0
2017.10.26,113.736,114.074,113.335,113.992,0
2017.10.27,113.987,114.448,113.628,113.664,0
2017.10.30,113.716,113.831,113.024,113.159,0
2017.10.31,113.158,113.729,112.954,113.648,0
2017.11.01,113.645,114.275,113.599,114.123,0
2017.11.02,114.124,114.214,113.533,114.074,0
2017.11.03,114.075,114.423,113.625,114.041,0
2017.11.06,114,114.733,113.674,113.685,0
2017.11.07,113.676,114.337,113.676,113.992,0
2017.11.08,113.99,114.005,113.391,113.859,0
2017.11.09,113.862,114.064,113.086,113.45,0
2017.11.10,113.446,113.63,113.215,113.482,0
2017.11.13,113.49,113.707,113.238,113.62,0
2017.11.14,113.62,113.905,113.304,113.447,0
2017.11.15,113.444,113.493,112.467,112.869,0
2017.11.16,112.868,113.325,112.728,113.053,0
2017.11.17,113.04,113.138,111.94,112.133,0
2017.11.20,112.112,112.713,111.88,112.606,0
2017.11.21,112.614,112.699,112.169,112.426,0
2017.11.22,112.447,112.485,111.136,111.204,0
2017.11.23,111.208,111.375,111.063,111.2,0
2017.11.24,111.202,111.615,111.177,111.492,0
2017.11.27,111.484,111.686,110.837,111.083,0
2017.11.28,111.105,111.635,110.926,111.46,0
2017.11.29,111.468,112.143,111.336,111.933,0
2017.11.30,111.888,112.631,111.73,112.529,0
2017.12.01,112.547,112.87,111.396,112.166,0
2017.12.04,112.782,113.087,112.363,112.399,0
2017.12.05,112.4,112.864,112.375,112.579,0
2017.12.06,112.593,112.621,111.99,112.292,0
2017.12.07,112.264,113.156,112.215,113.087,0
2017.12.08,113.089,113.588,113.075,113.458,0
2017.12.11,113.526,113.687,113.241,113.546,0
2017.12.12,113.548,113.749,113.37,113.551,0
2017.12.13,113.54,113.573,112.455,112.534,0
2017.12.14,112.537,112.879,112.062,112.409,0
2017.12.15,112.366,112.742,112.03,112.592,0
2017.12.18,112.714,112.828,112.307,112.544,0
2017.12.19,112.541,113.073,112.509,112.876,0
2017.12.20,112.882,113.462,112.834,113.395,0
2017.12.21,113.394,113.633,113.195,113.312,0
2017.12.22,113.318,113.443,113.234,113.244,0
2017.12.26,113.325,113.327,113.115,113.221,0
2017.12.27,113.222,113.377,113.1,113.341,0
2017.12.28,113.342,113.342,112.659,112.854,0
2017.12.29,112.853,112.966,112.467,112.657,0
2018.01.02,112.662,112.681,112.049,112.262,0
2018.01.03,112.271,112.602,112.166,112.469,0
2018.01.04,112.5,112.86,112.459,112.727,0
2018.01.05,112.727,113.303,112.718,113.009,0
2018.01.08,113.114,113.382,112.877,113.078,0
2018.01.09,113.078,113.175,112.361,112.629,1
2018.01.10,112.633,112.78,111.266,111.419,1
2018.01.11,111.424,111.87,111.04,111.24,1
2018.01.12,111.242,111.691,110.909,111.005,1
2018.01.15,111.081,111.179,110.323,110.503,1
2018.01.16,110.49,110.976,110.241,110.433,1
2018.01.17,110.433,111.341,110.188,111.284,1
2018.01.18,111.279,111.476,110.689,111.064,1
2018.01.19,111.079,111.124,110.486,110.806,1
2018.01.22,110.524,111.22,110.503,110.912,1
2018.01.23,110.912,111.172,110.247,110.282,1
2018.01.24,110.287,110.332,108.962,109.21,1
2018.01.25,109.21,109.698,108.494,109.385,0
2018.01.26,109.4,109.766,108.281,108.623,0
2018.01.29,108.682,109.201,108.506,108.954,0
2018.01.30,108.948,109.203,108.41,108.781,0
2018.01.31,108.792,109.444,108.594,109.197,0
2018.02.01,109.183,109.748,109.092,109.407,0
2018.02.02,109.408,110.479,109.277,110.133,0
2018.02.05,110.196,110.287,108.984,109.039,0
2018.02.06,109.07,109.647,108.45,109.542,0
2018.02.07,109.55,109.708,108.913,109.291,0
2018.02.08,109.308,109.779,108.575,108.725,0
2018.02.09,108.726,109.305,108.041,108.755,0
2018.02.12,108.84,108.885,108.431,108.635,0
2018.02.13,108.637,108.775,107.403,107.806,0
2018.02.14,107.808,107.898,106.717,106.99,0
2018.02.15,106.99,106.996,106.031,106.109,0
2018.02.16,106.114,106.394,105.541,106.262,0
2018.02.19,106.296,106.722,106.089,106.568,0
2018.02.20,106.58,107.373,106.552,107.317,0
2018.02.21,107.32,107.898,107.269,107.767,0
2018.02.22,107.757,107.766,106.59,106.725,0
2018.02.23,106.748,107.128,106.507,106.83,0
2018.02.26,107.015,107.132,106.37,106.898,0
2018.02.27,106.908,107.67,106.779,107.32,0
2018.02.28,107.327,107.522,106.56,106.641,0
2018.03.01,106.678,107.198,106.157,106.204,0
2018.03.02,106.228,106.293,105.243,105.701,0
2018.03.05,105.473,106.233,105.344,106.185,0
2018.03.06,106.161,106.459,105.849,106.107,0
2018.03.07,106.113,106.216,105.45,106.053,0
2018.03.08,106.064,106.31,105.888,106.189,0
2018.03.09,106.161,107.041,106.161,106.795,0
2018.03.12,106.772,106.969,106.312,106.434,0
2018.03.13,106.434,107.286,106.248,106.454,0
2018.03.14,106.454,106.743,106.06,106.31,0
2018.03.15,106.31,106.409,105.78,106.331,0
2018.03.16,106.338,106.361,105.597,105.95,0
2018.03.19,105.988,106.302,105.672,106.027,0
2018.03.20,106.022,106.602,105.925,106.523,0
2018.03.21,106.523,106.633,105.875,106.061,0
2018.03.22,106.059,106.061,105.254,105.309,0
2018.03.23,105.311,105.317,104.629,104.684,1
2018.03.26,104.691,105.475,104.687,105.393,1
2018.03.27,105.406,105.898,105.319,105.32,1
2018.03.28,105.344,107.007,105.321,106.848,1
2018.03.29,106.838,106.93,106.262,106.421,1
2018.03.30,106.422,106.528,106.115,106.244,1
2018.04.02,106.2,106.444,105.654,105.895,1
2018.04.03,105.874,106.652,105.688,106.605,1
2018.04.04,106.603,106.843,105.984,106.768,1
2018.04.05,106.75,107.487,106.707,107.374,1
2018.04.06,107.397,107.455,106.769,106.918,1
2018.04.09,106.927,107.197,106.61,106.736,1
2018.04.10,106.735,107.392,106.612,107.192,1
2018.04.11,107.214,107.238,106.644,106.783,1
2018.04.12,106.782,107.423,106.693,107.337,1
2018.04.13,107.315,107.774,107.197,107.335,1
2018.04.16,107.443,107.605,107.03,107.106,1
2018.04.17,107.102,107.207,106.877,107.001,1
2018.04.18,107.003,107.38,106.979,107.217,1
2018.04.19,107.209,107.512,107.17,107.36,1
2018.04.20,107.353,107.852,107.351,107.624,1
2018.04.23,107.761,108.747,107.654,108.697,1
2018.04.24,108.693,109.196,108.539,108.808,1
2018.04.25,108.814,109.449,108.773,109.419,1
2018.04.26,109.418,109.466,109.062,109.296,1
2018.04.27,109.262,109.532,108.958,109.033,1
2018.04.30,109.059,109.447,109.017,109.321,1
2018.05.01,109.299,109.885,109.231,109.857,1
2018.05.02,109.855,110.03,109.591,109.838,1
2018.05.03,109.81,109.876,108.925,109.187,1
2018.05.04,109.195,109.266,108.641,109.057,1
2018.05.07,109.108,109.393,108.753,109.086,1
2018.05.08,109.025,109.345,108.824,109.127,1
2018.05.09,109.113,109.828,108.991,109.738,0
2018.05.10,109.696,110.013,109.295,109.387,0
2018.05.11,109.378,109.564,109.148,109.363,0
2018.05.14,109.304,109.665,109.204,109.637,0
2018.05.15,109.647,110.448,109.646,110.347,1
2018.05.16,110.294,110.396,110.035,110.395,1
2018.05.17,110.337,110.854,110.067,110.77,1
2018.05.18,110.738,111.076,110.605,110.744,1
2018.05.21,110.854,111.39,110.816,111.036,1
2018.05.22,111.009,111.18,110.791,110.892,1
2018.05.23,110.856,110.913,109.552,110.074,1
2018.05.24,110.042,110.061,108.95,109.242,1
2018.05.25,109.199,109.738,109.116,109.375,1
2018.05.28,109.742,109.822,109.229,109.403,1
2018.05.29,109.367,109.463,108.108,108.761,1
2018.05.30,108.729,109.069,108.345,108.899,1
2018.05.31,108.843,108.994,108.381,108.802,1
2018.06.01,108.787,109.723,108.716,109.502,0
2018.06.04,109.452,109.847,109.368,109.81,0
2018.06.05,109.771,110,109.467,109.79,0
2018.06.06,109.806,110.261,109.773,110.18,0
2018.06.07,110.166,110.216,109.471,109.693,0
2018.06.08,109.663,109.846,109.193,109.518,0
2018.06.11,109.303,110.113,109.295,110.026,0
2018.06.12,110.017,110.488,109.922,110.367,0
2018.06.13,110.33,110.839,110.267,110.334,0
2018.06.14,110.321,110.688,109.913,110.621,0
2018.06.15,110.569,110.899,110.381,110.641,0
2018.06.18,110.697,110.737,110.295,110.543,0
2018.06.19,110.53,110.568,109.545,110.051,0
2018.06.20,110.061,110.445,109.849,110.349,0
2018.06.21,110.345,110.753,109.837,109.961,0
2018.06.22,109.958,110.213,109.798,109.974,0
2018.06.25,109.887,110.033,109.362,109.746,0
2018.06.26,109.729,110.213,109.365,110.013,0
2018.06.27,110.021,110.485,109.68,110.261,0
2018.06.28,110.2,110.643,109.962,110.49,0
2018.06.29,110.488,110.937,110.369,110.676,0
2018.07.02,110.616,111.058,110.583,110.878,0
2018.07.03,110.847,111.129,110.502,110.561,0
2018.07.04,110.546,110.589,110.271,110.456,0
2018.07.05,110.448,110.715,110.263,110.642,0
2018.07.06,110.599,110.78,110.375,110.445,0
2018.07.09,110.394,110.897,110.346,110.834,0
2018.07.10,110.769,111.348,110.72,111.035,1
2018.07.11,110.952,112.167,110.761,111.992,1
2018.07.12,112.005,112.621,111.911,112.515,1
2018.07.13,112.476,112.795,112.269,112.324,1
2018.07.16,112.196,112.557,112.179,112.268,1
2018.07.17,112.266,112.918,112.209,112.875,1
2018.07.18,112.828,113.131,112.702,112.831,0
2018.07.19,112.862,113.172,112.051,112.457,0
2018.07.20,112.434,112.616,111.376,111.437,0
2018.07.23,111.382,111.538,110.745,111.347,0
2018.07.24,111.326,111.508,110.955,111.194,0
2018.07.25,111.176,111.378,110.657,110.958,0
2018.07.26,110.958,111.242,110.582,111.22,0
2018.07.27,111.204,111.238,110.791,110.983,0
2018.07.30,110.92,111.159,110.884,111.053,0
2018.07.31,111.02,111.951,110.71,111.858,0
2018.08.01,111.798,112.145,111.382,111.707,0
2018.08.02,111.71,111.729,111.305,111.637,0
2018.08.03,111.607,111.871,111.094,111.254,0
2018.08.06,111.205,111.519,111.152,111.389,0
2018.08.07,111.39,111.471,110.986,111.369,0
2018.08.08,111.36,111.431,110.83,110.94,0
2018.08.09,110.943,111.177,110.7,111.076,0
2018.08.10,111.04,111.163,110.505,110.924,0
2018.08.13,110.448,110.932,110.105,110.711,0
2018.08.14,110.64,111.31,110.583,111.141,0
2018.08.15,111.101,111.426,110.427,110.737,0
2018.08.16,110.698,111.117,110.454,110.892,0
2018.08.17,110.816,111.046,110.311,110.488,0
2018.08.20,110.577,110.68,110.013,110.068,0
2018.08.21,110.049,110.541,109.769,110.266,0
2018.08.22,110.215,110.61,110.021,110.546,0
2018.08.23,110.558,111.311,110.516,111.293,0
2018.08.24,111.248,111.481,111.098,111.245,0
2018.08.27,111.317,111.343,110.931,111.07,0
2018.08.28,111.026,111.351,110.949,111.187,0
2018.08.29,111.183,111.823,111.117,111.675,0
2018.08.30,111.678,111.752,110.948,111.019,0
2018.08.31,110.958,111.133,110.68,111.087,0
2018.09.03,111.016,111.181,110.845,111.097,0
2018.09.04,111.031,111.528,110.896,111.475,0
2018.09.05,111.419,111.753,111.365,111.521,0
2018.09.06,111.465,111.525,110.516,110.721,0
2018.09.07,110.713,111.243,110.375,111.055,0
2018.09.10,111.023,111.244,110.845,111.115,0
2018.09.11,111.113,111.637,111.055,111.588,0
2018.09.12,111.543,111.645,111.108,111.249,0
2018.09.13,111.239,111.992,111.154,111.916,0
2018.09.14,111.883,112.164,111.749,112.054,1
2018.09.17,111.998,112.117,111.756,111.85,1
2018.09.18,111.825,112.385,111.659,112.356,1
2018.09.19,112.348,112.439,112.155,112.299,1
2018.09.20,112.245,112.579,112.037,112.488,1
2018.09.21,112.477,112.868,112.422,112.519,1
2018.09.24,112.41,112.833,112.389,112.805,1
2018.09.25,112.748,112.975,112.736,112.969,1
2018.09.26,112.963,113.13,112.627,112.734,1
2018.09.27,112.698,113.46,112.556,113.398,1
2018.09.28,113.348,113.706,113.303,113.672,1
2018.10.01,113.705,114.056,113.69,113.969,1
2018.10.02,113.911,114.011,113.523,113.676,1
2018.10.03,113.592,114.535,113.516,114.533,1
2018.10.04,114.448,114.542,113.628,113.935,1
2018.10.05,113.894,114.096,113.553,113.704,1
2018.10.08,113.747,113.936,112.813,113.228,1
2018.10.09,113.146,113.386,112.863,112.947,1
2018.10.10,112.967,113.28,112.249,112.25,0
2018.10.11,112.246,112.528,111.824,112.157,0
2018.10.12,112.111,112.49,111.872,112.2,0
2018.10.15,112.12,112.226,111.616,111.763,0
2018.10.16,111.751,112.33,111.723,112.24,0
2018.10.17,112.251,112.667,112.007,112.656,0
2018.10.18,112.665,112.721,111.932,112.181,0
2018.10.19,112.176,112.64,112.133,112.498,0
2018.10.22,112.57,112.877,112.341,112.815,0
2018.10.23,112.792,112.833,111.946,112.435,0
2018.10.24,112.422,112.734,112.081,112.242,0
2018.10.25,112.149,112.666,111.813,112.382,0
2018.10.26,112.414,112.435,111.368,111.872,0
2018.10.29,111.859,112.554,111.768,112.344,0
2018.10.30,112.362,113.136,112.296,113.103,0
2018.10.31,113.07,113.377,112.797,112.941,0
2018.11.01,112.929,112.994,112.597,112.644,0
2018.11.02,112.63,113.313,112.549,113.182,0
2018.11.05,113.145,113.33,113.067,113.187,0
2018.11.06,113.176,113.497,113.092,113.439,0
2018.11.07,113.402,113.81,112.939,113.545,0
2018.11.08,113.446,114.079,113.446,114.039,0
2018.11.09,114.011,114.058,113.631,113.76,0
2018.11.12,113.832,114.199,113.651,113.825,0
2018.11.13,113.817,114.136,113.572,113.794,0
2018.11.14,113.81,114,113.289,113.614,0
2018.11.15,113.533,113.699,113.09,113.612,0
2018.11.16,113.589,113.619,112.635,112.828,0
2018.11.19,112.745,112.867,112.412,112.54,0
2018.11.20,112.502,112.836,112.297,112.737,0
2018.11.21,112.696,113.139,112.636,113.036,0
2018.11.22,113.064,113.124,112.876,112.925,0
2018.11.23,112.944,113.001,112.652,112.884,0
2018.11.26,112.89,113.644,112.867,113.593,0
2018.11.27,113.547,113.835,113.407,113.764,0
2018.11.28,113.764,114.028,113.425,113.676,0
2018.11.29,113.686,113.686,113.18,113.466,0
2018.11.30,113.469,113.714,113.291,113.442,0
2018.12.03,113.58,113.814,113.367,113.63,0
2018.12.04,113.624,113.649,112.569,112.777,0
2018.12.05,112.749,113.234,112.643,113.176,0
2018.12.06,113.18,113.189,112.226,112.671,0
2018.12.07,112.63,112.923,112.548,112.687,0
2018.12.10,112.642,113.362,112.235,113.303,0
2018.12.11,113.304,113.461,113.002,113.379,0
2018.12.12,113.351,113.515,113.135,113.264,0
2018.12.13,113.229,113.703,113.197,113.594,0
2018.12.14,113.618,113.669,113.204,113.38,0
2018.12.17,113.348,113.515,112.676,112.827,0
2018.12.18,112.817,112.847,112.242,112.52,0
2018.12.19,112.502,112.661,112.084,112.472,1
2018.12.20,112.375,112.599,110.807,111.284,1
2018.12.21,111.218,111.454,110.927,111.199,1
2018.12.24,110.945,111.186,110.262,110.427,1
2018.12.26,110.422,111.403,110.274,111.354,1
2018.12.27,111.296,111.337,110.451,110.98,1
2018.12.28,110.944,110.993,110.137,110.258,1
2018.12.31,110.268,110.47,109.551,109.573,1
2019.01.02,109.641,109.722,108.702,108.871,1
2019.01.03,108.822,108.895,106.43,107.635,1
2019.01.04,107.658,108.583,107.508,108.516,1
2019.01.07,108.479,108.742,108.015,108.702,1
2019.01.08,108.68,109.082,108.434,108.731,1
2019.01.09,108.724,108.997,107.967,108.127,1
2019.01.10,108.096,108.515,107.764,108.42,1
2019.01.11,108.418,108.593,108.14,108.544,1
2019.01.14,108.497,108.592,107.981,108.152,1
2019.01.15,108.149,108.76,108.113,108.69,1
2019.01.16,108.677,109.19,108.366,109.084,1
2019.01.17,109.037,109.4,108.68,109.237,1
2019.01.18,109.263,109.886,109.051,109.766,1
2019.01.21,109.695,109.758,109.468,109.645,0
2019.01.22,109.627,109.689,109.141,109.354,0
2019.01.23,109.372,109.994,109.31,109.607,0
2019.01.24,109.595,109.796,109.416,109.63,0
2019.01.25,109.624,109.947,109.449,109.538,0
2019.01.28,109.536,109.572,109.155,109.326,0
2019.01.29,109.305,109.536,109.124,109.362,0
2019.01.30,109.297,109.739,108.803,109.033,0
2019.01.31,108.988,109.062,108.492,108.85,0
2019.02.01,108.849,109.574,108.72,109.522,0
2019.02.04,109.504,110.157,109.428,109.896,0
2019.02.05,109.846,110.036,109.772,109.957,0
2019.02.06,109.954,110.048,109.553,109.968,0
2019.02.07,109.968,110.083,109.6,109.814,0
2019.02.08,109.787,109.893,109.642,109.741,0
2019.02.11,109.737,110.463,109.736,110.376,0
2019.02.12,110.337,110.646,110.334,110.478,0
2019.02.13,110.428,111.048,110.403,110.995,0
2019.02.14,110.987,111.124,110.451,110.469,0
2019.02.15,110.401,110.639,110.247,110.455,0
2019.02.18,110.438,110.647,110.435,110.594,0
2019.02.19,110.566,110.819,110.446,110.594,0
2019.02.20,110.588,110.945,110.516,110.844,0
2019.02.21,110.833,110.856,110.56,110.698,0
2019.02.22,110.642,110.901,110.553,110.64,0
2019.02.25,110.647,111.229,110.573,111.054,0
2019.02.26,111.013,111.07,110.413,110.57,0
2019.02.27,110.547,111.067,110.347,110.985,0
2019.02.28,110.986,111.487,110.654,111.378,0
2019.03.01,111.375,112.073,111.318,111.892,0
2019.03.04,111.848,112.008,111.635,111.734,0
2019.03.05,111.725,112.132,111.694,111.877,0
2019.03.06,111.83,111.916,111.609,111.767,0
2019.03.07,111.749,111.85,111.478,111.578,0
2019.03.08,111.548,111.644,110.774,111.145,0
2019.03.11,111.136,111.303,110.873,111.191,0
2019.03.12,111.206,111.46,111.105,111.334,0
2019.03.13,111.348,111.46,111.001,111.264,0
2019.03.14,111.278,111.829,111.14,111.647,0
2019.03.15,111.647,111.896,111.377,111.428,0
2019.03.18,111.465,111.624,111.292,111.434,0
2019.03.19,111.435,111.47,111.152,111.392,0
2019.03.20,111.391,111.688,110.527,110.636,0
2019.03.21,110.636,110.952,110.292,110.84,0
2019.03.22,110.84,110.889,109.735,109.901,0
2019.03.25,109.99,110.234,109.701,109.966,0
2019.03.26,109.965,110.683,109.948,110.609,0
2019.03.27,110.608,110.707,110.227,110.445,0
2019.03.28,110.445,110.825,110.01,110.633,0
2019.03.29,110.633,110.943,110.528,110.824,0
2019.04.01,110.945,111.437,110.844,111.339,0
2019.04.02,111.323,111.448,111.241,111.309,0
2019.04.03,111.315,111.57,111.201,111.484,0
2019.04.04,111.462,111.648,111.328,111.647,0
2019.04.05,111.666,111.816,111.53,111.684,0
2019.04.08,111.695,111.743,111.277,111.489,0
2019.04.09,111.457,111.574,110.973,111.134,0
2019.04.10,111.126,111.27,110.838,111.008,0
2019.04.11,110.985,111.688,110.892,111.652,0
2019.04.12,111.635,112.087,111.578,111.993,0
2019.04.15,111.945,112.087,111.879,112.028,0
2019.04.16,111.997,112.037,111.839,112.008,0
2019.04.17,111.98,112.158,111.913,112.052,0
2019.04.18,112.024,112.06,111.756,111.952,0
2019.04.19,111.935,111.999,111.887,111.902,0
2019.04.22,111.825,111.984,111.825,111.926,0
2019.04.23,111.905,112.027,111.642,111.858,1
2019.04.24,111.846,112.395,111.676,112.186,1
2019.04.25,112.117,112.233,111.364,111.609,1
2019.04.26,111.588,112.016,111.423,111.51,1
2019.04.29,111.533,111.894,111.533,111.634,1
2019.04.30,111.633,111.686,111.231,111.428,1
2019.05.01,111.407,111.609,111.042,111.375,1
2019.05.02,111.362,111.662,111.344,111.502,1
2019.05.03,111.481,111.688,111.063,111.076,1
2019.05.06,110.628,110.953,110.276,110.857,1
2019.05.07,110.588,110.848,110.164,110.239,1
2019.05.08,110.215,110.283,109.897,110.09,1
2019.05.09,110.087,110.102,109.465,109.758,1
2019.05.10,109.731,110.044,109.466,109.945,1
2019.05.13,109.763,109.833,109.014,109.303,1
2019.05.14,109.28,109.767,109.14,109.602,1
2019.05.15,109.613,109.697,109.148,109.581,1
2019.05.16,109.576,109.959,109.331,109.836,1
2019.05.17,109.837,110.188,109.488,110.034,1
2019.05.20,110.085,110.313,109.803,110.056,1
2019.05.21,110.073,110.668,110.001,110.478,1
2019.05.22,110.483,110.621,110.233,110.348,0
2019.05.23,110.263,110.359,109.453,109.594,0
2019.05.24,109.588,109.74,109.268,109.28,0
2019.05.27,109.29,109.579,109.274,109.453,0
2019.05.28,109.469,109.624,109.204,109.363,0
2019.05.29,109.352,109.694,109.145,109.585,0
2019.05.30,109.563,109.922,109.468,109.611,0
2019.05.31,109.569,109.617,108.273,108.274,0
2019.06.03,108.286,108.441,107.878,108.055,0
2019.06.04,108.077,108.353,107.84,108.141,0
2019.06.05,108.131,108.48,107.809,108.448,0
2019.06.06,108.455,108.557,108.02,108.38,0
2019.06.07,108.385,108.612,107.875,108.155,0
2019.06.10,108.447,108.71,108.306,108.445,0
2019.06.11,108.423,108.795,108.345,108.509,0
2019.06.12,108.511,108.559,108.213,108.501,0
2019.06.13,108.492,108.532,108.159,108.38,0
2019.06.14,108.33,108.583,108.153,108.55,0
2019.06.17,108.478,108.72,108.456,108.523,0
2019.06.18,108.527,108.669,108.055,108.435,0
2019.06.19,108.437,108.612,107.893,108.095,0
2019.06.20,108.091,108.138,107.207,107.298,0
2019.06.21,107.273,107.728,107.042,107.3,0
2019.06.24,107.303,107.531,107.242,107.288,0
2019.06.25,107.274,107.406,106.772,107.151,0
2019.06.26,107.155,107.844,107.092,107.775,0
2019.06.27,107.716,108.155,107.631,107.757,0
2019.06.28,107.76,107.931,107.556,107.897,0
2019.07.01,108.155,108.526,108.093,108.422,0
2019.07.02,108.432,108.469,107.761,107.897,0
2019.07.03,107.869,107.917,107.527,107.82,0
2019.07.04,107.778,107.837,107.702,107.813,0
2019.07.05,107.807,108.631,107.775,108.455,0
2019.07.08,108.387,108.798,108.275,108.722,0
2019.07.09,108.713,108.958,108.659,108.846,0
2019.07.10,108.848,108.985,108.339,108.454,0
2019.07.11,108.424,108.526,107.853,108.483,0
2019.07.12,108.469,108.603,107.796,107.886,0
2019.07.15,107.912,108.103,107.792,107.901,0
2019.07.16,107.883,108.371,107.815,108.22,0
2019.07.17,108.233,108.322,107.93,107.934,0
2019.07.18,107.934,108.011,107.205,107.291,1
2019.07.19,107.28,107.973,107.211,107.683,1
2019.07.22,107.747,108.064,107.694,107.86,1
2019.07.23,107.857,108.283,107.82,108.214,1
2019.07.24,108.196,108.269,107.927,108.171,1
2019.07.25,108.149,108.75,108.032,108.626,1
2019.07.26,108.619,108.82,108.556,108.662,1
2019.07.29,108.622,108.894,108.414,108.772,1
2019.07.30,108.771,108.943,108.447,108.591,1
2019.07.31,108.577,108.995,108.485,108.758,1
2019.08.01,108.684,109.311,107.248,107.305,1
2019.08.02,107.272,107.562,106.503,106.595,1
2019.08.05,106.522,106.676,105.78,105.944,1
2019.08.06,105.941,107.083,105.515,106.442,1
2019.08.07,106.431,106.459,105.49,106.262,1
2019.08.08,106.251,106.296,105.887,106.064,1
2019.08.09,105.985,106.071,105.261,105.629,1
2019.08.12,105.577,105.686,105.043,105.299,1
2019.08.13,105.242,106.971,105.059,106.735,1
2019.08.14,106.746,106.746,105.645,105.906,1
2019.08.15,105.846,106.772,105.696,106.104,1
2019.08.16,106.058,106.488,106.021,106.342,1
2019.08.19,106.246,106.691,106.226,106.622,1
2019.08.20,106.615,106.685,106.156,106.218,1
2019.08.21,106.225,106.64,106.209,106.602,1
2019.08.22,106.579,106.644,106.246,106.434,0
2019.08.23,106.379,106.728,105.249,105.365,0
2019.08.26,104.988,106.408,104.444,106.112,0
2019.08.27,106.075,106.143,105.584,105.754,0
2019.08.28,105.699,106.222,105.645,106.108,0
2019.08.29,106.04,106.676,105.823,106.498,0
2019.08.30,106.483,106.538,106.096,106.25,0
2019.09.02,106.027,106.393,105.915,106.158,0
2019.09.03,106.193,106.379,105.728,105.941,0
2019.09.04,106.19,106.25,106.18,106.22,0
2019.09.05,106.379,107.224,106.319,106.943,0
2019.09.06,106.914,107.095,106.616,106.903,0
2019.09.09,106.838,107.072,106.755,107.031,0
2019.09.10,107.224,107.58,107.194,107.528,0
2019.09.11,107.494,107.85,107.48,107.802,0
2019.09.12,107.775,108.182,107.511,108.105,0
2019.09.13,108.056,108.254,107.899,108.05,0
2019.09.16,107.548,108.161,107.49,108.137,0
2019.09.17,108.144,108.36,108.015,108.104,0
2019.09.18,108.105,108.471,108.078,108.442,0
2019.09.19,108.412,108.465,107.782,108.047,0
2019.09.20,107.956,108.08,107.52,107.547,0
2019.09.23,107.703,107.762,107.305,107.528,0
2019.09.24,107.519,107.789,106.954,107.071,0
2019.09.25,107.016,107.877,106.993,107.755,0
2019.09.26,107.745,107.953,107.415,107.83,0
2019.09.27,107.81,108.175,107.65,107.925,0
2019.09.30,107.965,108.173,107.738,108.06,0
2019.10.01,108.065,108.466,107.621,107.742,0
2019.10.02,107.715,107.886,107.041,107.171,0
2019.10.03,107.172,107.292,106.473,106.898,0
2019.10.04,106.903,107.128,106.553,106.901,0
2019.10.07,106.674,107.46,106.646,107.25,0
2019.10.08,107.232,107.439,106.798,107.075,0
2019.10.09,107.047,107.62,106.928,107.469,0
2019.10.10,107.447,108.012,107.029,107.936,0
2019.10.11,107.94,108.624,107.842,108.434,0
2019.10.14,108.309,108.517,108.026,108.388,0
2019.10.15,108.382,108.894,108.15,108.855,0
2019.10.16,108.842,108.86,108.552,108.751,0
2019.10.17,108.715,108.933,108.448,108.631,0
2019.10.18,108.614,108.717,108.375,108.375,0
2019.10.21,108.427,108.658,108.283,108.594,0
2019.10.22,108.57,108.723,108.435,108.475,0
2019.10.23,108.453,108.698,108.243,108.686,0
2019.10.24,108.669,108.748,108.491,108.623,0
2019.10.25,108.596,108.768,108.505,108.667,0
2019.10.28,108.709,109.033,108.653,108.969,0
2019.10.29,108.97,109.064,108.744,108.88,0
2019.10.30,108.881,109.281,108.715,108.849,0
2019.10.31,108.851,108.874,107.921,108.015,0
2019.11.01,108.017,108.318,107.88,108.16,0
2019.11.04,108.217,108.644,108.187,108.571,0
2019.11.05,108.563,109.236,108.528,109.166,0
2019.11.06,109.15,109.177,108.812,108.972,0
2019.11.07,108.962,109.482,108.641,109.263,0
2019.11.08,109.321,109.47,109.069,109.205,0
2019.11.11,109.205,109.248,108.891,109.033,0
2019.11.12,109.043,109.287,108.918,109.02,0
2019.11.13,108.992,109.144,108.65,108.806,0
2019.11.14,108.772,108.857,108.228,108.397,0
2019.11.15,108.372,108.851,108.355,108.757,0
2019.11.18,108.784,109.066,108.507,108.668,0
2019.11.19,108.654,108.831,108.447,108.534,0
2019.11.20,108.524,108.733,108.34,108.607,0
2019.11.21,108.571,108.692,108.271,108.602,0
2019.11.22,108.602,108.726,108.471,108.62,0
2019.11.25,108.646,108.974,108.606,108.917,0
2019.11.26,108.879,109.203,108.87,109.06,0
2019.11.27,109.006,109.604,109.004,109.521,0
2019.11.28,109.497,109.546,109.327,109.492,0
2019.11.29,109.497,109.663,109.391,109.464,0
2019.12.02,109.509,109.722,108.919,108.964,0
2019.12.03,108.962,109.202,108.478,108.628,0
2019.12.04,108.599,108.957,108.422,108.86,0
2019.12.05,108.846,108.995,108.649,108.752,0
2019.12.06,108.734,108.915,108.497,108.531,0
2019.12.09,108.625,108.671,108.425,108.54,0
2019.12.10,108.554,108.762,108.508,108.739,0
2019.12.11,108.726,108.851,108.459,108.548,0
2019.12.12,108.512,109.445,108.449,109.302,0
2019.12.13,109.353,109.702,109.155,109.341,0
2019.12.16,109.251,109.671,109.251,109.556,0
2019.12.17,109.527,109.625,109.437,109.488,0
2019.12.18,109.489,109.622,109.392,109.569,0
2019.12.19,109.544,109.681,109.176,109.345,0
2019.12.20,109.347,109.521,109.251,109.435,1
2019.12.23,109.422,109.532,109.334,109.366,1
2019.12.24,109.35,109.436,109.321,109.364,1
2019.12.26,109.367,109.68,109.354,109.632,1
2019.12.27,109.542,109.591,109.384,109.408,1
2019.12.30,109.395,109.48,108.763,108.87,1
2019.12.31,108.867,108.88,108.464,108.632,1
2020.01.02,108.602,108.86,108.206,108.552,1
2020.01.03,108.539,108.623,107.835,108.085,1
2020.01.06,107.884,108.5,107.765,108.369,1
2020.01.07,108.343,108.624,108.255,108.451,1
2020.01.08,108.44,109.237,107.645,109.126,1
2020.01.09,109.08,109.576,109.006,109.512,1
2020.01.10,109.506,109.685,109.431,109.457,1
2020.01.13,109.514,109.94,109.497,109.935,1
2020.01.14,109.912,110.208,109.847,109.989,1
2020.01.15,109.952,110.004,109.783,109.894,1
2020.01.16,109.884,110.173,109.847,110.155,1
2020.01.17,110.149,110.284,110.042,110.13,1
2020.01.20,110.072,110.211,110.072,110.172,0
2020.01.21,110.167,110.216,109.756,109.867,0
2020.01.22,109.842,110.092,109.821,109.835,0
2020.01.23,109.823,109.853,109.259,109.485,0
2020.01.24,109.475,109.647,109.166,109.251,0
2020.01.27,108.95,109.132,108.725,108.891,0
2020.01.28,108.885,109.196,108.75,109.138,0
2020.01.29,109.14,109.26,108.97,109.013,0
2020.01.30,108.963,109.06,108.575,108.925,0
2020.01.31,108.929,109.13,108.303,108.321,0
2020.02.03,108.392,108.793,108.305,108.662,0
2020.02.04,108.657,109.539,108.543,109.516,0
2020.02.05,109.485,109.84,109.298,109.818,0
2020.02.06,109.778,110.001,109.743,109.989,0
2020.02.07,109.97,110.016,109.526,109.762,0
2020.02.10,109.667,109.873,109.555,109.768,0
2020.02.11,109.746,109.957,109.721,109.78,0
2020.02.12,109.777,110.13,109.753,110.091,0
2020.02.13,110.06,110.086,109.612,109.824,0
2020.02.14,109.808,109.906,109.693,109.765,0
2020.02.17,109.789,109.956,109.713,109.863,0
2020.02.18,109.86,109.942,109.651,109.861,0
2020.02.19,109.864,111.584,109.841,111.327,0
2020.02.20,111.306,112.218,111.106,112.108,0
2020.02.21,112.087,112.181,111.466,111.584,0
2020.02.24,111.376,111.677,110.327,110.711,0
2020.02.25,110.653,111.035,109.884,110.194,0
2020.02.26,110.146,110.697,110.124,110.412,0
2020.02.27,110.375,110.449,109.558,109.567,1
2020.02.28,109.57,109.675,107.504,108.022,1
2020.03.02,107.609,108.572,107.352,108.321,1
2020.03.03,108.305,108.528,106.923,107.116,1
2020.03.04,107.099,107.688,106.838,107.519,1
2020.03.05,107.484,107.736,105.96,106.159,1
2020.03.06,106.094,106.336,104.987,105.352,1
2020.03.09,104.416,104.504,101.174,102.265,1
2020.03.10,102.265,105.912,102.002,105.238,1
2020.03.11,105.238,105.381,104.09,104.416,1
2020.03.12,104.416,106.089,103.073,104.805,1
2020.03.13,104.794,108.495,104.5,107.968,0
2020.03.16,106.973,107.571,105.129,105.867,0
2020.03.17,105.867,107.858,105.851,107.647,0
2020.03.18,107.647,108.647,106.747,108.052,0
2020.03.19,108.054,110.947,107.944,110.83,0
2020.03.20,110.831,111.497,109.318,110.766,0
2020.03.23,110.749,111.586,109.66,111.196,0
2020.03.24,111.196,111.706,110.075,111.264,0
2020.03.25,111.276,111.676,110.746,111.127,0
2020.03.26,111.126,111.24,109.204,109.408,0
2020.03.27,109.408,109.464,107.738,107.94,0
2020.03.30,107.679,108.292,107.116,107.809,0
2020.03.31,107.688,108.723,107.459,107.549,0
2020.04.01,107.517,107.937,106.917,107.162,0
2020.04.02,107.152,108.089,107.008,107.853,0
2020.04.03,107.855,108.673,107.796,108.352,0
2020.04.06,108.342,109.378,108.34,109.228,0
2020.04.07,109.209,109.274,108.668,108.772,0
2020.04.08,108.76,109.1,108.502,108.815,0
2020.04.09,108.811,109.06,108.205,108.471,0
2020.04.10,108.406,108.584,108.323,108.355,0
2020.04.13,108.351,108.521,107.497,107.751,0
2020.04.14,107.749,107.754,106.978,107.204,0
2020.04.15,107.173,107.867,106.924,107.427,0
2020.04.16,107.392,108.08,107.159,107.889,0
2020.04.17,107.912,108.08,107.297,107.505,0
2020.04.20,107.483,107.946,107.4,107.611,0
2020.04.21,107.599,107.889,107.277,107.752,0
2020.04.22,107.705,107.934,107.51,107.743,0
2020.04.23,107.672,108.04,107.343,107.608,0
2020.04.24,107.556,107.757,107.367,107.447,0
2020.04.27,107.538,107.619,106.99,107.255,0
2020.04.28,107.155,107.336,106.558,106.855,0
2020.04.29,106.858,106.892,106.356,106.619,0
2020.04.30,106.581,107.496,106.402,107.152,0
2020.05.01,107.117,107.402,106.603,106.897,0
2020.05.04,106.798,107.066,106.63,106.705,0
2020.05.05,106.724,106.891,106.412,106.525,0
2020.05.06,106.469,106.603,105.983,106.098,0
2020.05.07,106.074,106.653,105.987,106.255,0
2020.05.08,106.26,106.744,106.218,106.683,0
2020.05.11,106.507,107.765,106.48,107.645,0
2020.05.12,107.598,107.691,107.118,107.139,0
2020.05.13,107.113,107.273,106.739,107.018,0
2020.05.14,107.012,107.36,106.769,107.219,0
2020.05.15,107.236,107.431,106.852,107.082,0
2020.05.18,107.074,107.501,107.055,107.299,0
2020.05.19,107.276,108.083,107.235,107.694,0
2020.05.20,107.692,107.98,107.333,107.484,0
2020.05.21,107.513,107.845,107.469,107.598,0
2020.05.22,107.62,107.759,107.319,107.608,0
2020.05.25,107.564,107.778,107.517,107.685,0
2020.05.26,107.665,107.919,107.398,107.523,0
2020.05.27,107.537,107.944,107.362,107.708,0
2020.05.28,107.708,107.898,107.567,107.617,0
2020.05.29,107.613,107.892,107.075,107.772,0
2020.06.01,107.668,107.853,107.374,107.584,0
2020.06.02,107.538,108.77,107.51,108.667,1
2020.06.03,108.663,108.978,108.419,108.892,1
2020.06.04,108.869,109.194,108.612,109.152,1
2020.06.05,109.14,109.848,109.042,109.581,1
2020.06.08,109.548,109.689,108.231,108.423,1
2020.06.09,108.438,108.538,107.618,107.748,1
2020.06.10,107.722,107.869,106.985,107.118,1
2020.06.11,107.094,107.229,106.569,106.854,1
2020.06.12,106.861,107.55,106.582,107.362,1
2020.06.15,107.303,107.564,106.997,107.321,1
2020.06.16,107.316,107.635,107.208,107.308,1
2020.06.17,107.327,107.439,106.948,107.001,1
2020.06.18,106.961,107.125,106.664,106.959,0
2020.06.19,106.955,107.051,106.763,106.867,0
2020.06.22,106.767,107.007,106.747,106.897,0
2020.06.23,106.882,107.217,106.069,106.532,0
2020.06.24,106.488,107.068,106.38,107.049,0
2020.06.25,107.046,107.449,106.953,107.191,0
2020.06.26,107.173,107.357,106.795,107.201,0
2020.06.29,107.067,107.88,107.037,107.566,0
2020.06.30,107.547,107.98,107.518,107.917,0
2020.07.01,107.928,108.16,107.355,107.46,0
2020.07.02,107.428,107.72,107.328,107.491,0
2020.07.03,107.503,107.564,107.431,107.466,0
2020.07.06,107.443,107.77,107.253,107.39,0
2020.07.07,107.328,107.788,107.243,107.524,0
2020.07.08,107.504,107.708,107.199,107.254,0
2020.07.09,107.237,107.394,107.094,107.197,0
2020.07.10,107.18,107.261,106.633,106.911,0
2020.07.13,106.876,107.315,106.783,107.282,0
2020.07.14,107.26,107.427,107.116,107.232,0
2020.07.15,107.181,107.306,106.661,106.939,0
2020.07.16,106.928,107.397,106.829,107.274,0
2020.07.17,107.202,107.357,106.935,107.019,0
2020.07.20,107.071,107.533,106.989,107.269,0
2020.07.21,107.231,107.363,106.675,106.788,0
2020.07.22,106.776,107.286,106.661,107.154,0
2020.07.23,107.119,107.227,106.707,106.841,0
2020.07.24,106.839,106.89,105.678,106.119,1
2020.07.27,106.01,106.106,105.112,105.369,1
2020.07.28,105.4,105.682,104.952,105.084,1
2020.07.29,105.084,105.238,104.768,104.917,1
2020.07.30,104.899,105.291,104.677,104.71,1
2020.07.31,104.705,106.053,104.184,105.846,1
2020.08.03,105.763,106.47,105.578,105.943,1
2020.08.04,105.953,106.191,105.634,105.712,1
2020.08.05,105.699,105.869,105.317,105.594,1
2020.08.06,105.6,105.694,105.297,105.54,1
2020.08.07,105.498,106.051,105.477,105.891,1
2020.08.10,105.847,106.199,105.705,105.958,1
2020.08.11,105.945,106.679,105.906,106.484,1
2020.08.12,106.486,107.006,106.437,106.896,1
2020.08.13,106.833,107.046,106.56,106.92,0
2020.08.14,106.883,107.034,106.433,106.569,0
2020.08.17,106.562,106.652,105.939,105.996,0
2020.08.18,105.954,106.051,105.279,105.402,0
2020.08.19,105.423,106.148,105.098,106.087,0
2020.08.20,106.109,106.213,105.741,105.776,0
2020.08.21,105.765,106.067,105.438,105.759,0
2020.08.24,105.758,105.993,105.685,105.971,0
2020.08.25,105.971,106.573,105.869,106.383,0
2020.08.26,106.325,106.553,105.953,105.982,0
2020.08.27,105.99,106.698,105.599,106.56,0
2020.08.28,106.562,106.943,105.198,105.319,0
2020.08.31,105.413,106.093,105.288,105.899,0
2020.09.01,105.888,106.15,105.588,105.942,0
2020.09.02,105.949,106.297,105.847,106.177,0
2020.09.03,106.177,106.546,105.999,106.18,0
2020.09.04,106.16,106.503,106.054,106.209,0
2020.09.07,106.216,106.383,106.129,106.224,0
2020.09.08,106.247,106.379,105.857,106.014,0
2020.09.09,106.012,106.27,105.787,106.173,0
2020.09.10,106.243,106.298,105.977,106.12,0
2020.09.11,106.121,106.258,106.053,106.129,0
2020.09.14,106.074,106.162,105.543,105.703,0
2020.09.15,105.668,105.811,105.298,105.435,0
2020.09.16,105.352,105.434,104.794,104.942,0
2020.09.17,104.907,105.17,104.521,104.736,0
2020.09.18,104.691,104.868,104.269,104.568,0
2020.09.21,104.48,104.884,103.997,104.642,0
2020.09.22,104.633,105.075,104.402,104.92,0
2020.09.23,104.921,105.494,104.832,105.356,0
2020.09.24,105.365,105.527,105.202,105.388,0
2020.09.25,105.379,105.696,105.237,105.545,0
2020.09.28,105.497,105.681,105.26,105.455,0
2020.09.29,105.462,105.73,105.34,105.612,0
2020.09.30,105.602,105.796,105.399,105.411,0
2020.10.01,105.416,105.72,105.401,105.498,0
2020.10.02,105.516,105.663,104.939,105.278,0
2020.10.05,105.248,105.794,105.248,105.73,0
2020.10.06,105.686,105.783,105.466,105.598,0
2020.10.07,105.583,106.104,105.583,105.943,0
2020.10.08,105.941,106.105,105.921,106.014,0
2020.10.09,106.007,106.039,105.576,105.586,0
2020.10.12,105.726,105.783,105.239,105.294,0
2020.10.13,105.299,105.624,105.271,105.47,0
2020.10.14,105.441,105.52,105.032,105.158,0
2020.10.15,105.104,105.49,105.058,105.419,0
2020.10.16,105.424,105.464,105.187,105.365,0
2020.10.19,105.376,105.5,105.297,105.414,0
2020.10.20,105.414,105.743,105.319,105.462,0
2020.10.21,105.443,105.536,104.336,104.563,0
2020.10.22,104.543,104.918,104.473,104.828,0
2020.10.23,104.823,104.934,104.543,104.679,0
2020.10.25,104.663,104.687,104.663,104.665,0
2020.10.26,104.66,105.052,104.64,104.837,0
2020.10.27,104.836,104.886,104.384,104.462,0
2020.10.28,104.459,104.554,104.108,104.301,0
2020.10.29,104.302,104.721,104.019,104.588,0
2020.10.30,104.586,104.738,104.12,104.679,0
2020.11.02,104.535,104.945,104.452,104.709,0
2020.11.03,104.71,104.796,104.426,104.499,0
2020.11.04,104.457,105.339,104.145,104.486,0
2020.11.05,104.5,104.536,103.434,103.445,0
2020.11.06,103.445,103.754,103.171,103.337,0
2020.11.09,103.301,105.64,103.176,105.338,0
2020.11.10,105.289,105.482,104.815,105.237,0
2020.11.11,105.281,105.671,104.999,105.399,0
2020.11.12,105.419,105.474,105.064,105.106,0
2020.11.13,105.123,105.146,104.558,104.582,0
2020.11.16,104.722,105.13,104.358,104.552,0
2020.11.17,104.588,104.588,104.065,104.183,0
2020.11.18,104.18,104.196,103.649,103.786,0
2020.11.19,103.774,104.211,103.713,103.726,0
2020.11.20,103.728,103.904,103.698,103.81,0
2020.11.23,103.789,104.632,103.677,104.506,0
2020.11.24,104.474,104.756,104.139,104.412,0
2020.11.25,104.408,104.593,104.251,104.424,0
2020.11.26,104.438,104.479,104.207,104.207,0
2020.11.27,104.255,104.274,103.901,104.07,0
2020.11.30,104.031,104.405,103.827,104.272,0
2020.12.01,104.275,104.573,104.177,104.286,0
2020.12.02,104.298,104.747,104.221,104.397,0
2020.12.03,104.412,104.531,103.666,103.84,0
2020.12.04,103.84,104.239,103.735,104.18,0
2020.12.07,104.114,104.308,103.918,104.044,0
2020.12.08,104.064,104.201,103.951,104.16,0
2020.12.09,104.154,104.401,104.048,104.229,0
2020.12.10,104.186,104.575,104.146,104.207,0
2020.12.11,104.225,104.264,103.819,104.004,0
2020.12.14,103.927,104.099,103.508,104.026,0
2020.12.15,104.053,104.148,103.604,103.647,0
2020.12.16,103.668,103.915,103.257,103.415,0
2020.12.17,103.432,103.557,102.87,103.086,0
2020.12.18,103.086,103.591,103.055,103.277,0
2020.12.21,103.448,103.887,103.248,103.284,0
2020.12.22,103.307,103.729,103.277,103.595,0
2020.12.23,103.591,103.647,103.352,103.533,0
2020.12.24,103.492,103.762,103.492,103.606,0
2020.12.25,103.577,103.667,103.563,103.637,0
2020.12.28,103.603,103.895,103.401,103.773,0
2020.12.29,103.749,103.801,103.456,103.52,0
2020.12.30,103.535,103.591,102.956,103.187,0
2020.12.31,103.161,103.308,102.987,103.264,0
2021.01.04,103.117,103.313,102.707,103.099,0
2021.01.05,103.11,103.187,102.6,102.658,0
2021.01.06,102.681,103.438,102.588,102.994,0
2021.01.07,102.972,103.952,102.942,103.762,0
2021.01.08,103.758,104.087,103.597,103.93,0
2021.01.11,103.865,104.393,103.852,104.218,0
2021.01.12,104.162,104.327,103.713,103.716,0
2021.01.13,103.758,103.993,103.52,103.826,0
2021.01.14,103.842,104.195,103.56,103.779,0
2021.01.15,103.726,103.907,103.613,103.856,0
2021.01.18,103.805,103.927,103.632,103.648,0
2021.01.19,103.657,104.081,103.647,103.876,0
2021.01.20,103.872,103.925,103.441,103.488,0
2021.01.21,103.508,103.662,103.322,103.453,0
2021.01.22,103.468,103.881,103.454,103.74,0
2021.01.25,103.76,103.931,103.668,103.691,0
2021.01.26,103.722,103.824,103.55,103.603,0
2021.01.27,103.633,104.195,103.581,104.069,0
2021.01.28,104.087,104.458,104.038,104.196,0
2021.01.29,104.206,104.935,104.174,104.656,1
2021.02.01,104.762,105.03,104.602,104.935,1
2021.02.02,104.882,105.168,104.824,104.939,1
2021.02.03,104.913,105.1,104.909,105.009,1
2021.02.04,105.012,105.559,104.97,105.555,1
2021.02.05,105.493,105.763,105.33,105.332,1
2021.02.08,105.3,105.666,105.146,105.188,1
2021.02.09,105.191,105.259,104.492,104.533,1
2021.02.10,104.576,104.838,104.405,104.576,1
2021.02.11,104.577,104.801,104.546,104.721,1
2021.02.12,104.721,105.177,104.702,104.91,1
2021.02.15,104.887,105.412,104.887,105.362,1
2021.02.16,105.357,106.075,105.173,106.008,1
2021.02.17,106.011,106.22,105.77,105.835,1
2021.02.18,105.864,105.919,105.594,105.657,1
2021.02.19,105.676,105.738,105.235,105.401,1
2021.02.22,105.377,105.84,104.979,105.028,1
2021.02.23,105.049,105.425,104.916,105.207,1
2021.02.24,105.169,106.1,105.167,105.841,1
2021.02.25,105.821,106.397,105.821,106.184,1
2021.02.26,106.214,106.687,105.843,106.505,1
2021.03.01,106.516,106.883,106.361,106.73,1
2021.03.02,106.659,106.951,106.656,106.677,1
2021.03.03,106.673,107.147,106.669,106.983,1
2021.03.04,106.957,107.98,106.954,107.939,1
2021.03.05,107.979,108.633,107.815,108.331,1
2021.03.08,108.321,108.936,108.265,108.845,1
2021.03.09,108.833,109.23,108.41,108.44,1
2021.03.10,108.462,108.916,108.335,108.357,1
2021.03.11,108.377,108.807,108.351,108.477,1
2021.03.12,108.497,109.16,108.49,109.008,1
2021.03.14,108.971,109.035,108.971,109.013,1
2021.03.15,109.004,109.359,108.909,109.13,1
2021.03.16,109.128,109.286,108.767,108.994,1
2021.03.17,108.993,109.321,108.739,108.843,1
2021.03.18,108.84,109.291,108.617,108.934,1
2021.03.19,108.914,109.124,108.603,108.867,0
2021.03.21,108.596,108.663,108.535,108.577,0
2021.03.22,108.574,108.952,108.533,108.844,0
2021.03.23,108.839,108.868,108.401,108.606,0
2021.03.24,108.603,108.95,108.445,108.724,0
2021.03.25,108.721,109.231,108.707,109.16,0
2021.03.26,109.156,109.843,109.125,109.662,0
2021.03.29,109.715,109.84,109.368,109.748,0
2021.03.30,109.763,110.419,109.701,110.319,1
2021.03.31,110.341,110.96,110.27,110.693,1
2021.04.01,110.667,110.842,110.541,110.552,1
2021.04.02,110.556,110.744,110.367,110.652,1
2021.04.05,110.601,110.742,109.958,110.142,1
2021.04.06,110.157,110.547,109.665,109.709,1
2021.04.07,109.717,109.936,109.574,109.812,1
2021.04.08,109.804,109.898,108.995,109.238,1
2021.04.09,109.259,109.954,109.186,109.638,1
2021.04.12,109.658,109.765,109.24,109.342,1
2021.04.13,109.347,109.748,109.012,109.019,1
2021.04.14,109.053,109.089,108.746,108.874,1
2021.04.15,108.907,108.959,108.609,108.717,1
2021.04.16,108.714,108.96,108.606,108.769,1
2021.04.19,108.731,108.831,108.005,108.102,1
2021.04.20,108.116,108.542,107.966,108.053,1
2021.04.21,108.061,108.276,107.87,108.034,1
2021.04.22,108.048,108.228,107.807,107.934,0
2021.04.23,107.927,108.14,107.472,107.836,0
2021.04.26,107.886,108.191,107.635,108.067,0
2021.04.27,108.064,108.771,108.055,108.657,0
2021.04.28,108.659,109.072,108.544,108.549,0
2021.04.29,108.58,109.217,108.428,108.885,0
2021.04.30,108.915,109.362,108.707,109.281,0
2021.05.03,109.231,109.692,108.89,109.039,0
2021.05.04,109.025,109.483,108.983,109.28,0
2021.05.05,109.283,109.475,109.137,109.176,0
2021.05.06,109.126,109.424,108.996,109.041,0
2021.05.07,109.087,109.283,108.333,108.565,0
2021.05.10,108.508,109.051,108.463,108.81,0
2021.05.11,108.761,108.977,108.344,108.596,0
2021.05.12,108.63,109.704,108.532,109.69,0
2021.05.13,109.689,109.78,109.4,109.457,0
2021.05.14,109.458,109.65,109.176,109.319,0
2021.05.17,109.246,109.497,109.068,109.193,0
2021.05.18,109.181,109.279,108.828,108.853,0
2021.05.19,108.863,109.331,108.565,109.177,0
2021.05.20,109.18,109.302,108.744,108.753,0
2021.05.21,108.741,108.999,108.606,108.938,0
2021.05.24,108.866,108.991,108.69,108.692,0
2021.05.25,108.702,109.064,108.554,108.735,0
2021.05.26,108.75,109.172,108.718,109.113,0
2021.05.27,109.087,109.918,109.032,109.788,0
2021.05.28,109.762,110.195,109.738,109.851,0
2021.05.31,109.761,109.932,109.347,109.568,0
2021.06.01,109.526,109.701,109.326,109.489,0
2021.06.02,109.478,109.879,109.356,109.484,0
2021.06.03,109.52,110.316,109.506,110.299,0
2021.06.04,110.262,110.324,109.36,109.531,0
2021.06.07,109.559,109.631,109.184,109.252,0
2021.06.08,109.25,109.552,109.194,109.451,0
2021.06.09,109.482,109.651,109.22,109.577,0
2021.06.10,109.592,109.791,109.298,109.298,0
2021.06.11,109.302,109.836,109.299,109.647,0
2021.06.14,109.587,110.093,109.587,110.016,0
2021.06.15,110.055,110.162,109.983,110.011,0
2021.06.16,110.005,110.716,109.797,110.688,0
2021.06.17,110.638,110.819,110.152,110.152,0
2021.06.18,110.171,110.479,109.938,110.193,0
2021.06.21,110.171,110.346,109.709,110.28,0
2021.06.22,110.262,110.788,110.208,110.655,0
2021.06.23,110.589,111.1,110.589,110.912,0
2021.06.24,110.958,111.11,110.682,110.856,0
2021.06.25,110.834,110.979,110.476,110.766,0
2021.06.28,110.751,110.973,110.491,110.592,0
2021.06.29,110.547,110.754,110.425,110.495,0
2021.06.30,110.467,111.116,110.412,111.058,0
2021.07.01,111.095,111.633,111.022,111.481,0
2021.07.02,111.494,111.653,110.945,111.003,0
2021.07.05,110.946,111.185,110.789,110.962,0
2021.07.06,110.916,110.964,110.513,110.573,0
2021.07.07,110.598,110.809,110.391,110.596,0
2021.07.08,110.625,110.669,109.528,109.746,0
2021.07.09,109.707,110.254,109.701,110.094,0
2021.07.12,110.109,110.396,109.972,110.337,0
2021.07.13,110.347,110.642,110.193,110.586,0
2021.07.14,110.616,110.694,109.924,109.924,0
2021.07.15,109.931,110.085,109.709,109.831,0
2021.07.16,109.791,110.336,109.73,110.053,0
2021.07.19,109.991,110.094,109.06,109.442,0
2021.07.20,109.394,109.951,109.325,109.823,0
2021.07.21,109.816,110.381,109.795,110.264,0
2021.07.22,110.27,110.353,110.008,110.12,0
2021.07.23,110.146,110.588,110.081,110.496,0
2021.07.26,110.409,110.578,110.111,110.354,0
2021.07.27,110.356,110.39,109.577,109.714,0
2021.07.28,109.717,110.28,109.706,109.875,0
2021.07.29,109.91,109.943,109.415,109.441,0
2021.07.30,109.439,109.823,109.357,109.613,0
2021.08.02,109.666,109.766,109.181,109.285,0
2021.08.03,109.292,109.335,108.871,108.999,0
2021.08.04,109.028,109.671,108.717,109.461,0
2021.08.05,109.473,109.782,109.398,109.722,0
2021.08.06,109.757,110.349,109.693,110.205,0
2021.08.09,110.286,110.349,110.02,110.254,0
2021.08.10,110.293,110.594,110.269,110.539,0
2021.08.11,110.549,110.796,110.304,110.37,0
2021.08.12,110.39,110.541,110.311,110.38,0
2021.08.13,110.372,110.453,109.539,109.567,0
2021.08.16,109.616,109.746,109.108,109.253,0
2021.08.17,109.252,109.65,109.112,109.572,0
2021.08.18,109.522,110.057,109.473,109.723,0
2021.08.19,109.763,110.223,109.476,109.75,0
2021.08.20,109.709,109.88,109.565,109.756,0
2021.08.23,109.706,110.142,109.633,109.671,0
2021.08.24,109.65,109.876,109.407,109.678,0
2021.08.25,109.607,110.121,109.604,109.96,0
2021.08.26,109.968,110.224,109.921,110.056,0
2021.08.27,109.976,110.263,109.775,109.791,0
2021.08.30,109.846,109.957,109.698,109.877,0
2021.08.31,109.903,110.075,109.58,109.977,0
2021.09.01,109.99,110.415,109.871,110.012,0
2021.09.02,109.975,110.116,109.91,109.914,0
2021.09.03,109.898,110.069,109.585,109.673,0
2021.09.06,109.69,109.942,109.65,109.814,0
2021.09.07,109.804,110.316,109.675,110.262,0
2021.09.08,110.264,110.441,110.137,110.241,0
2021.09.09,110.221,110.27,109.616,109.668,0
2021.09.10,109.683,109.986,109.683,109.9,0
2021.09.13,109.823,110.155,109.793,109.953,0
2021.09.14,109.952,110.157,109.522,109.661,0
2021.09.15,109.626,109.738,109.109,109.341,1
2021.09.16,109.365,109.824,109.207,109.676,1
2021.09.17,109.681,110.076,109.662,109.955,1
2021.09.20,109.871,110.033,109.317,109.37,1
2021.09.21,109.354,109.701,109.177,109.177,1
2021.09.22,109.188,109.895,109.114,109.739,1
2021.09.23,109.732,110.346,109.715,110.294,1
2021.09.24,110.279,110.789,110.25,110.709,1
2021.09.27,110.607,111.061,110.53,110.97,1
2021.09.28,110.975,111.635,110.927,111.502,1
2021.09.29,111.445,112.044,111.2,111.907,1
2021.09.30,111.935,112.072,111.22,111.227,1
2021.10.01,111.225,111.482,110.899,111.046,1
2021.10.04,110.872,111.295,110.815,110.865,1
2021.10.05,110.874,111.556,110.864,111.426,1
2021.10.06,111.443,111.783,111.194,111.382,1
2021.10.07,111.383,111.647,111.224,111.595,1
2021.10.08,111.595,112.251,111.504,112.213,1
2021.10.11,112.121,113.405,112.12,113.274,1
2021.10.12,113.262,113.782,112.997,113.599,1
2021.10.13,113.573,113.799,113.211,113.211,1
2021.10.14,113.225,113.712,113.207,113.64,1
2021.10.15,113.659,114.458,113.624,114.21,1
2021.10.18,114.21,114.447,114.01,114.312,1
2021.10.19,114.298,114.393,113.873,114.327,1
2021.10.20,114.312,114.694,114.075,114.313,1
2021.10.21,114.215,114.41,113.645,113.966,1
2021.10.22,113.965,114.201,113.408,113.447,1
2021.10.25,113.52,113.918,113.42,113.665,1
2021.10.26,113.699,114.306,113.677,114.104,0
2021.10.27,114.105,114.214,113.381,113.79,0
2021.10.28,113.799,113.863,113.25,113.536,0
2021.10.29,113.555,114.091,113.388,114,0
2021.10.31,114.022,114.122,114.022,114.102,0
2021.11.01,114.093,114.439,113.934,113.996,0
2021.11.02,113.987,114.128,113.455,113.937,0
2021.11.03,113.933,114.207,113.711,113.953,0
2021.11.04,113.95,114.272,113.504,113.749,0
2021.11.05,113.745,114.02,113.294,113.369,0
2021.11.08,113.306,113.662,113.073,113.181,0
2021.11.09,113.216,113.286,112.72,112.844,0
2021.11.10,112.83,114.009,112.769,113.872,0
2021.11.11,113.905,114.151,113.8,114.018,0
2021.11.12,114.05,114.296,113.755,113.887,0
2021.11.15,113.881,114.211,113.746,114.084,0
2021.11.16,114.095,114.845,114.089,114.789,0
2021.11.17,114.769,114.963,113.926,114.091,0
2021.11.18,114.047,114.484,113.871,114.216,0
2021.11.19,114.252,114.534,113.58,113.993,0
2021.11.22,113.897,114.957,113.886,114.84,0
2021.11.23,114.869,115.188,114.476,115.093,0
2021.11.24,115.109,115.511,114.818,115.388,0
2021.11.25,115.397,115.453,115.234,115.333,0
2021.11.26,115.301,115.366,113.045,113.322,0
2021.11.29,113.649,113.951,112.986,113.49,0
2021.11.30,113.516,113.888,112.525,113.128,0
2021.12.01,113.143,113.622,112.666,112.731,0
2021.12.02,112.69,113.326,112.681,113.146,0
2021.12.03,112.998,113.608,112.551,112.741,0
2021.12.06,112.81,113.548,112.809,113.429,0
2021.12.07,113.451,113.776,113.396,113.522,0
2021.12.08,113.53,113.949,113.307,113.668,0
2021.12.09,113.586,113.805,113.268,113.442,0
2021.12.10,113.412,113.787,113.219,113.366,0
2021.12.13,113.233,113.722,113.216,113.552,0
2021.12.14,113.485,113.753,113.422,113.728,0
2021.12.15,113.656,114.266,113.624,114.002,0
2021.12.16,113.985,114.243,113.555,113.645,0
2021.12.17,113.645,113.853,113.134,113.673,0
2021.12.20,113.771,113.794,113.321,113.617,0
2021.12.21,113.539,114.216,113.532,114.045,0
2021.12.22,114.071,114.365,113.944,114.089,0
2021.12.23,114.065,114.462,114.05,114.348,0
2021.12.24,114.36,114.508,114.294,114.334,0
2021.12.27,114.326,114.909,114.304,114.817,0
2021.12.28,114.826,114.945,114.701,114.782,0
2021.12.29,114.788,115.034,114.662,114.928,0
2021.12.30,114.914,115.203,114.9,115.004,0
2021.12.31,115.024,115.194,114.998,115.06,0
2022.01.03,115.036,115.363,114.94,115.293,0
2022.01.04,115.296,116.346,115.272,116.095,0
2022.01.05,116.045,116.238,115.616,116.088,0
2022.01.06,116.053,116.181,115.616,115.797,0
2022.01.07,115.795,116.043,115.5,115.574,0
2022.01.10,115.588,115.847,115.036,115.165,0
2022.01.11,115.148,115.677,115.119,115.254,0
2022.01.12,115.289,115.467,114.375,114.604,0
2022.01.13,114.621,114.698,113.995,114.148,0
2022.01.14,114.145,114.257,113.477,114.169,0
2022.01.17,114.117,114.646,114.105,114.587,0
2022.01.18,114.601,115.054,114.441,114.571,0
2022.01.19,114.571,114.784,114.201,114.31,0
2022.01.20,114.318,114.543,113.958,114.047,0
2022.01.21,114.078,114.148,113.598,113.647,0
2022.01.24,113.616,113.994,113.465,113.934,0
2022.01.25,113.905,114.152,113.664,113.832,0
2022.01.26,113.841,114.689,113.773,114.642,0
2022.01.27,114.649,115.485,114.469,115.341,0
2022.01.28,115.348,115.681,115.117,115.202,0
2022.01.31,115.245,115.587,114.919,115.112,0
2022.02.01,115.111,115.189,114.56,114.665,0
2022.02.02,114.662,114.797,114.144,114.432,0
2022.02.03,114.411,114.983,114.322,114.966,0
2022.02.04,114.968,115.426,114.77,115.168,0
2022.02.07,115.225,115.374,114.91,115.073,0
2022.02.08,115.078,115.625,115.045,115.524,0
2022.02.09,115.54,115.669,115.317,115.527,0
2022.02.10,115.524,116.336,115.478,115.983,0
2022.02.11,115.976,116.169,115.006,115.343,0
2022.02.14,115.27,115.744,115.004,115.513,0
2022.02.15,115.523,115.878,115.253,115.575,0
2022.02.16,115.579,115.785,115.352,115.445,0
2022.02.17,115.443,115.534,114.842,114.894,0
2022.02.18,114.912,115.294,114.782,115,0
2022.02.21,114.965,115.12,114.71,114.711,0
2022.02.22,114.721,115.237,114.493,115.056,0
2022.02.23,115.063,115.197,114.919,114.989,0
2022.02.25,115.522,115.758,115.142,115.497,0
2022.02.28,115.127,115.735,114.856,114.943,0
2022.03.01,114.967,115.286,114.695,114.888,0
2022.03.02,114.887,115.683,114.784,115.498,0
2022.03.03,115.519,115.803,115.381,115.437,0
2022.03.04,115.453,115.555,114.645,114.828,0
2022.03.07,114.882,115.468,114.805,115.292,0
2022.03.08,115.281,115.787,115.232,115.643,0
2022.03.09,115.65,115.939,115.55,115.841,0
2022.03.10,115.837,116.193,115.79,116.112,0
2022.03.11,116.111,117.353,116.085,117.285,1
2022.03.13,117.338,117.351,117.316,117.331,1
2022.03.14,117.318,118.214,117.311,118.169,1
2022.03.15,118.178,118.444,117.693,118.286,1
2022.03.16,118.298,119.114,118.171,118.749,1
2022.03.17,118.747,119.018,118.364,118.59,1
2022.03.18,118.599,119.395,118.467,119.133,1
2022.03.20,119.132,119.132,119.075,119.106,1
2022.03.21,119.107,119.496,119.059,119.446,1
2022.03.22,119.465,121.03,119.432,120.811,1
2022.03.23,120.81,121.407,120.586,121.113,1
2022.03.24,121.118,122.403,120.947,122.339,1
2022.03.25,122.325,122.428,121.176,122.059,1
2022.03.28,122.016,125.1,121.992,123.884,1
2022.03.29,123.812,124.301,121.972,122.86,1
2022.03.30,122.867,123.198,121.306,121.805,1
2022.03.31,121.783,122.452,121.277,121.674,1
2022.04.01,121.665,123.032,121.632,122.501,1
2022.04.04,122.596,122.953,122.263,122.751,1
2022.04.05,122.762,123.665,122.369,123.579,1
2022.04.06,123.562,124.048,123.44,123.774,1
2022.04.07,123.749,123.998,123.466,123.954,1
2022.04.08,123.954,124.674,123.663,124.275,1
2022.04.11,123.996,125.765,123.991,125.366,1
2022.04.12,125.372,125.754,124.759,125.372,1
2022.04.13,125.37,126.312,125.307,125.649,0
2022.04.14,125.604,126.013,125.081,125.859,0
2022.04.15,125.87,126.667,125.837,126.38,0
2022.04.18,126.381,126.997,126.234,126.98,0
2022.04.19,126.989,128.973,126.959,128.874,0
2022.04.20,128.874,129.404,127.457,127.847,0
2022.04.21,127.83,128.7,127.802,128.353,0
2022.04.22,128.358,129.105,127.734,128.496,0
2022.04.25,128.571,128.861,127.518,128.101,0
2022.04.26,128.124,128.215,127.021,127.217,0
2022.04.27,127.215,128.589,126.939,128.411,0
2022.04.28,128.414,131.249,128.33,130.812,0
2022.04.29,130.812,130.944,129.312,129.785,0
2022.05.02,129.709,130.474,129.61,130.147,0
2022.05.03,130.145,130.284,129.694,130.125,0
2022.05.04,130.114,130.381,128.623,129.08,0
2022.05.05,129.07,130.555,128.75,130.158,0
2022.05.06,130.147,130.803,130.087,130.536,0
2022.05.09,130.458,131.344,130.11,130.301,0
2022.05.10,130.288,130.572,129.795,130.425,0
2022.05.11,130.43,130.812,129.444,129.968,0
2022.05.12,129.899,130.052,127.514,128.305,0
2022.05.13,128.282,129.45,128.252,129.223,0
2022.05.16,129.19,129.628,128.696,129.095,0
2022.05.17,129.098,129.779,128.829,129.336,0
2022.05.18,129.352,129.528,128.007,128.217,0
2022.05.19,128.209,128.94,127.021,127.793,1
2022.05.20,127.807,128.293,127.526,127.868,1
2022.05.23,127.899,128.057,127.15,127.878,1
2022.05.24,127.879,128.079,126.355,126.828,1
2022.05.25,126.837,127.492,126.654,127.251,1
2022.05.26,127.237,127.579,126.549,127.055,1
2022.05.27,127.062,127.251,126.672,127.088,1
2022.05.30,127.011,127.822,126.859,127.597,1
2022.05.31,127.558,128.887,127.486,128.671,1
2022.06.01,128.667,130.184,128.634,130.136,1
2022.06.02,130.141,130.234,129.508,129.843,1
2022.06.03,129.859,130.976,129.683,130.805,1
2022.06.06,130.9,132.007,130.429,131.89,1
2022.06.07,131.88,132.999,131.851,132.632,1
2022.06.08,132.599,134.473,132.541,134.245,1
2022.06.09,134.231,134.554,133.182,134.372,1
2022.06.10,134.343,134.479,133.361,134.379,1
2022.06.13,134.333,135.185,133.589,134.418,1
2022.06.14,134.409,135.454,133.865,135.437,1
2022.06.15,135.448,135.568,133.502,133.796,1
2022.06.16,133.804,134.674,131.49,132.2,1
2022.06.17,132.199,135.422,132.13,134.927,1
2022.06.20,134.928,135.438,134.53,135.079,1
2022.06.21,135.04,136.706,134.919,136.666,1
2022.06.22,136.64,136.712,135.682,136.215,1
2022.06.23,136.212,136.212,134.254,134.965,1
2022.06.24,134.94,135.393,134.349,135.18,0
2022.06.27,135.064,135.545,134.518,135.475,0
2022.06.28,135.454,136.379,135.106,136.164,0
2022.06.29,136.126,136.996,135.759,136.597,0
2022.06.30,136.589,136.807,135.548,135.737,0
2022.07.01,135.702,135.982,134.739,135.241,0
2022.07.04,135.285,135.769,134.78,135.687,0
2022.07.05,135.652,136.357,135.517,135.872,0
2022.07.06,135.823,136.001,134.949,135.913,0
2022.07.07,135.917,136.219,135.545,135.989,0
2022.07.08,135.98,136.562,135.325,136.078,0
2022.07.11,135.954,137.746,135.954,137.407,0
2022.07.12,137.409,137.528,136.47,136.849,0
2022.07.13,136.851,137.861,136.689,137.423,0
2022.07.14,137.379,139.382,137.295,138.936,1
2022.07.15,138.923,139.122,138.379,138.512,1
2022.07.18,138.485,138.562,137.886,138.129,1
2022.07.19,138.1,138.388,137.378,138.181,1
2022.07.20,138.169,138.368,137.897,138.27,1
2022.07.21,138.214,138.874,137.29,137.34,1
2022.07.22,137.336,137.953,135.561,136.066,1
2022.07.25,136.156,136.786,135.885,136.649,1
2022.07.26,136.64,136.962,136.269,136.931,1
2022.07.27,136.908,137.456,136.321,136.6,1
2022.07.28,136.558,136.571,134.196,134.235,1
2022.07.29,134.233,134.672,132.5,133.213,1
2022.08.01,133.268,133.557,131.595,131.61,1
2022.08.02,131.622,133.155,130.381,133.129,0
2022.08.03,133.15,134.543,132.28,133.863,0
2022.08.04,133.853,134.419,132.758,132.946,0
2022.08.05,132.909,135.498,132.512,135,0
2022.08.08,135.059,135.566,134.346,135.018,0
2022.08.09,134.992,135.195,134.653,135.139,0
2022.08.10,135.103,135.294,132.021,132.872,0
2022.08.11,132.874,133.302,131.723,132.989,0
2022.08.12,132.979,133.887,132.861,133.474,0
2022.08.15,133.416,133.581,132.544,133.292,0
2022.08.16,133.293,134.679,132.941,134.232,0
2022.08.17,134.208,135.494,133.895,135.069,0
2022.08.18,135.037,135.895,134.643,135.882,1
2022.08.19,135.867,137.223,135.708,136.878,1
2022.08.22,136.918,137.644,136.699,137.475,1
2022.08.23,137.478,137.706,135.807,136.732,1
2022.08.24,136.751,137.241,136.174,137.118,1
2022.08.25,137.08,137.199,136.312,136.481,1
2022.08.26,136.486,137.59,136.176,137.59,1
2022.08.29,137.632,138.998,137.538,138.699,1
2022.08.30,138.708,139.066,138.048,138.766,1
2022.08.31,138.751,139.002,138.269,138.941,1
2022.09.01,138.905,140.225,138.844,140.189,1
2022.09.02,140.164,140.798,139.865,140.196,1
2022.09.05,140.13,140.653,140.097,140.557,1
2022.09.06,140.56,143.064,140.241,142.79,1
2022.09.07,142.76,144.983,142.697,143.75,1
2022.09.08,143.73,144.547,143.309,144.092,1
2022.09.09,144.087,144.097,141.491,142.604,1
2022.09.12,142.116,143.487,142.06,142.825,1
2022.09.13,142.822,144.674,141.615,144.523,1
2022.09.14,144.538,144.938,142.542,143.165,1
2022.09.15,143.14,143.792,142.778,143.469,0
2022.09.16,143.473,143.682,142.819,142.923,0
2022.09.19,142.9,143.638,142.629,143.203,0
2022.09.20,143.188,143.917,142.919,143.717,0
2022.09.21,143.696,144.685,143.335,144.04,0
2022.09.22,144.052,145.893,140.335,142.375,0
2022.09.23,142.354,143.452,141.753,143.323,0
2022.09.26,143.637,144.782,143.24,144.71,0
2022.09.27,144.674,144.9,144.052,144.822,0
2022.09.28,144.796,144.86,143.9,144.112,1
2022.09.29,144.092,144.805,143.992,144.428,1
2022.09.30,144.418,144.804,144.201,144.751,1
2022.10.03,144.758,145.305,144.151,144.574,1
2022.10.04,144.534,144.928,143.887,144.129,1
2022.10.05,144.109,144.841,143.52,144.66,1
2022.10.06,144.629,145.135,144.378,145.124,1
2022.10.07,145.116,145.437,144.713,145.374,1
2022.10.10,145.278,145.799,145.231,145.716,1
2022.10.11,145.713,145.893,145.42,145.851,1
2022.10.12,145.812,146.963,145.657,146.905,1
2022.10.13,146.882,147.663,146.423,147.21,1
2022.10.14,147.18,148.857,147.083,148.74,1
2022.10.17,148.588,149.077,148.417,149.017,1
2022.10.18,148.991,149.367,148.119,149.233,1
2022.10.19,149.231,149.9,149.095,149.889,1
2022.10.20,149.883,150.279,149.546,150.142,1
2022.10.21,150.126,151.936,146.163,147.671,1
2022.10.24,147.804,149.694,145.497,149.006,1
2022.10.25,148.956,149.09,147.507,147.929,1
2022.10.26,147.939,148.406,146.215,146.362,0
2022.10.27,146.335,146.921,145.095,146.244,0
2022.10.28,146.262,147.853,145.978,147.45,0
2022.10.30,147.786,147.789,147.6,147.756,0
2022.10.31,147.754,148.844,147.5,148.745,0
2022.11.01,148.744,148.818,146.982,148.222,0
2022.11.02,148.22,148.313,145.665,147.764,0
2022.11.03,147.754,148.447,147.104,148.184,0
2022.11.04,148.181,148.401,146.547,146.628,0
2022.11.07,147.166,147.565,146.079,146.638,0
2022.11.08,146.618,146.931,145.305,145.667,0
2022.11.09,145.664,146.789,145.161,146.383,0
2022.11.10,146.388,146.586,140.189,140.928,1
2022.11.11,140.933,142.472,138.457,138.756,1
2022.11.14,139.113,140.79,138.79,139.903,1
2022.11.15,139.897,140.621,137.654,139.309,1
2022.11.16,139.276,140.285,138.716,139.528,1
2022.11.17,139.49,140.735,138.864,140.195,1
2022.11.18,140.196,140.494,139.624,140.361,1
2022.11.21,140.267,142.249,140.151,142.105,1
2022.11.22,142.081,142.237,141.074,141.205,1
2022.11.23,141.199,141.608,139.161,139.581,0
2022.11.24,139.571,139.579,138.039,138.625,0
2022.11.25,138.59,139.591,138.366,139.142,0
2022.11.28,139.221,139.416,137.491,138.907,0
2022.11.29,138.89,139.346,137.861,138.69,0
2022.11.30,138.657,139.89,137.646,138.062,0
2022.12.01,138.061,138.076,135.204,135.314,0
2022.12.02,135.308,135.976,133.616,134.3,0
2022.12.05,134.469,136.856,134.122,136.764,0
2022.12.06,136.714,137.421,135.957,137.037,0
2022.12.07,136.997,137.847,136.213,136.58,0
2022.12.08,136.567,137.238,136.238,136.675,0
2022.12.09,136.657,136.899,135.598,136.565,0
2022.12.12,136.505,137.846,136.462,137.636,0
2022.12.13,137.642,137.952,134.639,135.583,0
2022.12.14,135.57,135.983,134.492,135.45,0
2022.12.15,135.451,138.169,135.229,137.787,0
2022.12.16,137.777,137.785,136.288,136.698,0
2022.12.19,135.929,137.157,135.747,136.911,0
2022.12.20,136.89,137.467,130.555,131.69,0
2022.12.21,131.634,132.523,131.478,132.409,0
2022.12.22,132.4,132.717,131.637,132.355,0
2022.12.23,132.351,133.135,132.141,132.809,0
2022.12.26,132.771,133.188,132.287,132.873,0
2022.12.27,132.861,133.588,132.63,133.482,0
2022.12.28,133.455,134.495,133.363,134.461,0
2022.12.29,134.432,134.432,132.874,133.004,0
2022.12.30,132.993,133.091,130.772,131.093,0
2023.01.02,130.926,131.05,130.613,130.716,0
2023.01.03,130.718,131.394,129.503,131,0
2023.01.04,130.992,132.71,129.921,132.66,0
2023.01.05,132.598,134.048,131.677,133.42,0
2023.01.06,133.402,134.769,131.991,132.108,0
2023.01.09,131.912,132.65,131.302,131.867,0
2023.01.10,131.833,132.47,131.375,132.232,0
2023.01.11,132.184,132.866,132.061,132.496,0
2023.01.12,132.474,132.474,128.854,129.325,0
2023.01.13,129.279,129.402,127.453,127.849,0
2023.01.16,127.789,128.859,127.211,128.491,0
2023.01.17,128.496,129.156,127.986,128.153,0
2023.01.18,128.132,131.566,127.557,128.889,0
2023.01.19,128.862,128.872,127.757,128.414,0
2023.01.20,128.411,130.603,128.339,129.559,0
2023.01.23,129.443,130.882,129.037,130.677,0
2023.01.24,130.66,131.111,129.72,130.169,0
2023.01.25,130.166,130.579,129.263,129.569,0
2023.01.26,129.57,130.614,129.018,130.222,0
2023.01.27,130.211,130.263,129.494,129.82,0
2023.01.30,129.714,130.565,129.198,130.431,0
2023.01.31,130.406,130.529,129.74,130.091,0
2023.02.01,130.073,130.405,128.528,128.921,0
2023.02.02,128.915,129.125,128.074,128.683,0
2023.02.03,128.663,131.193,128.322,131.173,0
2023.02.06,132.482,132.896,131.502,132.622,0
2023.02.07,132.62,132.702,130.467,131.067,0
2023.02.08,131.069,131.531,130.591,131.438,0
2023.02.09,131.396,131.821,130.334,131.519,0
2023.02.10,131.521,131.874,129.793,131.388,0
2023.02.13,131.269,132.902,131.242,132.406,0
2023.02.14,132.385,133.309,131.486,133.084,0
2023.02.15,133.095,134.353,132.54,134.143,0
2023.02.16,134.143,134.458,133.597,133.939,0
2023.02.17,133.947,135.104,133.908,134.138,0
2023.02.20,134.247,134.531,133.914,134.254,0
2023.02.21,134.242,135.22,134.141,135.001,0
2023.02.22,134.995,135.054,134.358,134.904,0
2023.02.23,134.889,135.354,134.48,134.679,0
2023.02.24,134.666,136.516,134.041,136.467,0
2023.02.27,136.412,136.546,135.907,136.222,0
2023.02.28,136.193,136.912,135.728,136.21,0
2023.03.01,136.164,136.462,135.251,136.197,0
2023.03.02,136.174,137.097,136.016,136.743,0
2023.03.03,136.741,136.762,135.74,135.815,0
2023.03.06,135.963,136.187,135.358,135.923,0
2023.03.07,135.9,137.189,135.537,137.146,0
2023.03.08,137.096,137.907,136.469,137.359,0
2023.03.09,137.337,137.337,135.929,136.109,0
2023.03.10,136.099,136.988,134.107,135.054,0
2023.03.12,134.574,134.574,133.938,133.94,0
2023.03.13,133.908,135.035,132.274,133.192,0
