day,symbol_name,profit,volume,PnL/Lot,Coef
01/02/2020,XAUUSD,"-109 918,23","1374,82",-79.951,"-0,0006"
01/03/2020,XAUUSD,"-451 752,19","2317,49",-194.931666,"0,001116"
01/06/2020,XAUUSD,"-89 979,68","2125,13",-42.340789,"0,000465"
01/07/2020,XAUUSD,"-211 276,29","1964,61",-107.541086,"0,001534"
01/08/2020,XAUUSD,"-352 300,50","3239,59",-108.748485,"0,001046"
01/09/2020,XAUUSD,"-150 256,65","1534,88",-97.894723,"-0,00087"
01/10/2020,XAUUSD,"-45 527,13","1473,47",-30.897899,"-0,00171"
01/13/2020,XAUUSD,"-40 706,55","1100,05",-37.004274,"0,002204"
01/14/2020,XAUUSD,"-96 624,86","1257,44",-76.842519,"0,001856"
01/15/2020,XAUUSD,"-48 546,50","1137,12",-42.6925,"0,000331"
01/16/2020,XAUUSD,"6 270,43","1027,85",6.100526,"0,002434"
01/17/2020,XAUUSD,"936,62","1069,6",0.875669,"0,000449"
01/20/2020,XAUUSD,"-31 066,14","555,73",-55.901495,"-0,00048"
01/21/2020,XAUUSD,"-123 404,13","2284,58",-54.016111,"-0,00141"
01/22/2020,XAUUSD,"-2 216,51","1152,37",-1.923437,"-0,00182"
01/23/2020,XAUUSD,"22 522,00","1804,39",12.481783,"-0,00088"
01/24/2020,XAUUSD,"-4 340,65","1909,66",-2.272995,"-0,00029"
01/27/2020,XAUUSD,"40 400,92","1826,77",22.116043,"4,33E-05"
01/28/2020,XAUUSD,"-24 334,35","1790,06",-13.594151,"0,001699"
01/29/2020,XAUUSD,"-28 620,83","1766,01",-16.206492,"0,001542"
01/30/2020,XAUUSD,"-8 697,13","2382,23",-3.650837,"0,001037"
01/31/2020,XAUUSD,"-70 295,25","2216,36",-31.71653,"-7,64E-05"
02/03/2020,XAUUSD,"-23 933,40","2177,59",-10.990776,"-0,00123"
02/04/2020,XAUUSD,"-213 946,22","2591,45",-82.558497,"0,000842"
02/05/2020,XAUUSD,"-27 096,76","2057,94",-13.166933,"0,00118"
02/06/2020,XAUUSD,"-34 292,64","1835,25",-18.685541,"4,10E-05"
02/07/2020,XAUUSD,"-37 286,57","2113,61",-17.641177,"-0,00178"
02/10/2020,XAUUSD,"15 737,42","1419,36",11.087691,"-0,00429"
02/11/2020,XAUUSD,"40 784,21","2151,6",18.955293,"-0,00046"
02/12/2020,XAUUSD,"34 320,41","1420,65",24.158243,"0,000389"
02/13/2020,XAUUSD,"-46 620,82","1783,82",-26.135382,"-0,00231"
02/14/2020,XAUUSD,"-101 672,77","1502,58",-67.665462,"-0,0006"
02/17/2020,XAUUSD,"-12 957,13","678,95",-19.084067,"0,001116"
02/18/2020,XAUUSD,"-544 262,02","2215,51",-245.659927,"0,000465"
02/19/2020,XAUUSD,"-267 715,10","1791,34",-149.449628,"0,001534"
02/20/2020,XAUUSD,"-397 021,14","1944,71",-204.154418,"0,001046"
02/21/2020,XAUUSD,"-340 311,20","2743,67",-124.035034,"-0,00087"
02/24/2020,XAUUSD,"-159 785,90","3878,13",-41.201791,"-0,00171"
02/25/2020,XAUUSD,"-124 329,16","3004,18",-41.385391,"0,002204"
02/26/2020,XAUUSD,"-10 318,26","2423,93",-4.256829,"0,001856"
02/27/2020,XAUUSD,"-108 453,21","2646,71",-40.976611,"0,000331"
02/28/2020,XAUUSD,"-269 709,62","3778,57",-71.378755,"0,002434"
03/02/2020,XAUUSD,"-70 928,93","2725,59",-26.02333,"0,000449"
03/03/2020,XAUUSD,"-512 689,59","2962,2",-173.077303,"-0,00048"
03/04/2020,XAUUSD,"-18 268,26","2305,42",-7.924049,"-0,00141"
03/05/2020,XAUUSD,"-178 910,89","2651,58",-67.473315,"-0,00182"
03/06/2020,XAUUSD,"-250 562,31","3788,71",-66.133938,"-0,00088"
03/09/2020,XAUUSD,"18 085,68","3470,76",5.21087,"-0,00029"
03/10/2020,XAUUSD,"-22 007,93","2535,97",-8.678309,"4,33E-05"
03/11/2020,XAUUSD,"-146 569,49","2557,06",-57.319535,"0,001699"
03/12/2020,XAUUSD,"-754 399,69","3566,19",-211.542202,"0,001542"
03/13/2020,XAUUSD,"-271 838,26","3519,19",-77.244553,"0,001037"
03/16/2020,XAUUSD,"-243 461,35","2788,41",-87.311892,"-7,64E-05"
03/17/2020,XAUUSD,"-179 111,75","2378,75",-75.296585,"-0,00123"
03/18/2020,XAUUSD,"-132 720,03","5418,16",-24.495406,"0,000842"
03/19/2020,XAUUSD,"-75 030,78","2173,93",-34.513889,"0,00118"
03/20/2020,XAUUSD,"-85 744,06","1265,21",-67.770616,"4,10E-05"
03/23/2020,XAUUSD,"-232 407,14","1584,36",-146.688341,"-0,00178"
03/24/2020,XAUUSD,"-389 148,40","764,92",-508.743923,"-0,00429"
03/25/2020,XAUUSD,"63 511,16","835,57",76.009388,"-0,00046"
03/26/2020,XAUUSD,"-63 035,99","1449,2",-43.497098,"0,000389"
03/27/2020,XAUUSD,"1 967,76","318,08",6.186361,"-0,00231"
03/30/2020,XAUUSD,"618,52","245,75",2.516859,"-0,0006"
03/31/2020,XAUUSD,"-67 761,73","526,97",-128.587462,"0,001116"
04/01/2020,XAUUSD,"131,23","436,56",0.300598,"0,000465"
04/02/2020,XAUUSD,"-61 823,15","605,5",-102.102645,"0,001534"
04/03/2020,XAUUSD,"-21 999,82","432,67",-50.846649,"0,001046"
04/06/2020,XAUUSD,"-170 552,41","686,28",-248.517244,"-0,00087"
04/07/2020,XAUUSD,"-18 660,26","515,51",-36.197674,"-0,00171"
04/08/2020,XAUUSD,"22 768,92","516,69",44.066888,"0,002204"
04/09/2020,XAUUSD,"-93 624,04","888,66",-105.354177,"0,001856"
04/13/2020,XAUUSD,"-190 146,76","720,1",-264.056047,"0,000331"
04/14/2020,XAUUSD,"-131 792,42","1156,92",-113.916621,"0,002434"
04/15/2020,XAUUSD,"-26 651,11","705,42",-37.780482,"0,000449"
04/16/2020,XAUUSD,"-29 919,75","878,01",-34.076771,"-0,00048"
04/17/2020,XAUUSD,"37 350,49","937,43",39.8435,"-0,00141"
04/20/2020,XAUUSD,"48 144,55","1648,65",29.202406,"-0,00182"
04/21/2020,XAUUSD,"-32 563,53","621,53",-52.392527,"-0,00088"
04/22/2020,XAUUSD,"-101 968,85","541,54",-188.294222,"-0,00029"
04/23/2020,XAUUSD,"-116 317,62","633,04",-183.744502,"4,33E-05"
04/24/2020,XAUUSD,"10 469,86","987,63",10.600993,"0,001699"
04/27/2020,XAUUSD,"33 424,26","928,71",35.989989,"0,001542"
04/28/2020,XAUUSD,"11 255,55","1476,63",7.62246,"0,001037"
04/29/2020,XAUUSD,"20 933,94","1185,21",17.662638,"-7,64E-05"
04/30/2020,XAUUSD,"-155 604,90","1640,36",-94.860216,"-0,00123"
05/01/2020,XAUUSD,"-151 374,53","1217,14",-124.369041,"0,000842"
05/04/2020,XAUUSD,"15 824,39","1017,32",15.554974,"0,00118"
05/05/2020,XAUUSD,"44 429,22","1046,84",42.441268,"4,10E-05"
05/06/2020,XAUUSD,"29 566,87","1317,77",22.437053,"-0,00178"
05/07/2020,XAUUSD,"-188 980,63","1565,57",-120.710432,"-0,00429"
05/08/2020,XAUUSD,"-5 473,79","1599,72",-3.421717,"-0,00046"
05/11/2020,XAUUSD,"36 597,49",1472,24.862428,"0,000389"
05/12/2020,XAUUSD,"67 443,37","1388,62",48.568632,"-0,00231"
05/13/2020,XAUUSD,"40 182,79","1589,03",25.287622,"-0,0006"
05/14/2020,XAUUSD,"-227 420,34","1792,89",-126.845676,"0,001116"
05/15/2020,XAUUSD,"-223 748,46",2053,-108.986096,"0,000465"
05/18/2020,XAUUSD,"-165 084,71","2093,47",-78.856975,"0,001534"
05/19/2020,XAUUSD,"-53 517,67","1441,28",-37.132041,"0,001046"
05/20/2020,XAUUSD,"16 141,10","1591,34",10.143086,"-0,00087"
05/21/2020,XAUUSD,"22 374,49","1957,59",11.429612,"-0,00171"
05/22/2020,XAUUSD,"3 943,84","1510,43",2.611071,"0,002204"
05/25/2020,XAUUSD,"15 704,26","1237,83",12.686926,"0,001856"
05/26/2020,XAUUSD,"-72 156,24","2294,63",-31.445699,"0,000331"
05/27/2020,XAUUSD,"-158 460,53","2235,49",-70.884023,"0,002434"
05/28/2020,XAUUSD,"-19 118,15","1985,2",-9.630341,"0,000449"
05/29/2020,XAUUSD,"-35 210,76","1609,26",-21.880093,"-0,00048"
06/01/2020,XAUUSD,"-21 680,27","1745,86",-12.418104,"-0,00141"
06/02/2020,XAUUSD,"-65 395,32","1739,15",-37.601889,"-0,00182"
06/03/2020,XAUUSD,"-223 843,04","2025,98",-110.486304,"-0,00088"
06/04/2020,XAUUSD,"-33 258,16","1544,43",-21.53426,"-0,00029"
06/05/2020,XAUUSD,"-186 280,68","2175,56",-85.624242,"4,33E-05"
06/08/2020,XAUUSD,"20 845,47","1616,71",12.89376,"0,001699"
06/09/2020,XAUUSD,"-172 390,09","2036,78",-84.638542,"0,001542"
06/10/2020,XAUUSD,"-193 637,48","2386,69",-81.13223,"0,001037"
06/11/2020,XAUUSD,"34 069,11","2018,13",16.881522,"-7,64E-05"
06/12/2020,XAUUSD,"52 700,35","1438,84",36.62697,"-0,00123"
06/15/2020,XAUUSD,"-12 641,57","2002,49",-6.312927,"0,000842"
06/16/2020,XAUUSD,"118 341,38","2174,79",54.415083,"0,00118"
06/17/2020,XAUUSD,"56 492,12","1976,78",28.577847,"4,10E-05"
06/18/2020,XAUUSD,"25 647,18","1814,56",14.134106,"-0,00178"
06/19/2020,XAUUSD,"-65 842,24","1535,81",-42.871343,"-0,00429"
06/22/2020,XAUUSD,"-139 739,22","2403,61",-58.137225,"-0,00046"
06/23/2020,XAUUSD,"-275 993,87","1920,44",-143.713874,"0,000389"
06/24/2020,XAUUSD,"-262 286,60","2668,97",-98.272591,"-0,00231"
06/25/2020,XAUUSD,"37 363,49","1622,23",23.032179,"-0,0006"
06/26/2020,XAUUSD,"-34 313,48","2155,31",-15.920439,"0,001116"
06/29/2020,XAUUSD,"64 365,51","1546,92",41.608818,"0,000465"
06/30/2020,XAUUSD,"-108 270,72","2648,65",-40.8777,"0,001534"
07/01/2020,XAUUSD,"-56 375,70","3206,57",-17.581311,"0,001046"
07/02/2020,XAUUSD,"58 486,37","2390,43",24.466883,"-0,00087"
07/03/2020,XAUUSD,"-41 000,53","708,5",-57.869492,"-0,00171"
07/06/2020,XAUUSD,"73 892,33","2479,17",29.805271,"0,002204"
07/07/2020,XAUUSD,"-262 097,13","2602,64",-100.704336,"0,001856"
07/08/2020,XAUUSD,"-1 059 592,18","3195,11",-331.629329,"0,000331"
07/09/2020,XAUUSD,"-109 575,40","2728,76",-40.155747,"0,002434"
07/10/2020,XAUUSD,"20 413,19","1867,78",10.929119,"0,000449"
07/13/2020,XAUUSD,"80 948,07","2141,73",37.795645,"-0,00048"
07/14/2020,XAUUSD,"64 317,53","2165,65",29.698948,"-0,00141"
07/15/2020,XAUUSD,"47 375,55","2160,31",21.929976,"-0,00182"
07/16/2020,XAUUSD,"20 479,97","2289,05",8.946931,"-0,00088"
07/17/2020,XAUUSD,"66 686,14","2167,17",30.771072,"-0,00029"
07/20/2020,XAUUSD,"-185 634,68","2222,77",-83.51502,"4,33E-05"
07/21/2020,XAUUSD,"-1 605 311,60","3577,01",-448.785885,"0,001699"
07/22/2020,XAUUSD,"-759 229,29","3152,29",-240.850078,"0,001542"
07/23/2020,XAUUSD,"-144 153,42","3359,46",-42.909701,"0,001037"
07/24/2020,XAUUSD,"134 730,35","2159,92",62.377473,"-7,64E-05"
07/27/2020,XAUUSD,"97 907,55","4691,83",20.867668,"-0,00123"
07/28/2020,XAUUSD,"-894 005,26","4724,23",-189.238301,"0,000842"
07/29/2020,XAUUSD,"-3 605,08","3278,64",-1.099567,"0,00118"
07/30/2020,XAUUSD,"-95 597,54","2982,11",-32.057012,"4,10E-05"
07/31/2020,XAUUSD,"164 722,18","3159,1",52.142124,"-0,00178"
08/03/2020,XAUUSD,"29 022,04","2639,31",10.99607,"-0,00429"
08/04/2020,XAUUSD,"-733 231,61","4759,31",-154.062586,"-0,00046"
08/05/2020,XAUUSD,"-423 898,83","4226,74",-100.289782,"0,000389"
08/06/2020,XAUUSD,"149 556,91","4235,52",35.310165,"-0,00231"
08/07/2020,XAUUSD,"-512 497,64","4545,63",-112.745128,"-0,0006"
08/10/2020,XAUUSD,"-144 869,86","3141,94",-46.108409,"0,001116"
08/11/2020,XAUUSD,"-1 163 598,67","6223,6",-186.96553,"0,000465"
08/12/2020,XAUUSD,"-580 223,08",5062,-114.623286,"0,001534"
08/13/2020,XAUUSD,"-447 718,71","3675,79",-121.802036,"0,001046"
08/14/2020,XAUUSD,"-87 374,96","2536,03",-34.453442,"-0,00087"
08/17/2020,XAUUSD,"-216 544,70","3694,38",-58.614625,"-0,00171"
08/18/2020,XAUUSD,"-166 771,14","4738,38",-35.195814,"0,002204"
08/19/2020,XAUUSD,"-587 576,72","4723,57",-124.392507,"0,001856"
08/20/2020,XAUUSD,"-142 706,00","3550,34",-40.195025,"0,000331"
08/21/2020,XAUUSD,"-199 487,70","3214,38",-62.06102,"0,002434"
08/24/2020,XAUUSD,"-101 220,38","3223,6",-31.399794,"0,000449"
08/25/2020,XAUUSD,"3 515,63","3506,94",1.002478,"-0,00048"
08/26/2020,XAUUSD,"-306 311,83","4996,98",-61.29939,"-0,00141"
08/27/2020,XAUUSD,"-130 953,57","5323,01",-24.601413,"-0,00182"
08/28/2020,XAUUSD,"-79 235,85","4226,29",-18.748322,"-0,00088"
08/31/2020,XAUUSD,"-12 050,70","4188,47",-2.877114,"-0,00029"
09/01/2020,XAUUSD,"-201 934,91","5112,77",-39.496184,"4,33E-05"
09/02/2020,XAUUSD,"-304 002,23","5402,61",-56.269511,"0,001699"
09/03/2020,XAUUSD,"-160 127,66","5024,13",-31.871719,"0,001542"
09/04/2020,XAUUSD,"-6 788,26","4912,98",-1.3817,"0,001037"
09/07/2020,XAUUSD,"10 310,70","2607,15",3.954777,"-7,64E-05"
09/08/2020,XAUUSD,"-234 836,84","6493,19",-36.166636,"-0,00123"
09/09/2020,XAUUSD,"-44 462,55","4509,84",-9.859008,"0,000842"
09/10/2020,XAUUSD,"-164 036,58","4886,61",-33.568584,"0,00118"
09/11/2020,XAUUSD,"12 354,28","3865,27",3.196228,"4,10E-05"
09/14/2020,XAUUSD,"6 792,61","4281,39",1.586543,"-0,00178"
09/15/2020,XAUUSD,"-97 425,49","5081,94",-19.170925,"-0,00429"
09/16/2020,XAUUSD,"153 982,74","5811,66",26.495483,"-0,00046"
09/17/2020,XAUUSD,"32 287,59","4852,24",6.654163,"0,000389"
09/18/2020,XAUUSD,"76 070,89","3915,12",19.430027,"-0,00231"
09/21/2020,XAUUSD,"-1 647 019,06","6944,99",-237.152113,"-0,0006"
09/22/2020,XAUUSD,"-163 217,33","5092,95",-32.047698,"0,001116"
09/23/2020,XAUUSD,"-492 387,59","6383,41",-77.13551,"0,000465"
09/24/2020,XAUUSD,"-84 862,45","5862,99",-14.474261,"0,001534"
09/25/2020,XAUUSD,"17 837,80","4144,99",4.303461,"0,001046"
09/28/2020,XAUUSD,"-82 124,54","5354,32",-15.337996,"-0,00087"
09/29/2020,XAUUSD,"-264 805,44","5328,94",-49.691953,"-0,00171"
09/30/2020,XAUUSD,"75 772,37","6168,93",12.282903,"0,002204"
10/01/2020,XAUUSD,"-48 479,61","5066,59",-9.568489,"0,001856"
10/02/2020,XAUUSD,"129 025,22","6112,07",21.109906,"0,000331"
10/05/2020,XAUUSD,"-265 921,15","5380,41",-49.423956,"0,002434"
10/06/2020,XAUUSD,"-174 963,10","6467,06",-27.054503,"0,000449"
10/07/2020,XAUUSD,"46 398,48","5163,6",8.985685,"-0,00048"
10/08/2020,XAUUSD,"160 389,85","5284,75",30.349562,"-0,00141"
10/09/2020,XAUUSD,"-1 000 570,84","5512,94",-181.494962,"-0,00182"
10/12/2020,XAUUSD,"45 125,44","3955,53",11.408191,"-0,00088"
10/13/2020,XAUUSD,"-438 094,52","6352,56",-68.96346,"-0,00029"
10/14/2020,XAUUSD,"-42 523,14","4640,93",-9.162632,"4,33E-05"
10/15/2020,XAUUSD,"146 322,45","4973,03",29.423199,"0,001699"
10/16/2020,XAUUSD,"78 450,41","4058,85",19.328235,"0,001542"
10/19/2020,XAUUSD,"55 573,92","5402,11",10.287448,"0,001037"
10/20/2020,XAUUSD,"323 403,61","6698,61",48.279212,"-7,64E-05"
10/21/2020,XAUUSD,"-456 013,28","6875,38",-66.325539,"-0,00123"
10/22/2020,XAUUSD,"-80 257,14","6439,08",-12.46407,"0,000842"
10/23/2020,XAUUSD,"208 123,37","5955,41",34.946942,"0,00118"
10/26/2020,XAUUSD,"378 894,04","6876,76",55.097755,"4,10E-05"
10/27/2020,XAUUSD,"379 556,20","8121,14",46.736813,"-0,00178"
10/28/2020,XAUUSD,"-1 327 262,39","10058,92",-131.948797,"-0,00429"
10/29/2020,XAUUSD,"-694 435,19","5853,84",-118.629001,"-0,00046"
10/30/2020,XAUUSD,"-7 578,41","6459,77",-1.17317,"0,000389"
11/02/2020,XAUUSD,"-25 636,87","5979,01",-4.287811,"-0,00231"
11/03/2020,XAUUSD,"-510 763,53","7012,58",-72.835323,"-0,0006"
11/04/2020,XAUUSD,"333 765,08","8068,83",41.364743,"0,001116"
11/05/2020,XAUUSD,"-1 229 409,09","7728,74",-159.069795,"0,000465"
11/06/2020,XAUUSD,"-351 883,05","6029,84",-58.356946,"0,001534"
11/09/2020,XAUUSD,"-598 754,03","9527,26",-62.846404,"0,001046"
11/10/2020,XAUUSD,"5 023,03","4854,01",1.03482,"-0,00087"
11/11/2020,XAUUSD,"-105 314,87","4156,62",-25.33666,"-0,00171"
11/12/2020,XAUUSD,"53 672,83","4728,98",11.34977,"0,002204"
11/13/2020,XAUUSD,"-154 998,20","4746,26",-32.656912,"0,001856"
11/16/2020,XAUUSD,"-83 593,09","5995,88",-13.941754,"0,000331"
11/17/2020,XAUUSD,"97 086,10","4293,44",22.612661,"0,002434"
11/18/2020,XAUUSD,"-29 261,95","5468,27",-5.351227,"0,000449"
11/19/2020,XAUUSD,"-66 529,62","5381,29",-12.363136,"-0,00048"
11/20/2020,XAUUSD,"13 901,73","4664,54",2.980301,"-0,00141"
11/23/2020,XAUUSD,"-777 806,76","5995,41",-129.733706,"-0,00182"
11/24/2020,XAUUSD,"-1 420 044,30","6371,64",-222.869513,"-0,00088"
11/25/2020,XAUUSD,"-22 983,19","4088,07",-5.622015,"-0,00029"
11/26/2020,XAUUSD,"53 588,15","2909,35",18.419284,"4,33E-05"
11/27/2020,XAUUSD,"-1 430 698,95","5513,94",-259.469444,"0,001699"
11/30/2020,XAUUSD,"-360 915,81","5313,37",-67.925971,"0,001542"
12/01/2020,XAUUSD,"-817 475,17","5385,63",-151.788215,"0,001037"
12/02/2020,XAUUSD,"-371 089,56","4288,19",-86.537574,"-7,64E-05"
12/03/2020,XAUUSD,"-257 952,86","4171,81",-61.832361,"-0,00123"
12/04/2020,XAUUSD,"-108 295,34","3980,64",-27.20551,"0,000842"
12/07/2020,XAUUSD,"-406 155,32","5010,49",-81.060997,"0,00118"
12/08/2020,XAUUSD,"-136 265,03","3848,69",-35.405561,"4,10E-05"
12/09/2020,XAUUSD,"3 239,61","6257,35",0.517728,"-0,00178"
12/10/2020,XAUUSD,"12 889,52","5487,89",2.348721,"-0,00429"
12/11/2020,XAUUSD,"-60 282,72","4924,39",-12.241663,"-0,00046"
12/14/2020,XAUUSD,"-88 820,66","5720,73",-15.526107,"0,000389"
12/15/2020,XAUUSD,"-650 157,27","5646,87",-115.135866,"-0,00231"
12/16/2020,XAUUSD,"-257 970,06","6395,7",-40.334923,"-0,0006"
12/17/2020,XAUUSD,"-720 512,95","7147,76",-100.802622,"0,001116"
12/18/2020,XAUUSD,"16 776,43","5271,8",3.182297,"0,000465"
12/21/2020,XAUUSD,"-464 538,04","7769,98",-59.786259,"0,001534"
12/22/2020,XAUUSD,"-42 441,10","6122,15",-6.932384,"0,001046"
12/23/2020,XAUUSD,"16 683,78","5788,43",2.882263,"-0,00087"
12/24/2020,XAUUSD,"-6 221,27","4004,67",-1.553504,"-0,00171"
12/28/2020,XAUUSD,"23 154,26","6968,33",3.322785,"0,002204"
12/29/2020,XAUUSD,"227 748,05","5917,3",38.488508,"0,001856"
12/30/2020,XAUUSD,"114 100,03","5871,76",19.431998,"0,000331"
12/31/2020,XAUUSD,"112 423,69","6183,06",18.182532,"0,002434"
01/04/2021,XAUUSD,"-892 648,59","9059,73",-98.529271,"0,000449"
01/05/2021,XAUUSD,"89 556,85","9310,41",9.619002,"-0,00048"
01/06/2021,XAUUSD,"-433 524,42","13255,62",-32.704952,"-0,00141"
01/07/2021,XAUUSD,"172 859,93","7976,9",21.670064,"-0,00182"
01/08/2021,XAUUSD,"-1 932 441,69","12783,78",-151.163559,"-0,00088"
01/11/2021,XAUUSD,"-304 485,46","8544,8",-35.634006,"-0,00029"
01/12/2021,XAUUSD,"-118 603,26","8692,32",-13.644604,"4,33E-05"
01/13/2021,XAUUSD,"120 403,46","7736,99",15.562054,"0,001699"
01/14/2021,XAUUSD,"-2 619,63","8665,02",-0.302322,"0,001542"
01/15/2021,XAUUSD,"63 449,17","10663,79",5.949964,"0,001037"
01/18/2021,XAUUSD,"-20 251,55","9266,59",-2.185437,"-7,64E-05"
01/19/2021,XAUUSD,"157 684,87","11767,78",13.399713,"-0,00123"
01/20/2021,XAUUSD,"-620 909,30","15546,57",-39.938668,"0,000842"
01/21/2021,XAUUSD,"33 486,88","10042,9",3.334383,"0,00118"
01/22/2021,XAUUSD,"-200 699,48","12368,23",-16.227017,"4,10E-05"
01/25/2021,XAUUSD,"103 879,48","14085,28",7.375038,"-0,00178"
01/26/2021,XAUUSD,"288 254,51","11564,33",24.926175,"-0,00429"
01/27/2021,XAUUSD,"-16 618,34","12907,16",-1.287529,"-0,00046"
01/28/2021,XAUUSD,"-53 189,41",15668,-3.39478,"0,000389"
01/29/2021,XAUUSD,"62 804,28","15859,29",3.960094,"-0,00231"
02/01/2021,XAUUSD,"862 735,21","16734,88",51.553116,"-0,0006"
02/02/2021,XAUUSD,"-240 668,77","15304,6",-15.725257,"0,001116"
02/03/2021,XAUUSD,"206 190,05","10244,2",20.127491,"0,000465"
02/04/2021,XAUUSD,"-3 388 882,14","18403,29",-184.145451,"0,001534"
02/05/2021,XAUUSD,"-380 268,72","9447,32",-40.251491,"0,001046"
02/08/2021,XAUUSD,"-772 512,81","9986,67",-77.354395,"-0,00087"
02/09/2021,XAUUSD,"-417 304,44","9031,53",-46.205287,"-0,00171"
02/10/2021,XAUUSD,"-79 857,71","9910,06",-8.058247,"0,002204"
02/11/2021,XAUUSD,"-14 202,23","9478,06",-1.498432,"0,001856"
02/12/2021,XAUUSD,"-128 764,75","10379,09",-12.40617,"0,000331"
02/15/2021,XAUUSD,"128 979,12","6898,41",18.696935,"0,002434"
02/16/2021,XAUUSD,"-613 337,83","15845,83",-38.706577,"0,000449"
02/17/2021,XAUUSD,"-586 397,00","15070,2",-38.91103,"-0,00048"
02/18/2021,XAUUSD,"115 236,34","13679,86",8.423795,"-0,00141"
02/19/2021,XAUUSD,"-341 598,29","12917,44",-26.444736,"-0,00182"
02/22/2021,XAUUSD,"-1 105 360,51","11971,73",-92.330892,"-0,00088"
02/23/2021,XAUUSD,"36 120,80","10151,48",3.558181,"-0,00029"
02/24/2021,XAUUSD,"-177 981,41","12538,79",-14.194465,"4,33E-05"
02/25/2021,XAUUSD,"241 322,93","14784,16",16.323074,"0,001699"
02/26/2021,XAUUSD,"-2 962 408,21","15531,29",-190.738066,"0,001542"
03/01/2021,XAUUSD,"-35 863,42","12466,41",-2.876804,"0,001037"
03/02/2021,XAUUSD,"-1 489 753,45","13288,56",-112.107968,"-7,64E-05"
03/03/2021,XAUUSD,"-80 974,84","12401,06",-6.529671,"-0,00123"
03/04/2021,XAUUSD,"27 052,97","15425,03",1.753836,"0,000842"
03/05/2021,XAUUSD,"6 386,43","12879,57",0.495858,"0,00118"
03/08/2021,XAUUSD,"-953 913,66","15193,88",-62.782756,"4,10E-05"
03/09/2021,XAUUSD,"-1 158 098,65","13381,74",-86.543204,"-0,00178"
03/10/2021,XAUUSD,"-177 074,89","12335,36",-14.355065,"-0,00429"
03/11/2021,XAUUSD,"-379 223,34","15107,21",-25.102143,"-0,00046"
03/12/2021,XAUUSD,"-1 217 146,82","15671,3",-77.667253,"0,000389"
03/15/2021,XAUUSD,"48 556,32","11655,19",4.166069,"-0,00231"
03/16/2021,XAUUSD,"89 684,42","13594,82",6.596956,"-0,0006"
03/17/2021,XAUUSD,"75 263,45","16492,52",4.56349,"0,001116"
03/18/2021,XAUUSD,"-525 887,36","18148,5",-28.976905,"0,000465"
03/19/2021,XAUUSD,"198 653,26","13688,09",14.512855,"0,001534"
03/22/2021,XAUUSD,"814 543,52","17696,52",46.028458,"0,001046"
03/23/2021,XAUUSD,"217 670,22","17204,88",12.651656,"-0,00087"
03/24/2021,XAUUSD,"476 237,79","13566,02",35.105196,"-0,00171"
03/25/2021,XAUUSD,"958 446,81","21605,65",44.360934,"0,002204"
03/26/2021,XAUUSD,"819 737,68","15916,63",51.501963,"0,001856"
03/29/2021,XAUUSD,"-2 147 559,19","20716,83",-103.662538,"0,000331"
03/30/2021,XAUUSD,"-2 723 096,23","21072,31",-129.22628,"0,002434"
03/31/2021,XAUUSD,"-873 150,79","19244,96",-45.370361,"0,000449"
04/01/2021,XAUUSD,"-464 373,96","15153,85",-30.643959,"-0,00048"
04/05/2021,XAUUSD,"34 526,37","12469,68",2.768825,"-0,00141"
04/06/2021,XAUUSD,"-338 085,66","15010,39",-22.523443,"-0,00182"
04/07/2021,XAUUSD,"286 496,08","14890,46",19.240244,"-0,00088"
04/08/2021,XAUUSD,"-1 230 575,79","15300,39",-80.42774,"-0,00029"
04/09/2021,XAUUSD,"-499 923,81","15403,44",-32.455336,"4,33E-05"
04/12/2021,XAUUSD,"-10 299,02","15482,35",-0.66521,"0,001699"
04/13/2021,XAUUSD,"-453 036,45","19034,27",-23.801094,"0,001542"
04/14/2021,XAUUSD,"242 577,21","13140,67",18.460034,"0,001037"
04/15/2021,XAUUSD,"-3 101 586,63","18784,89",-165.110716,"-7,64E-05"
04/16/2021,XAUUSD,"-1 491 700,55","12611,37",-118.282197,"-0,00123"
04/19/2021,XAUUSD,"-898 130,96","12483,95",-71.942851,"0,000842"
04/20/2021,XAUUSD,"37 636,71","12270,37",3.067284,"0,00118"
04/21/2021,XAUUSD,"-394 863,12","13330,75",-29.620473,"4,10E-05"
04/22/2021,XAUUSD,"-137 090,91","13774,51",-9.952507,"-0,00178"
04/23/2021,XAUUSD,"-187 042,59","12440,4",-15.035095,"-0,00429"
04/26/2021,XAUUSD,"215 308,12","12011,08",17.925792,"-0,00046"
04/27/2021,XAUUSD,"496 955,88","13780,99",36.060971,"0,000389"
04/28/2021,XAUUSD,"-497 571,84","16003,6",-31.091244,"-0,00231"
04/29/2021,XAUUSD,"-437 603,50","16422,75",-26.646177,"-0,0006"
04/30/2021,XAUUSD,"491 719,77","12166,77",40.41498,"0,001116"
05/03/2021,XAUUSD,"-1 337 889,88","15263,62",-87.6522,"0,000465"
05/04/2021,XAUUSD,"826 525,39","18785,96",43.996974,"0,001534"
05/05/2021,XAUUSD,"473 344,89","14159,33",33.429893,"0,001046"
05/06/2021,XAUUSD,"-2 699 601,49","17343,99",-155.650544,"-0,00087"
05/07/2021,XAUUSD,"-3 563 459,29","18388,05",-193.792125,"-0,00171"
05/10/2021,XAUUSD,"-70 160,52","14426,95",-4.863157,"0,002204"
05/11/2021,XAUUSD,"-64 544,00","16853,52",-3.829705,"0,001856"
05/12/2021,XAUUSD,"218 442,71","19707,84",11.084051,"0,000331"
05/13/2021,XAUUSD,"-224 861,85","16622,54",-13.527527,"0,002434"
05/14/2021,XAUUSD,"-735 294,71","13879,14",-52.978406,"0,000449"
05/17/2021,XAUUSD,"-2 161 852,74","15030,53",-143.830772,"-0,00048"
05/18/2021,XAUUSD,"-1 006 856,15","11940,47",-84.322991,"-0,00141"
05/19/2021,XAUUSD,"-1 016 599,77","19746,44",-51.482686,"-0,00182"
05/20/2021,XAUUSD,"273 977,03","13047,5",20.998431,"-0,00088"
05/21/2021,XAUUSD,"299 138,07",14082,21.242584,"-0,00029"
05/24/2021,XAUUSD,"487 182,03","12909,33",37.738754,"4,33E-05"
05/25/2021,XAUUSD,"414 498,78","18788,44",22.061373,"0,001699"
05/26/2021,XAUUSD,"-1 127 064,15","21082,53",-53.459625,"0,001542"
05/27/2021,XAUUSD,"255 180,03","16868,69",15.127436,"0,001037"
05/28/2021,XAUUSD,"-409 747,19","16458,9",-24.895174,"-7,64E-05"
05/31/2021,XAUUSD,"44 448,05","10305,28",4.313133,"-0,00123"
06/01/2021,XAUUSD,"-479 926,14","22240,5",-21.578928,"0,000842"
06/02/2021,XAUUSD,"645 760,11","17600,47",36.689936,"0,00118"
06/03/2021,XAUUSD,"-5 537 043,25","24263,42",-228.205391,"4,10E-05"
06/04/2021,XAUUSD,"-1 732 352,26","16559,48",-104.613929,"-0,00178"
06/07/2021,XAUUSD,"-28 486,70","13402,04",-2.125549,"-0,00429"
06/08/2021,XAUUSD,"75 345,50","17834,43",4.224721,"-0,00046"
06/09/2021,XAUUSD,"376 192,35","15748,89",23.886912,"0,000389"
06/10/2021,XAUUSD,"-249 079,03","21357,59",-11.662319,"-0,00231"
06/11/2021,XAUUSD,"-444 856,95","18432,61",-24.134235,"-0,0006"
06/14/2021,XAUUSD,"-2 975 372,55","21692,5",-137.161349,"0,001116"
06/15/2021,XAUUSD,"-40 086,94","16465,77",-2.434562,"0,000465"
06/16/2021,XAUUSD,"-3 008 886,11","30431,85",-98.872928,"0,001534"
06/17/2021,XAUUSD,"-4 266 478,85","24585,73",-173.534764,"0,001046"
06/18/2021,XAUUSD,"-1 149 115,97","16819,19",-68.321719,"-0,00087"
06/21/2021,XAUUSD,"-178 317,22","12811,26",-13.918789,"-0,00171"
06/22/2021,XAUUSD,"101 154,19","12162,55",8.316857,"0,002204"
06/23/2021,XAUUSD,"-48 135,18","11410,97",-4.218325,"0,001856"
06/24/2021,XAUUSD,"266 655,33","10107,35",26.382318,"0,000331"
06/25/2021,XAUUSD,"19 458,82","10950,79",1.776933,"0,002434"
06/28/2021,XAUUSD,"547 688,04","12811,45",42.749887,"0,000449"
06/29/2021,XAUUSD,"-1 693 327,18","16587,12",-102.086871,"-0,00048"
06/30/2021,XAUUSD,"-361 660,02","12350,04",-29.284117,"-0,00141"
07/01/2021,XAUUSD,"-745 323,40","12102,61",-61.583691,"-0,00182"
07/02/2021,XAUUSD,"-802 034,18","13630,05",-58.843084,"-0,00088"
07/05/2021,XAUUSD,"157 912,38","6546,49",24.121687,"-0,00029"
07/06/2021,XAUUSD,"-2 227 250,76","16431,87",-135.54457,"4,33E-05"
07/07/2021,XAUUSD,"423 051,15","11872,99",35.631391,"0,001699"
07/08/2021,XAUUSD,"-118 507,89","14018,47",-8.453696,"0,001542"
07/09/2021,XAUUSD,"113 600,73","10125,14",11.21967,"0,001037"
07/12/2021,XAUUSD,"456 750,28","13714,44",33.304333,"-7,64E-05"
07/13/2021,XAUUSD,"1 187 898,43","16866,34",70.430125,"-0,00123"
07/14/2021,XAUUSD,"-1 102 110,62","17444,97",-63.176413,"0,000842"
07/15/2021,XAUUSD,"-472 618,08","17680,15",-26.731565,"0,00118"
07/16/2021,XAUUSD,"-22 143,45","17115,73",-1.293749,"4,10E-05"
07/19/2021,XAUUSD,"-1 436 475,77","15669,96",-91.670672,"-0,00178"
07/20/2021,XAUUSD,"466 251,72","12984,93",35.907141,"-0,00429"
07/21/2021,XAUUSD,"368 136,12","14220,67",25.887396,"-0,00046"
07/22/2021,XAUUSD,"281 525,58","14902,87",18.890696,"0,000389"
07/23/2021,XAUUSD,"-293 643,32","17382,88",-16.892674,"-0,00231"
07/26/2021,XAUUSD,"700 317,15","14050,9",49.841444,"-0,0006"
07/27/2021,XAUUSD,"1 037 612,31","17747,78",58.464344,"0,001116"
07/28/2021,XAUUSD,"1 145 963,02","20441,55",56.060476,"0,000465"
07/29/2021,XAUUSD,"-2 382 047,54","19051,87",-125.029593,"0,001534"
07/30/2021,XAUUSD,"203 772,28","16910,56",12.050002,"0,001046"
08/02/2021,XAUUSD,"526 637,52","21547,24",24.441066,"-0,00087"
08/03/2021,XAUUSD,"983 716,25","16823,03",58.47438,"-0,00171"
08/04/2021,XAUUSD,"681 540,45","25791,49",26.425013,"0,002204"
08/05/2021,XAUUSD,"582 889,54","20071,41",29.040787,"0,001856"
08/06/2021,XAUUSD,"-7 555 886,96","23988,22",-314.983228,"0,000331"
08/09/2021,XAUUSD,"63 213,78","20710,8",3.052213,"0,002434"
08/10/2021,XAUUSD,"-443 487,18","15673,56",-28.295242,"0,000449"
08/11/2021,XAUUSD,"-805 441,97","17223,08",-46.765269,"-0,00048"
08/12/2021,XAUUSD,"-608 802,32","14669,4",-41.501515,"-0,00141"
08/13/2021,XAUUSD,"-2 613 302,47","14715,76",-177.585288,"-0,00182"
08/16/2021,XAUUSD,"-690 805,87","12255,26",-56.368112,"-0,00088"
08/17/2021,XAUUSD,"-684 649,86","11252,94",-60.841866,"-0,00029"
08/18/2021,XAUUSD,"69 168,32","12418,58",5.569745,"4,33E-05"
08/19/2021,XAUUSD,"173 862,41","11972,79",14.521462,"0,001699"
08/20/2021,XAUUSD,"382 604,43","10265,91",37.269412,"0,001542"
08/23/2021,XAUUSD,"-1 102 237,36","14682,94",-75.069254,"0,001037"
08/24/2021,XAUUSD,"-35 549,41","11237,75",-3.163392,"-7,64E-05"
08/25/2021,XAUUSD,"-40 744,83","16431,43",-2.479689,"-0,00123"
08/26/2021,XAUUSD,"321 236,46","14497,98",22.157325,"0,000842"
08/27/2021,XAUUSD,"-422 651,57","18449,44",-22.908639,"0,00118"
08/30/2021,XAUUSD,"-147 990,91","11583,12",-12.776429,"4,10E-05"
08/31/2021,XAUUSD,"484 063,22","18530,2",26.122936,"-0,00178"
09/01/2021,XAUUSD,"938 506,76","16494,6",56.897819,"-0,00429"
09/02/2021,XAUUSD,"1 115 376,97","17203,77",64.833288,"-0,00046"
09/03/2021,XAUUSD,"-729 716,87","20848,35",-35.001181,"0,000389"
09/06/2021,XAUUSD,"169 598,55","9154,73",18.525784,"-0,00231"
09/07/2021,XAUUSD,"-4 198 626,49","26442,9",-158.780863,"-0,0006"
09/08/2021,XAUUSD,"-881 599,94","16075,95",-54.839679,"0,001116"
09/09/2021,XAUUSD,"160 896,36","16941,3",9.497286,"0,000465"
09/10/2021,XAUUSD,"117 668,16","13815,49",8.517118,"0,001534"
09/13/2021,XAUUSD,"294 908,30","15574,37",18.935488,"0,001046"
09/14/2021,XAUUSD,"630 126,34","22593,08",27.890237,"-0,00087"
09/15/2021,XAUUSD,"684 816,00","18400,34",37.217573,"-0,00171"
09/16/2021,XAUUSD,"-8 360 488,04","27547,53",-303.4932,"0,002204"
09/17/2021,XAUUSD,"187,40","19745,17",0.009491,"0,001856"
09/20/2021,XAUUSD,"-1 305 308,45","16728,65",-78.02832,"0,000331"
09/21/2021,XAUUSD,"-1 156 950,74","14746,72",-78.454785,"0,002434"
09/22/2021,XAUUSD,"8 521,82","16872,36",0.505076,"0,000449"
09/23/2021,XAUUSD,"-1 855 828,37","19174,17",-96.787937,"-0,00048"
09/24/2021,XAUUSD,"354 357,33","13642,01",25.975449,"-0,00141"
09/27/2021,XAUUSD,"515 575,92","16289,5",31.650813,"-0,00182"
09/28/2021,XAUUSD,"-1 918 825,27","21867,22",-87.748935,"-0,00088"
09/29/2021,XAUUSD,"-391 115,99","19283,6",-20.282312,"-0,00029"
09/30/2021,XAUUSD,"-1 301 059,81","23401,54",-55.597188,"4,33E-05"
10/01/2021,XAUUSD,"18 909,96","15504,32",1.219658,"0,001699"
10/04/2021,XAUUSD,"-51 853,54","20701,09",-2.50487,"0,001542"
10/05/2021,XAUUSD,"237 127,17","17757,88",13.353349,"0,001037"
10/06/2021,XAUUSD,"615 878,47","20911,82",29.451213,"-7,64E-05"
10/07/2021,XAUUSD,"795 787,72","20601,37",38.627903,"-0,00123"
10/08/2021,XAUUSD,"-63 755,70","24719,61",-2.579155,"0,000842"
10/11/2021,XAUUSD,"687 727,95","17595,33",39.085823,"0,00118"
10/12/2021,XAUUSD,"1 432 756,26","24812,4",57.743558,"4,10E-05"
10/13/2021,XAUUSD,"-1 603 388,35","30368,72",-52.797363,"-0,00178"
10/14/2021,XAUUSD,"-956 473,35","18447,17",-51.849327,"-0,00429"
10/15/2021,XAUUSD,"-1 540 047,39","22517,97",-68.391928,"-0,00046"
10/18/2021,XAUUSD,"232 244,38","19105,52",12.155879,"0,000389"
10/19/2021,XAUUSD,"-108 047,87","23226,15",-4.651992,"-0,00231"
10/20/2021,XAUUSD,"235 718,55","20173,99",11.68428,"-0,0006"
10/21/2021,XAUUSD,"706 030,32","21324,41",33.10902,"0,001116"
10/22/2021,XAUUSD,"-3 330 873,61","29808,71",-111.741622,"0,000465"
10/25/2021,XAUUSD,"471 865,31","19902,42",23.708941,"0,001534"
10/26/2021,XAUUSD,"-215 185,13","25347,18",-8.48951,"0,001046"
10/27/2021,XAUUSD,"439 317,78","24715,03",17.775329,"-0,00087"
10/28/2021,XAUUSD,"1 016 677,95","27494,63",36.977328,"-0,00171"
10/29/2021,XAUUSD,"-594 511,23","30200,02",-19.685789,"0,002204"
11/01/2021,XAUUSD,"632 901,39","24597,8",25.73,"0,001856"
11/02/2021,XAUUSD,"1 243 886,04","26822,04",46.375519,"0,000331"
11/03/2021,XAUUSD,"-1 638 383,71","39308,74",-41.679884,"0,002434"
11/04/2021,XAUUSD,"-1 514 627,95","26579,97",-56.983809,"0,000449"
11/05/2021,XAUUSD,"-3 814 131,10","29090,95",-131.110572,"-0,00048"
11/08/2021,XAUUSD,"-633 693,91","21327,21",-29.712931,"-0,00141"
11/09/2021,XAUUSD,"136 248,04","28915,85",4.711881,"-0,00182"
11/10/2021,XAUUSD,"-9 967 049,31","34460,52",-289.230961,"-0,00088"
11/11/2021,XAUUSD,"-300 974,06","21534,58",-13.976314,"-0,00029"
11/12/2021,XAUUSD,"-599 053,25","24688,05",-24.264907,"4,33E-05"
11/15/2021,XAUUSD,"260 159,29","22503,22",11.56098,"0,001699"
11/16/2021,XAUUSD,"-1 114 167,13","29358,77",-37.950061,"0,001542"
11/17/2021,XAUUSD,"-26 724,58","20441,67",-1.307358,"0,001037"
11/18/2021,XAUUSD,"816 357,27","26279,17",31.064804,"-7,64E-05"
11/19/2021,XAUUSD,"917 294,05","29675,85",30.910456,"-0,00123"
11/22/2021,XAUUSD,"-3 310 702,25","34126,32",-97.013163,"0,000842"
11/23/2021,XAUUSD,"-2 306 289,37","26205,28",-88.008576,"0,00118"
11/24/2021,XAUUSD,"-52 901,78","23380,2",-2.262674,"4,10E-05"
11/25/2021,XAUUSD,"332 690,88","11442,91",29.073975,"-0,00178"
11/26/2021,XAUUSD,"-1 846 973,60","28030,24",-65.892179,"-0,00429"
11/29/2021,XAUUSD,"-22 452,45","19038,56",-1.179314,"-0,00046"
11/30/2021,XAUUSD,"-44 910,44","26509,35",-1.694136,"0,000389"
12/01/2021,XAUUSD,"547 700,64","24034,94",22.787685,"-0,00231"
12/02/2021,XAUUSD,"-173 589,84","24743,97",-7.01544,"-0,0006"
12/03/2021,XAUUSD,"-384 726,49","24723,32",-15.561279,"0,001116"
12/06/2021,XAUUSD,"1 056 304,49","23597,09",44.764185,"0,000465"
12/07/2021,XAUUSD,"1 454 461,24","28195,14",51.58553,"0,001534"
12/08/2021,XAUUSD,"1 010 011,08","27138,42",37.217018,"0,001046"
12/09/2021,XAUUSD,"1 418 771,06","30768,41",46.111289,"-0,00087"
12/10/2021,XAUUSD,"816 637,99","29375,98",27.799515,"-0,00171"
12/13/2021,XAUUSD,"1 825 885,24","31842,05",57.34195,"0,002204"
12/14/2021,XAUUSD,"-408 266,08","37783,26",-10.805475,"0,001856"
12/15/2021,XAUUSD,"-3 462 491,58","38945,13",-88.906921,"0,000331"
12/16/2021,XAUUSD,"-1 079 149,52","30889,23",-34.936109,"0,002434"
12/17/2021,XAUUSD,"-2 299 544,15","28922,9",-79.506002,"0,000449"
12/20/2021,XAUUSD,"1 028 019,66","23185,71",44.338502,"-0,00048"
12/21/2021,XAUUSD,"34 537,11","29234,75",1.181372,"-0,00141"
12/22/2021,XAUUSD,"-84 869,53","23690,57",-3.582418,"-0,00182"
12/23/2021,XAUUSD,"-192 223,90","20884,21",-9.20427,"-0,00088"
12/27/2021,XAUUSD,"224 043,28","20199,03",11.091784,"-0,00029"
12/28/2021,XAUUSD,"-801 814,38","21929,64",-36.563044,"4,33E-05"
12/29/2021,XAUUSD,"-1 910 857,10","22425,37",-85.209613,"0,001699"
12/30/2021,XAUUSD,"-220 829,16","17624,21",-12.529876,"0,001542"
12/31/2021,XAUUSD,"-2 815 537,51","15301,65",-184.002216,"0,001037"
01/03/2022,XAUUSD,"-1 109 867,25","24227,85",-45.809564,"-7,64E-05"
01/04/2022,XAUUSD,"771 901,29","19871,45",38.844739,"-0,00123"
01/05/2022,XAUUSD,"951 454,69","24983,2",38.08378,"0,000842"
01/06/2022,XAUUSD,"-1 473 544,59","26501,25",-55.602834,"0,00118"
01/07/2022,XAUUSD,"-8 458,21","22780,1",-0.371298,"4,10E-05"
01/10/2022,XAUUSD,"1 183 502,30","22948,12",51.572952,"-0,00178"
01/11/2022,XAUUSD,"-517 592,90","25983,3",-19.920214,"-0,00429"
01/12/2022,XAUUSD,"-157 343,45","20452,28",-7.693198,"-0,00046"
01/13/2022,XAUUSD,"552 791,00","24649,16",22.426363,"0,000389"
01/14/2022,XAUUSD,"886 705,78","24602,88",36.040731,"-0,00231"
01/17/2022,XAUUSD,"574 755,28","13509,36",42.544968,"-0,0006"
01/18/2022,XAUUSD,"3 456 366,86","38891,5",88.872038,"0,001116"
01/19/2022,XAUUSD,"-9 628 531,26","33052,33",-291.311725,"0,000465"
01/20/2022,XAUUSD,"-1 235 074,28","21499,19",-57.44748,"0,001534"
01/21/2022,XAUUSD,"57 503,38","19998,99",2.875314,"0,001046"
01/24/2022,XAUUSD,"1 414 791,26","27285,81",51.850807,"-0,00087"
01/25/2022,XAUUSD,"-20 619,27","30013,72",-0.686995,"-0,00171"
01/26/2022,XAUUSD,"-1 999 495,06","33379,87",-59.901224,"0,002204"
01/27/2022,XAUUSD,"-1 537 777,89","33297,96",-46.182345,"0,001856"
01/28/2022,XAUUSD,"-2 421 583,84","27185,67",-89.075746,"0,000331"
01/31/2022,XAUUSD,"1 120 669,31","28067,42",39.927763,"0,002434"
02/01/2022,XAUUSD,"-395 783,01","26255,42",-15.074336,"0,000449"
02/02/2022,XAUUSD,"458 273,31","24634,22",18.603118,"-0,00048"
02/03/2022,XAUUSD,"-21 402,00","28277,19",-0.756864,"-0,00141"
02/04/2022,XAUUSD,"886 845,67","25825,6",34.33979,"-0,00182"
02/07/2022,XAUUSD,"265 240,40","23080,53",11.491954,"-0,00088"
02/08/2022,XAUUSD,"387 719,75","22799,47",17.005647,"-0,00029"
02/09/2022,XAUUSD,"-433 438,65","23723,05",-18.270781,"4,33E-05"
02/10/2022,XAUUSD,"667 464,46","32084,33",20.803441,"0,001699"
02/11/2022,XAUUSD,"-7 579 586,60","32648,09",-232.160184,"0,001542"
02/14/2022,XAUUSD,"-803 703,58","29749,91",-27.015328,"0,001037"
02/15/2022,XAUUSD,"-1 839 906,14","32113,31",-57.294192,"-7,64E-05"
02/16/2022,XAUUSD,"-706 181,32","21081,15",-33.498235,"-0,00123"
02/17/2022,XAUUSD,"-8 217 774,72","27887,78",-294.672961,"0,000842"
02/18/2022,XAUUSD,"-540 689,51","19144,24",-28.242934,"0,00118"
02/21/2022,XAUUSD,"-2 539 498,79","19869,66",-127.807863,"4,10E-05"
02/22/2022,XAUUSD,"-457 941,29","23350,64",-19.611509,"-0,00178"
02/23/2022,XAUUSD,"-411 799,08","19481,86",-21.137565,"-0,00429"
02/24/2022,XAUUSD,"-24 227 597,29","45665,62",-530.543487,"-0,00046"
02/25/2022,XAUUSD,"-928 302,09","17979,6",-51.630853,"0,000389"
02/28/2022,XAUUSD,"-1 448,16","21854,46",-0.066264,"-0,00231"
03/01/2022,XAUUSD,"-1 513 490,23","24547,22",-61.656278,"-0,0006"
03/02/2022,XAUUSD,"-257 341,10","23043,93",-11.167414,"0,001116"
03/03/2022,XAUUSD,"376 613,79","20064,7",18.769969,"0,000465"
03/04/2022,XAUUSD,"-1 760 439,58","24378,13",-72.213889,"0,001534"
03/07/2022,XAUUSD,"-2 455 093,27","29396,84",-83.51555,"0,001046"
03/08/2022,XAUUSD,"-6 355 970,48","37364,23",-170.108429,"-0,00087"
03/09/2022,XAUUSD,"-1 772 445,50","27616,82",-64.179927,"-0,00171"
03/10/2022,XAUUSD,"-729 971,76","21516,51",-33.926123,"0,002204"
03/11/2022,XAUUSD,"-769 222,85","17649,52",-43.583216,"0,001856"
03/14/2022,XAUUSD,"-427 329,98","18337,97",-23.303015,"0,000331"
03/15/2022,XAUUSD,"-1 854 908,72","24539,76",-75.587892,"0,002434"
03/16/2022,XAUUSD,"-459 793,94","23235,37",-19.788535,"0,000449"
03/17/2022,XAUUSD,"-153 468,71","19661,97",-7.805358,"-0,00048"
03/18/2022,XAUUSD,"475 994,09","22842,72",20.83789,"-0,00141"
03/21/2022,XAUUSD,"413 675,46","21690,06",19.072122,"-0,00182"
03/22/2022,XAUUSD,"-901 274,65","25070,49",-35.949622,"-0,00088"
03/23/2022,XAUUSD,"-1 236 347,45","21848,17",-56.588147,"-0,00029"
03/24/2022,XAUUSD,"-1 103 939,96","22772,29",-48.477336,"4,33E-05"
03/25/2022,XAUUSD,"342 047,55","21056,36",16.244382,"0,001699"
03/28/2022,XAUUSD,"-1 866 693,59","27936,66",-66.818782,"0,001542"
03/29/2022,XAUUSD,"-2 156 600,01","24044,17",-89.693261,"0,001037"
03/30/2022,XAUUSD,"-108 496,27","17717,27",-6.123758,"-7,64E-05"
03/31/2022,XAUUSD,"-457 217,03","21077,75",-21.691928,"-0,00123"
04/01/2022,XAUUSD,"365 328,08","21033,34",17.369,"0,000842"
04/04/2022,XAUUSD,"107 072,76","21864,09",4.897197,"0,00118"
04/05/2022,XAUUSD,"533 873,91","25630,26",20.829828,"4,10E-05"
04/06/2022,XAUUSD,"1 301 268,57","27107,59",48.003846,"-0,00178"
04/07/2022,XAUUSD,"851 987,59","23864,21",35.701479,"-0,00429"
04/08/2022,XAUUSD,"172 692,12","27136,81",6.363759,"-0,00046"
04/11/2022,XAUUSD,"-3 101 305,30","33539,07",-92.468434,"0,000389"
04/12/2022,XAUUSD,"88 395,35","29568,04",2.989557,"-0,00231"
04/13/2022,XAUUSD,"422 204,57","27688,56",15.24834,"-0,0006"
04/14/2022,XAUUSD,"1 573 400,49","33558,08",46.885891,"0,001116"
04/18/2022,XAUUSD,"-1 279 537,36","31648,61",-40.429496,"0,000465"
04/19/2022,XAUUSD,"-3 269 396,46","33793,45",-96.746454,"0,001534"
04/20/2022,XAUUSD,"11 919,61","26680,83",0.446748,"0,001046"
04/21/2022,XAUUSD,"-152 549,56","32939,9",-4.631148,"-0,00087"
04/22/2022,XAUUSD,"-882 588,27","31173,73",-28.311924,"-0,00171"
04/25/2022,XAUUSD,"-4 536 636,20","33494,91",-135.442555,"0,002204"
04/26/2022,XAUUSD,"451 825,73","29761,93",15.181332,"0,001856"
04/27/2022,XAUUSD,"-1 470 932,74","31832,37",-46.20871,"0,000331"
04/28/2022,XAUUSD,"-1 512 625,77","29610,43",-51.084222,"0,002434"
04/29/2022,XAUUSD,"-1 572 306,78","30259,64",-51.960525,"0,000449"
05/02/2022,XAUUSD,"-3 362 806,20","26839,15",-125.29481,"-0,00048"
05/03/2022,XAUUSD,"-530 804,58","27302,71",-19.441461,"-0,00141"
05/04/2022,XAUUSD,"-134 574,02","28647,39",-4.697601,"-0,00182"
05/05/2022,XAUUSD,"-1 325 523,88","31185,06",-42.505093,"-0,00088"
05/06/2022,XAUUSD,"-668 304,96","23908,96",-27.952071,"-0,00029"
05/09/2022,XAUUSD,"-1 096 637,10","27239,68",-40.25881,"4,33E-05"
05/10/2022,XAUUSD,"-905 886,42","30548,87",-29.65368,"0,001699"
05/11/2022,XAUUSD,"23 895,12","31108,02",0.768134,"0,001542"
05/12/2022,XAUUSD,"-1 892 225,59","33360,49",-56.720558,"0,001037"
05/13/2022,XAUUSD,"-886 620,48","28920,74",-30.656909,"-7,64E-05"
05/16/2022,XAUUSD,"-2 085 623,26","28950,38",-72.041309,"-0,00123"
05/17/2022,XAUUSD,"-438 169,65","28742,39",-15.244719,"0,000842"
05/18/2022,XAUUSD,"-11 754,69","28610,22",-0.410856,"0,00118"
05/19/2022,XAUUSD,"-2 068 857,62","29718,21",-69.615822,"4,10E-05"
05/20/2022,XAUUSD,"-298 511,87","20686,22",-14.43047,"-0,00178"
05/23/2022,XAUUSD,"-898 599,67","22667,81",-39.642104,"-0,00429"
05/24/2022,XAUUSD,"436 790,46","22427,44",19.475716,"-0,00046"
05/25/2022,XAUUSD,"-173 658,69","25672,56",-6.76437,"0,000389"
05/26/2022,XAUUSD,"542 256,25","25210,19",21.509408,"-0,00231"
05/27/2022,XAUUSD,"561 491,95","24247,51",23.156685,"-0,0006"
05/30/2022,XAUUSD,"939 417,83","20992,78",44.749568,"0,001116"
05/31/2022,XAUUSD,"982 330,14","34228,69",28.699028,"0,000465"
06/01/2022,XAUUSD,"-425 575,22","34699,37",-12.264638,"0,001534"
06/02/2022,XAUUSD,"-3 486 193,76","28239,31",-123.451804,"0,001046"
06/03/2022,XAUUSD,"-985 461,68","24926,84",-39.53416,"-0,00087"
06/06/2022,XAUUSD,"-191 812,03","25010,58",-7.669236,"-0,00171"
06/07/2022,XAUUSD,"464 666,17","28554,41",16.273009,"0,002204"
06/08/2022,XAUUSD,"883 236,89","30097,36",29.345992,"0,001856"
06/09/2022,XAUUSD,"1 234 319,02","35004,69",35.261533,"0,000331"
06/10/2022,XAUUSD,"-2 316 375,69","40474,6",-57.230354,"0,002434"
06/13/2022,XAUUSD,"-3 758 725,23","32915,53",-114.193064,"0,000449"
06/14/2022,XAUUSD,"-1 043 166,21","22063,23",-47.280757,"-0,00048"
06/15/2022,XAUUSD,"-761 175,24","29594,48",-25.720176,"-0,00141"
06/16/2022,XAUUSD,"84 314,78","25191,23",3.346989,"-0,00182"
06/17/2022,XAUUSD,"316 777,59","18639,37",16.995081,"-0,00088"
06/20/2022,XAUUSD,"537 139,93","14240,21",37.719945,"-0,00029"
06/21/2022,XAUUSD,"879 545,51","24692,29",35.620249,"4,33E-05"
06/22/2022,XAUUSD,"-158 404,19","30273,41",-5.232453,"0,001699"
06/23/2022,XAUUSD,"653 664,90","29577,19",22.100304,"0,001542"
06/24/2022,XAUUSD,"874 220,13","24535,09",35.631422,"0,001037"
06/27/2022,XAUUSD,"559 255,50","27711,24",20.18154,"-7,64E-05"
06/28/2022,XAUUSD,"883 951,38","25426,29",34.765252,"-0,00123"
06/29/2022,XAUUSD,"201 615,68","33040,35",6.102105,"0,000842"
06/30/2022,XAUUSD,"958 648,73","36591,93",26.198365,"0,00118"
07/01/2022,XAUUSD,"-2 482 600,68","36358,48",-68.281201,"4,10E-05"
07/04/2022,XAUUSD,"611 231,65","18348,26",33.312785,"-0,00178"
07/05/2022,XAUUSD,"-8 805 491,61","40071,62",-219.743839,"-0,00429"
07/06/2022,XAUUSD,"-5 698 562,76","36260,87",-157.154607,"-0,00046"
07/07/2022,XAUUSD,"21 213,64","21579,66",0.983039,"0,000389"
07/08/2022,XAUUSD,"289 464,84","23706,64",12.210285,"-0,00231"
07/11/2022,XAUUSD,"350 434,82","20960,72",16.718644,"-0,0006"
07/12/2022,XAUUSD,"14 153,12","30158,21",0.469296,"0,001116"
07/13/2022,XAUUSD,"-2 007 891,98","37813,15",-53.100363,"0,000465"
07/14/2022,XAUUSD,"-2 562 881,87","33556,97",-76.374055,"0,001534"
07/15/2022,XAUUSD,"714 830,08","22741,77",31.432473,"0,001046"
07/18/2022,XAUUSD,"293 806,44","24880,13",11.808879,"-0,00087"
07/19/2022,XAUUSD,"604 166,13","22320,6",27.067647,"-0,00171"
07/20/2022,XAUUSD,"-684 742,28","29194,08",-23.454833,"0,002204"
07/21/2022,XAUUSD,"-3 560 119,50","34051,05",-104.552415,"0,001856"
07/22/2022,XAUUSD,"-2 195 288,28","22200,9",-98.882851,"0,000331"
07/25/2022,XAUUSD,"-391 039,79","18874,76",-20.717604,"0,002434"
07/26/2022,XAUUSD,"701 361,56","19855,79",35.322773,"0,000449"
07/27/2022,XAUUSD,"-230 725,35","27734,47",-8.319083,"-0,00048"
07/28/2022,XAUUSD,"-963 289,13","31016,42",-31.057393,"-0,00141"
07/29/2022,XAUUSD,"-1 140 517,46","23801,64",-47.9176,"-0,00182"
08/01/2022,XAUUSD,"-347 280,15","25556,72",-13.588604,"-0,00088"
08/02/2022,XAUUSD,"-1 374 683,99","31879,04",-43.121875,"-0,00029"
08/03/2022,XAUUSD,"554 083,94","22517,45",24.606869,"4,33E-05"
08/04/2022,XAUUSD,"-2 061 318,78","23857,71",-86.40053,"0,001699"
08/05/2022,XAUUSD,"-193 902,77","20958,37",-9.251806,"0,001542"
08/08/2022,XAUUSD,"22 194,25","17944,16",1.236851,"0,001037"
08/09/2022,XAUUSD,"8 594,72","22191,42",0.387299,"-7,64E-05"
08/10/2022,XAUUSD,"692 104,46","26173,88",26.442563,"-0,00123"
08/11/2022,XAUUSD,"555 385,63","26219,88",21.181852,"0,000842"
08/12/2022,XAUUSD,"76 676,41","23964,55",3.199577,"0,00118"
08/15/2022,XAUUSD,"-1 798 092,61","26069,16",-68.973937,"4,10E-05"
08/16/2022,XAUUSD,"-28 083,85","18273,13",-1.536893,"-0,00178"
08/17/2022,XAUUSD,"-1 375 733,77","25462,68",-54.029418,"-0,00429"
08/18/2022,XAUUSD,"-182 483,09","19586,94",-9.31657,"-0,00046"
08/19/2022,XAUUSD,"-1 568 771,14","19549,72",-80.245198,"0,000389"
08/22/2022,XAUUSD,"-2 817 694,92","23569,11",-119.550332,"-0,00231"
08/23/2022,XAUUSD,"-232 072,73","22372,97",-10.372907,"-0,0006"
08/24/2022,XAUUSD,"604 060,95","20702,05",29.178799,"0,001116"
08/25/2022,XAUUSD,"-417 983,09","22047,71",-18.958118,"0,000465"
08/26/2022,XAUUSD,"54 014,91","27854,13",1.939207,"0,001534"
08/29/2022,XAUUSD,"-2 382 417,16","23248,87",-102.474536,"0,001046"
08/30/2022,XAUUSD,"347 442,06","21028,23",16.522649,"-0,00087"
08/31/2022,XAUUSD,"-1 398 225,25","26491,17",-52.780804,"-0,00171"
09/01/2022,XAUUSD,"-717 257,20","29000,78",-24.732342,"0,002204"
09/02/2022,XAUUSD,"-917 101,23","22338,77",-41.05424,"0,001856"
09/05/2022,XAUUSD,"364 399,66","12919,4",28.205618,"0,000331"
09/06/2022,XAUUSD,"-601 347,30","25550,57",-23.535573,"0,002434"
09/07/2022,XAUUSD,"-1 654 046,96","24210,24",-68.320139,"0,000449"
09/08/2022,XAUUSD,"-762 254,68","25192,39",-30.257339,"-0,00048"
09/09/2022,XAUUSD,"548 296,44","20411,44",26.862213,"-0,00141"
09/12/2022,XAUUSD,"-286 316,29","23391,53",-12.240169,"-0,00182"
09/13/2022,XAUUSD,"363 493,42","25443,41",14.286348,"-0,00088"
09/14/2022,XAUUSD,"198 982,21","20863,42",9.537373,"-0,00029"
09/15/2022,XAUUSD,"-7 840 719,85","31541,14",-248.587079,"4,33E-05"
09/16/2022,XAUUSD,"-6 033 725,61","21810,63",-276.64151,"0,001699"
09/19/2022,XAUUSD,"392 943,78","18485,28",21.257118,"0,001542"
09/20/2022,XAUUSD,"312 711,63","20074,59",15.577485,"0,001037"
09/21/2022,XAUUSD,"157 608,40","30519,52",5.164183,"-7,64E-05"
09/22/2022,XAUUSD,"-303 311,53","26722,6",-11.350375,"-0,00123"
09/23/2022,XAUUSD,"-3 196 501,39","26497,9",-120.632254,"0,000842"
09/26/2022,XAUUSD,"-3 494 354,50","26127,15",-133.744189,"0,00118"
09/27/2022,XAUUSD,"589 480,97","21206,88",27.796685,"4,10E-05"
09/28/2022,XAUUSD,"-2 961 329,45","32136,12",-92.149564,"-0,00178"
09/29/2022,XAUUSD,"-39 868,56","23462,96",-1.699213,"-0,00429"
09/30/2022,XAUUSD,"-216 546,84","20109,44",-10.768417,"-0,00046"
10/03/2022,XAUUSD,"-2 772 923,65","29246,56",-94.811959,"0,000389"
10/04/2022,XAUUSD,"-2 727 427,11","26986,48",-101.066427,"-0,00231"
10/05/2022,XAUUSD,"-83 487,38","24579,66",-3.396604,"-0,0006"
10/06/2022,XAUUSD,"259 494,62","20806,66",12.47171,"0,001116"
10/07/2022,XAUUSD,"70 963,82","24874,34",2.852892,"0,000465"
10/10/2022,XAUUSD,"-954 326,05","25005,73",-38.164295,"0,001534"
10/11/2022,XAUUSD,"-145 654,93","29893,36",-4.872484,"0,001046"
10/12/2022,XAUUSD,"674 710,47","23703,91",28.4641,"-0,00087"
10/13/2022,XAUUSD,"-402 252,60","34627,14",-11.616686,"-0,00171"
10/14/2022,XAUUSD,"-277 226,66","25507,3",-10.868523,"0,002204"
10/17/2022,XAUUSD,"101 421,46","21908,62",4.629295,"0,001856"
10/18/2022,XAUUSD,"1 278 965,52","23276,83",54.945863,"0,000331"
10/19/2022,XAUUSD,"-853 665,28","27714,95",-30.801617,"0,002434"
10/20/2022,XAUUSD,"-420 297,45","28693,42",-14.647869,"0,000449"
10/21/2022,XAUUSD,"-348 529,66","29456,4",-11.832052,"-0,00048"
10/24/2022,XAUUSD,"823 682,55","19894,82",41.40186,"-0,00141"
10/25/2022,XAUUSD,"850 548,48","27778,15",30.619335,"-0,00182"
10/26/2022,XAUUSD,"-1 511 589,25","26142,37",-57.821431,"-0,00088"
10/27/2022,XAUUSD,"973 677,30","24941,12",39.039037,"-0,00029"
10/28/2022,XAUUSD,"-1 705 605,03","25645,62",-66.506679,"4,33E-05"
10/31/2022,XAUUSD,"-209 548,80","21055,24",-9.952335,"0,001699"
11/01/2022,XAUUSD,"-865 884,71","28010,26",-30.913127,"0,001542"
11/02/2022,XAUUSD,"707 286,60","30536,36",23.162112,"0,001037"
11/03/2022,XAUUSD,"-779 241,88","26195,96",-29.746643,"-7,64E-05"
11/04/2022,XAUUSD,"-4 595 182,58","29643,28",-155.015996,"-0,00123"
11/07/2022,XAUUSD,"-151 921,40","17876,48",-8.498396,"0,000842"
11/08/2022,XAUUSD,"-4 471 100,86","26212,47",-170.57152,"0,00118"
11/09/2022,XAUUSD,"-754 361,61","20125,76",-37.482391,"4,10E-05"
11/10/2022,XAUUSD,"-3 394 879,60","21892,29",-155.071927,"-0,00178"
11/11/2022,XAUUSD,"-1 633 036,95","18244,54",-89.508255,"-0,00429"
11/14/2022,XAUUSD,"-140 832,53","18103,2",-7.779428,"-0,00046"
11/15/2022,XAUUSD,"-526 811,85","23067,57",-22.83777,"0,000389"
11/16/2022,XAUUSD,"238 455,90","18733,38",12.728931,"-0,00231"
11/17/2022,XAUUSD,"-375 375,19","18849,38",-19.914458,"-0,0006"
11/18/2022,XAUUSD,"213 436,97","16577,79",12.874875,"0,001116"
11/21/2022,XAUUSD,"-433 722,60","17971,9",-24.133375,"0,000465"
11/22/2022,XAUUSD,"-14 727,78","16327,61",-0.902017,"0,001534"
11/23/2022,XAUUSD,"-543 058,38","22855,3",-23.76072,"0,001046"
11/24/2022,XAUUSD,"55 377,88","10315,28",5.368529,"-0,00087"
11/25/2022,XAUUSD,"-49 993,50","16981,82",-2.943942,"-0,00171"
11/28/2022,XAUUSD,"-498 632,26","22090,68",-22.572065,"0,002204"
11/29/2022,XAUUSD,"683 739,00","20097,97",34.020302,"0,001856"
11/30/2022,XAUUSD,"345 392,13","25541,76",13.522644,"0,000331"
12/01/2022,XAUUSD,"-3 232 953,90","22598,49",-143.060616,"0,002434"
12/02/2022,XAUUSD,"-337 593,98","18551,72",-18.197449,"0,000449"
12/05/2022,XAUUSD,"-2 637 017,35","22593,54",-116.715546,"-0,00048"
12/06/2022,XAUUSD,"190 556,65","16686,18",11.420028,"-0,00141"
12/07/2022,XAUUSD,"-318 470,41","19869,94",-16.027749,"-0,00182"
12/08/2022,XAUUSD,"395 945,79","16795,91",23.573941,"-0,00088"
12/09/2022,XAUUSD,"409 078,85","22641,92",18.067322,"-0,00029"
12/12/2022,XAUUSD,"84 039,80","18287,31",4.595526,"4,33E-05"
12/13/2022,XAUUSD,"-1 143 450,00","27306,46",-41.874707,"0,001699"
12/14/2022,XAUUSD,"315 380,48","21786,37",14.476046,"0,001542"
12/15/2022,XAUUSD,"-1 194 696,89","26394,04",-45.263889,"0,001037"
12/16/2022,XAUUSD,"80 442,36","20111,68",3.999783,"-7,64E-05"
12/19/2022,XAUUSD,"-149 903,43","17838,93",-8.403162,"-0,00123"
12/20/2022,XAUUSD,"-1 658 241,43","22998,94",-72.100776,"0,000842"
12/21/2022,XAUUSD,"18 425,11","14028,15",1.313438,"0,00118"
12/22/2022,XAUUSD,"-546 832,14","22617,65",-24.177231,"4,10E-05"
12/23/2022,XAUUSD,"188 295,11","15153,68",12.425702,"-0,00178"
12/27/2022,XAUUSD,"-807 212,72","21085,1",-38.283562,"-0,00429"
12/28/2022,XAUUSD,"167 045,65","19877,7",8.403671,"-0,00046"
12/29/2022,XAUUSD,"459 625,51","18958,35",24.243962,"0,000389"
12/30/2022,XAUUSD,"549 994,81","20450,66",26.893744,"-0,00231"
01/03/2023,XAUUSD,"-1 186 571,04","30869,88",-38.437825,"-0,0006"
01/04/2023,XAUUSD,"-1 429 745,85","27322,17",-52.329147,"0,001116"
01/05/2023,XAUUSD,"-672 834,70","25139,52",-26.764023,"0,000465"
01/06/2023,XAUUSD,"-508 093,18","24205,89",-20.990477,"0,001534"
01/09/2023,XAUUSD,"-660 887,78","20990,61",-31.484925,"0,001046"
01/10/2023,XAUUSD,"948 412,55","21016,73",45.126552,"-0,00087"
01/11/2023,XAUUSD,"-615 928,91","26273,97",-23.442552,"-0,00171"
01/12/2023,XAUUSD,"-2 569 921,13","27239,7",-94.344693,"0,002204"
01/13/2023,XAUUSD,"-2 154 285,86","24284,22",-88.711347,"0,001856"
01/16/2023,XAUUSD,"-807 505,35","17072,5",-47.2986,"0,000331"
01/17/2023,XAUUSD,"566 156,56","24141,79",23.451308,"0,002434"
01/18/2023,XAUUSD,"-1 312 637,54","28038,53",-46.815491,"0,000449"
01/19/2023,XAUUSD,"-621 250,37","25731,05",-24.143996,"-0,00048"
01/20/2023,XAUUSD,"-12 016,20","22236,23",-0.540388,"-0,00141"
01/23/2023,XAUUSD,"870 925,79","27679,44",31.464719,"-0,00182"
01/24/2023,XAUUSD,"469 992,30","27181,24",17.291054,"-0,00088"
01/25/2023,XAUUSD,"255 395,60","29681,3",8.604596,"-0,00029"
01/26/2023,XAUUSD,"1 081 180,40","31407,08",34.424735,"4,33E-05"
01/27/2023,XAUUSD,"867 873,68","26947,56",32.206021,"0,001699"
01/30/2023,XAUUSD,"1 968 261,49","28564,04",68.906971,"0,001542"
01/31/2023,XAUUSD,"-2 740 943,88","38062,01",-72.012589,"0,001037"
02/01/2023,XAUUSD,"-772 662,19","32391,46",-23.853886,"-7,64E-05"
02/02/2023,XAUUSD,"-1 109 822,73","31168,91",-35.606723,"-0,00123"
02/03/2023,XAUUSD,"-9 477 037,81","28142,51",-336.75169,"0,000842"
02/06/2023,XAUUSD,"444 852,82","21234,22",20.949807,"0,00118"
02/07/2023,XAUUSD,"989 143,15","26739,53",36.991793,"4,10E-05"
02/08/2023,XAUUSD,"883 018,18","24334,63",36.286485,"-0,00178"
02/09/2023,XAUUSD,"160 813,88","29346,24",5.47988,"-0,00429"
02/10/2023,XAUUSD,"-115 090,62","25671,37",-4.483229,"-0,00046"
02/13/2023,XAUUSD,"1 023 615,88","24022,76",42.610253,"0,000389"
02/14/2023,XAUUSD,"1 489 436,99","35779,76",41.62792,"-0,00231"
02/15/2023,XAUUSD,"-1 495 992,43","27329,99",-54.738126,"-0,0006"
02/16/2023,XAUUSD,"1 211 954,77","32999,2",36.726792,"0,001116"
02/17/2023,XAUUSD,"-970 945,74","29699,33",-32.692513,"0,000465"
02/20/2023,XAUUSD,"11 475,98","15642,31",0.73365,"0,001534"
02/21/2023,XAUUSD,"719 963,21","27383,56",26.291804,"0,001046"
02/22/2023,XAUUSD,"1 377 975,98","28350,15",48.605598,"-0,00087"
02/23/2023,XAUUSD,"927 813,72","30665,14",30.256302,"-0,00171"
02/24/2023,XAUUSD,"-931 135,14","29213,8",-31.873126,"0,002204"
02/27/2023,XAUUSD,"-497 962,20","28034,68",-17.762364,"0,001856"
02/28/2023,XAUUSD,"-173 545,25","33936,23",-5.113864,"0,000331"
