2001.10.28,00:00,122.690,122.820,121.330,121.670,55165
2001.11.04,00:00,121.630,122.160,119.740,120.350,55271
2001.11.11,00:00,120.380,122.980,119.710,122.920,56043
2001.11.18,00:00,122.840,124.540,122.500,124.260,126233
2001.11.25,00:00,124.430,124.630,122.790,123.460,141592
2001.12.02,00:00,123.370,125.810,123.250,125.590,148933
2001.12.09,00:00,125.610,128.010,125.470,127.420,138429
2001.12.16,00:00,127.330,129.750,127.110,129.620,143553
2001.12.23,00:00,129.580,132.100,129.290,131.090,79115
2001.12.30,00:00,131.310,132.330,130.590,130.970,78919
2002.01.06,00:00,130.870,133.420,130.350,132.200,142969
2002.01.13,00:00,132.020,133.080,130.860,132.550,114624
2002.01.20,00:00,132.650,134.980,131.990,134.430,64608
2002.01.27,00:00,134.870,135.190,132.330,133.010,58441
2002.02.03,00:00,133.170,135.030,131.940,134.740,143839
2002.02.10,00:00,134.910,135.060,131.840,132.570,144024
2002.02.17,00:00,132.700,134.540,132.400,134.060,101507
2002.02.24,00:00,134.140,135.010,133.010,133.420,146878
2002.03.03,00:00,133.570,133.610,126.410,128.610,133822
2002.03.10,00:00,128.670,129.670,127.730,129.080,147055
2002.03.17,00:00,129.280,132.970,129.210,132.910,150133
2002.03.24,00:00,132.810,133.500,132.160,132.750,154058
2002.03.31,00:00,132.750,133.860,131.290,131.680,151468
2002.04.07,00:00,131.750,132.280,130.180,131.950,151116
2002.04.14,00:00,132.060,132.410,129.570,130.360,148642
2002.04.21,00:00,130.660,130.710,127.750,127.900,149674
2002.04.28,00:00,127.910,128.690,126.820,126.940,147947
2002.05.05,00:00,127.010,129.100,126.750,127.620,115361
2002.05.12,00:00,127.680,128.820,125.500,125.970,156712
2002.05.19,00:00,125.990,126.230,123.490,124.770,166645
2002.05.26,00:00,124.790,125.100,122.800,124.110,133060
2002.06.02,00:00,124.260,125.080,123.240,124.340,145068
2002.06.09,00:00,124.430,125.940,123.910,124.150,131791
2002.06.16,00:00,124.210,124.860,120.800,121.160,134961
2002.06.23,00:00,121.730,122.770,118.340,119.580,164780
2002.06.30,00:00,119.730,120.780,119.240,120.420,141502
2002.07.07,00:00,120.050,120.200,116.440,116.910,166226
2002.07.14,00:00,117.040,117.340,115.480,115.900,143004
2002.07.21,00:00,115.920,119.070,115.730,118.830,144864
2002.07.28,00:00,118.900,120.430,118.450,118.920,140011
2002.08.04,00:00,118.860,121.380,118.610,120.110,151337
2002.08.11,00:00,120.150,120.190,116.280,117.710,130624
2002.08.18,00:00,117.640,120.310,117.400,119.600,137424
2002.08.25,00:00,119.550,119.950,117.450,118.400,56245
2002.09.01,00:00,118.500,118.920,116.840,118.540,144264
2002.09.08,00:00,118.560,122.290,118.160,121.720,177744
2002.09.15,00:00,121.950,123.740,120.900,123.320,195982
2002.09.22,00:00,123.570,124.240,121.830,122.540,174217
2002.09.29,00:00,122.620,123.380,121.100,123.140,35583
2002.10.06,00:00,123.260,124.660,122.980,124.030,35773
2002.10.13,00:00,124.100,125.590,123.770,125.530,36329
2002.10.20,00:00,125.480,125.670,123.590,124.310,33174
2002.10.27,00:00,124.290,125.020,121.600,122.230,35955
2002.11.03,00:00,122.190,122.680,119.530,119.800,32912
2002.11.10,00:00,119.940,120.950,119.090,120.460,33490
2002.11.17,00:00,120.390,123.020,120.260,122.910,34300
2002.11.24,00:00,123.050,123.210,121.320,122.480,33449
2002.12.01,00:00,122.660,125.750,122.100,123.550,37696
2002.12.08,00:00,123.140,124.090,120.300,120.480,38620
2002.12.15,00:00,120.610,121.720,120.190,120.370,35873
2002.12.22,00:00,120.410,120.810,119.770,119.860,23802
2002.12.29,00:00,119.940,120.310,118.290,119.680,21887
2003.01.05,00:00,119.830,120.630,118.530,119.220,35241
2003.01.12,00:00,119.150,119.500,117.390,117.780,31462
2003.01.19,00:00,118.030,119.180,117.510,117.810,27568
2003.01.26,00:00,117.840,120.100,117.540,119.920,27303
2003.02.02,00:00,119.890,120.950,119.040,120.280,28346
2003.02.09,00:00,120.280,121.800,120.090,120.320,33188
2003.02.16,00:00,120.510,120.810,118.080,118.630,38785
2003.02.23,00:00,118.850,118.880,116.800,118.130,38074
2003.03.02,00:00,118.210,118.340,116.340,117.070,38825
2003.03.09,00:00,117.140,118.800,116.400,118.250,41048
2003.03.16,00:00,118.120,121.900,117.560,121.690,41584
2003.03.23,00:00,121.060,121.350,119.340,119.840,38303
2003.03.30,00:00,119.850,120.230,117.600,119.970,38090
2003.04.06,00:00,120.380,120.940,119.140,120.500,36329
2003.04.13,00:00,120.600,120.860,118.910,119.750,31728
2003.04.20,00:00,119.630,121.180,119.350,120.250,48060
2003.04.27,00:00,120.210,120.760,118.130,119.060,48836
2003.05.04,00:00,119.040,119.140,116.000,117.360,45980
2003.05.11,00:00,117.250,117.580,115.290,116.060,47399
2003.05.18,00:00,115.610,117.820,115.060,116.890,47541
2003.05.25,00:00,116.850,119.670,116.190,119.330,48442
2003.06.01,00:00,119.630,119.690,117.320,118.720,52549
2003.06.08,00:00,118.740,118.820,117.170,117.430,47445
2003.06.15,00:00,117.380,119.140,117.160,118.470,43982
2003.06.22,00:00,118.580,120.030,117.320,119.610,42829
2003.06.29,00:00,119.770,120.260,117.870,118.080,41114
2003.07.06,00:00,118.120,118.730,117.380,117.940,38457
2003.07.13,00:00,117.810,119.260,116.660,118.540,40594
2003.07.20,00:00,118.660,119.440,118.240,118.730,38344
2003.07.27,00:00,118.940,120.710,118.890,120.180,39886
2003.08.03,00:00,119.970,120.660,118.820,119.070,39712
2003.08.10,00:00,119.000,119.750,118.200,119.110,22100
2003.08.17,00:00,119.170,119.810,117.290,117.550,35111
2003.08.24,00:00,117.530,118.040,116.130,116.900,33708
2003.08.31,00:00,116.830,117.270,115.750,116.840,37365
2003.09.07,00:00,117.610,117.730,116.100,117.460,33348
2003.09.14,00:00,117.340,117.710,113.550,114.040,43307
2003.09.21,00:00,112.380,112.730,110.900,111.630,54472
2003.09.28,00:00,111.630,112.110,110.100,110.940,50634
2003.10.05,00:00,110.980,111.370,108.240,108.730,44702
2003.10.12,00:00,108.480,110.350,108.290,109.430,48890
2003.10.19,00:00,108.850,110.610,108.770,109.340,49799
2003.10.26,00:00,109.280,110.240,107.850,109.970,50743
2003.11.02,00:00,109.910,111.520,109.050,109.390,49720
2003.11.09,00:00,109.450,109.680,107.870,108.340,39059
2003.11.16,00:00,108.390,109.770,107.520,108.750,55135
2003.11.23,00:00,108.790,110.060,108.780,109.640,38317
2003.11.30,00:00,109.750,110.040,107.520,107.680,45366
2003.12.07,00:00,107.750,108.750,106.730,107.920,40130
2003.12.14,00:00,108.270,108.300,107.210,107.810,32845
2003.12.21,00:00,107.780,107.970,106.910,107.460,19863
2003.12.28,00:00,107.320,107.750,106.640,107.060,20701
2004.01.04,00:00,107.000,108.300,105.890,106.800,33843
2004.01.11,00:00,106.630,107.010,105.720,106.640,42392
2004.01.18,00:00,106.640,107.940,105.740,106.730,53148
2004.01.25,00:00,106.440,106.760,105.440,105.740,54924
2004.02.01,00:00,105.720,106.820,105.220,105.460,42144
2004.02.08,00:00,105.900,105.920,105.170,105.460,36964
2004.02.15,00:00,105.460,109.380,105.400,109.040,45335
2004.02.22,00:00,108.930,109.830,108.040,109.140,49849
2004.02.29,00:00,109.050,112.290,108.890,112.020,48070
2004.03.07,00:00,112.170,112.350,110.210,110.790,44612
2004.03.14,00:00,110.690,111.080,106.400,106.660,57831
2004.03.21,00:00,106.890,107.670,105.540,106.010,45187
2004.03.28,00:00,105.570,106.250,103.400,104.550,52907
2004.04.04,00:00,104.360,107.230,104.120,106.430,48407
2004.04.11,00:00,106.320,109.290,105.040,107.810,58661
2004.04.18,00:00,109.330,109.920,108.580,108.960,58938
2004.04.25,00:00,109.440,111.040,108.760,110.510,60585
2004.05.02,00:00,110.430,112.480,108.320,112.170,53181
2004.05.09,00:00,112.240,114.900,112.170,114.240,65655
2004.05.16,00:00,114.190,114.720,111.760,112.300,70072
2004.05.23,00:00,112.200,113.350,110.040,110.190,60722
2004.05.30,00:00,110.260,112.020,109.060,111.150,62564
2004.06.06,00:00,110.900,111.020,108.650,110.070,62945
2004.06.13,00:00,110.390,111.500,108.530,108.870,67038
2004.06.20,00:00,108.620,109.430,107.010,107.580,56382
2004.06.27,00:00,107.460,109.610,107.420,108.310,67627
2004.07.04,00:00,108.370,109.740,107.920,108.170,59707
2004.07.11,00:00,107.870,110.060,107.560,108.690,65276
2004.07.18,00:00,108.800,110.340,108.090,110.180,60552
2004.07.25,00:00,110.140,112.490,109.400,111.370,69534
2004.08.01,00:00,111.100,111.900,109.830,110.480,66492
2004.08.08,00:00,110.410,112.100,110.130,110.690,58278
2004.08.15,00:00,110.450,111.030,108.940,109.100,59579
2004.08.22,00:00,109.150,110.500,109.010,109.680,59074
2004.08.29,00:00,109.630,110.720,108.730,110.480,36873
2004.09.05,00:00,110.520,110.640,109.020,109.660,37340
2004.09.12,00:00,109.490,110.430,109.290,109.800,40437
2004.09.19,00:00,109.920,110.950,109.590,110.620,37724
2004.09.26,00:00,110.620,111.750,109.810,110.500,42317
2004.10.03,00:00,110.630,111.470,109.290,109.520,33909
2004.10.10,00:00,109.530,110.230,108.800,109.310,29744
2004.10.17,00:00,109.240,109.610,107.180,107.260,30645
2004.10.24,00:00,107.270,107.410,105.770,105.800,42101
2004.10.31,00:00,105.940,106.910,105.510,105.580,38385
2004.11.07,00:00,105.510,107.320,105.280,105.570,39891
2004.11.14,00:00,105.650,105.680,102.690,103.100,42165
2004.11.21,00:00,103.120,103.740,102.140,102.590,42592
2004.11.28,00:00,102.660,103.620,101.820,102.100,60674
2004.12.05,00:00,102.080,106.220,101.910,105.230,63937
2004.12.12,00:00,105.530,105.820,103.440,104.180,64480
2004.12.19,00:00,104.060,104.700,103.440,103.670,37994
2004.12.26,00:00,103.740,104.310,102.310,102.600,32854
2005.01.02,00:00,102.630,105.200,102.350,104.760,65716
2005.01.09,00:00,104.810,104.860,101.770,102.030,73222
2005.01.16,00:00,102.020,103.920,101.670,102.720,69569
2005.01.23,00:00,102.820,104.360,102.350,103.270,63438
2005.01.30,00:00,103.670,104.740,103.340,104.080,59837
2005.02.06,00:00,104.590,106.900,104.040,105.720,58436
2005.02.13,00:00,105.480,105.890,104.280,105.640,59313
2005.02.20,00:00,105.780,105.820,103.810,105.230,50929
2005.02.27,00:00,105.240,105.600,104.090,104.780,33718
2005.03.06,00:00,104.760,105.390,103.650,103.990,44010
2005.03.13,00:00,103.920,105.200,103.700,104.740,33737
2005.03.20,00:00,104.760,106.590,104.650,106.390,29885
2005.03.27,00:00,106.350,107.810,106.340,107.570,34082
2005.04.03,00:00,107.660,108.920,107.580,108.230,29461
2005.04.10,00:00,108.290,108.570,107.130,107.780,33923
2005.04.17,00:00,107.640,108.070,105.740,106.030,39445
2005.04.24,00:00,105.530,106.420,104.600,104.740,43453
2005.05.01,00:00,105.050,105.440,104.200,105.060,27576
2005.05.08,00:00,105.090,107.450,104.850,107.310,30131
2005.05.15,00:00,107.300,108.310,106.560,108.160,37817
2005.05.22,00:00,108.210,108.330,107.240,107.930,48709
2005.05.29,00:00,108.000,108.880,107.460,107.690,51487
2005.06.05,00:00,107.730,108.700,106.500,108.660,49949
2005.06.12,00:00,108.560,109.740,108.440,108.560,46057
2005.06.19,00:00,108.960,109.630,108.150,109.030,59478
2005.06.26,00:00,109.220,111.810,109.130,111.780,59779
2005.07.03,00:00,111.770,112.620,111.310,112.170,57085
2005.07.10,00:00,112.220,112.440,110.750,112.160,58493
2005.07.17,00:00,112.280,113.730,109.860,111.330,68541
2005.07.24,00:00,111.410,112.890,111.280,112.500,67659
2005.07.31,00:00,112.630,112.790,110.730,111.930,52580
2005.08.07,00:00,112.200,112.640,109.290,109.380,65562
2005.08.14,00:00,109.440,110.850,109.040,110.480,53318
2005.08.21,00:00,110.430,110.750,109.350,110.190,62880
2005.08.28,00:00,110.110,111.800,109.200,109.820,66101
2005.09.04,00:00,109.730,110.740,108.750,109.690,47183
2005.09.11,00:00,109.170,111.450,109.140,111.330,33631
2005.09.18,00:00,111.480,112.450,110.960,112.430,33678
2005.09.25,00:00,112.460,113.670,112.080,113.500,34878
2005.10.02,00:00,113.480,114.390,113.000,113.760,37413
2005.10.09,00:00,113.730,115.090,113.540,113.990,28945
2005.10.16,00:00,114.130,115.960,113.740,115.890,33494
2005.10.23,00:00,115.880,116.220,114.590,115.670,33502
2005.10.30,00:00,115.720,118.330,115.530,118.270,28442
2005.11.06,00:00,118.310,118.370,116.850,117.870,28890
2005.11.13,00:00,118.070,119.550,117.840,119.120,32877
2005.11.20,00:00,119.180,119.680,118.190,119.600,29202
2005.11.27,00:00,119.660,121.200,118.340,120.510,32436
2005.12.04,00:00,121.120,121.370,119.970,120.620,30665
2005.12.11,00:00,120.810,121.050,115.600,115.690,43784
2005.12.18,00:00,115.590,117.630,115.510,116.240,33118
2005.12.25,00:00,116.400,118.160,115.970,117.930,26524
2006.01.01,00:00,117.880,118.030,114.210,114.400,34592
2006.01.08,00:00,114.510,114.870,113.410,114.240,39005
2006.01.15,00:00,114.080,115.920,113.770,115.250,35816
2006.01.22,00:00,115.150,117.400,114.150,117.260,37972
2006.01.29,00:00,117.220,119.370,116.680,118.850,35471
2006.02.05,00:00,118.880,119.160,116.880,117.900,36400
2006.02.12,00:00,117.740,118.860,116.720,118.200,42138
2006.02.19,00:00,118.260,118.980,116.410,116.850,42870
2006.02.26,00:00,117.060,117.120,115.440,116.370,48209
2006.03.05,00:00,116.390,119.140,116.020,118.960,48853
2006.03.12,00:00,118.880,119.180,115.680,115.810,47001
2006.03.19,00:00,116.020,118.460,115.500,117.450,44054
2006.03.26,00:00,117.560,118.200,116.240,117.700,49148
2006.04.02,00:00,117.730,118.750,116.670,118.260,51980
2006.04.09,00:00,118.170,118.880,117.810,118.640,37099
2006.04.16,00:00,118.520,118.570,116.580,116.630,46475
2006.04.23,00:00,115.720,115.950,113.640,113.850,55188
2006.04.30,00:00,113.660,114.150,112.230,112.460,49040
2006.05.07,00:00,111.920,112.180,109.300,110.020,61080
2006.05.14,00:00,109.650,112.230,108.970,111.730,63813
2006.05.21,00:00,111.840,112.960,110.940,112.690,62112
2006.05.28,00:00,112.650,113.350,111.310,111.610,51283
2006.06.04,00:00,111.640,114.710,111.420,113.960,51019
2006.06.11,00:00,114.090,115.430,113.950,115.110,51990
2006.06.18,00:00,115.210,116.580,114.360,116.560,48522
2006.06.25,00:00,116.460,116.680,114.150,114.420,51811
2006.07.02,00:00,114.340,115.770,113.810,113.930,49084
2006.07.09,00:00,113.860,116.380,113.380,116.210,47411
2006.07.16,00:00,116.370,117.860,115.810,116.160,44266
2006.07.23,00:00,116.150,117.390,114.570,114.770,44099
2006.07.30,00:00,114.670,115.530,113.960,114.400,44880
2006.08.06,00:00,114.210,116.420,114.150,116.270,43932
2006.08.13,00:00,116.360,116.740,115.160,115.760,34104
2006.08.20,00:00,115.720,117.390,115.330,117.300,33636
2006.08.27,00:00,117.250,117.480,116.500,117.090,36619
2006.09.03,00:00,116.920,117.040,115.560,116.880,36823
2006.09.10,00:00,116.920,118.130,116.600,117.540,38532
2006.09.17,00:00,117.470,118.280,116.070,116.520,42179
2006.09.24,00:00,116.460,118.180,116.120,118.100,38206
2006.10.01,00:00,118.090,119.080,117.370,118.990,31878
2006.10.08,00:00,118.940,119.860,118.830,119.660,25945
2006.10.15,00:00,119.680,119.780,118.040,118.670,29176
2006.10.22,00:00,118.730,119.640,117.140,117.570,26746
2006.10.29,00:00,117.530,118.180,116.570,118.010,31582
2006.11.05,00:00,118.050,118.580,117.170,117.580,29097
2006.11.12,00:00,117.470,118.450,117.120,117.740,32855
2006.11.19,00:00,117.840,118.250,115.570,115.790,27694
2006.11.26,00:00,115.530,116.540,114.970,115.460,39499
2006.12.03,00:00,115.400,116.490,114.420,116.330,36565
2006.12.10,00:00,116.420,118.310,116.160,118.050,35866
2006.12.17,00:00,117.940,118.950,117.690,118.790,27678
2006.12.24,00:00,118.840,119.190,117.990,118.970,22184
2006.12.31,00:00,119.010,119.670,117.970,118.660,25043
2007.01.07,00:00,118.640,120.720,118.110,120.350,31832
2007.01.14,00:00,120.370,121.580,120.050,121.210,29908
2007.01.21,00:00,121.220,121.780,120.180,121.580,36011
2007.01.28,00:00,121.450,122.180,120.100,121.010,36903
2007.02.04,00:00,121.070,121.730,119.960,121.660,30111
2007.02.11,00:00,121.790,122.080,118.980,119.320,34446
2007.02.18,00:00,119.270,121.620,119.260,121.020,33066
2007.02.25,00:00,121.000,121.060,116.400,116.840,47163
2007.03.04,00:00,116.740,118.360,115.150,118.220,49481
2007.03.11,00:00,118.320,118.480,115.750,116.700,49997
2007.03.18,00:00,116.290,118.290,116.240,118.100,39563
2007.03.25,00:00,118.060,118.410,116.370,117.820,43029
2007.04.01,00:00,117.500,119.380,117.430,119.280,29590
2007.04.08,00:00,119.250,119.560,118.190,119.160,28867
2007.04.15,00:00,119.330,119.850,117.600,118.720,36593
2007.04.22,00:00,118.730,119.750,118.220,119.480,33825
2007.04.29,00:00,119.320,120.450,119.060,120.120,24276
2007.05.06,00:00,120.040,120.520,119.460,120.100,31845
2007.05.13,00:00,120.250,121.380,120.040,121.070,28176
2007.05.20,00:00,121.080,121.860,120.850,121.710,27433
2007.05.27,00:00,121.690,122.120,121.170,122.020,25734
2007.06.03,00:00,122.070,122.100,120.760,121.720,30723
2007.06.10,00:00,121.710,123.660,121.490,123.460,26193
2007.06.17,00:00,123.420,124.130,123.090,123.790,25669
2007.06.24,00:00,123.750,123.930,122.220,123.110,36360
2007.07.01,00:00,123.100,123.540,122.070,123.380,26874
2007.07.08,00:00,123.360,123.650,120.960,121.990,37359
2007.07.15,00:00,121.880,122.420,120.860,121.200,32067
2007.07.22,00:00,121.610,121.630,118.000,118.800,57113
2007.07.29,00:00,118.450,119.490,117.600,118.060,57776
2007.08.05,00:00,117.550,119.830,117.180,118.520,57654
2007.08.12,00:00,118.210,118.560,111.580,114.190,89434
2007.08.19,00:00,114.150,117.120,113.650,116.370,73764
2007.08.26,00:00,116.410,116.740,113.850,115.780,64519
2007.09.02,00:00,115.710,116.460,113.110,113.390,49908
2007.09.09,00:00,113.050,115.480,112.580,115.300,54741
2007.09.16,00:00,115.220,116.360,113.970,115.370,50148
2007.09.23,00:00,115.390,115.870,114.020,114.850,45240
2007.09.30,00:00,114.730,117.240,114.710,116.890,40100
2007.10.07,00:00,116.980,117.790,116.780,117.610,204274
2007.10.14,00:00,117.530,117.940,114.550,114.580,194760
2007.10.21,00:00,114.090,115.040,113.240,114.210,126152
2007.10.28,00:00,114.130,115.930,114.010,114.800,170959
2007.11.04,00:00,114.740,114.810,110.480,110.670,141083
2007.11.11,00:00,110.250,111.750,109.100,110.930,369584
2007.11.18,00:00,110.840,111.080,107.490,108.320,354420
2007.11.25,00:00,108.420,111.240,107.160,111.100,381963
2007.12.02,00:00,111.030,111.790,109.530,111.700,267790
2007.12.09,00:00,111.440,113.600,110.460,113.420,301354
2007.12.16,00:00,113.480,114.210,112.720,114.190,264220
2007.12.23,00:00,114.090,114.640,112.600,112.610,134843
2007.12.30,00:00,112.540,112.650,107.920,108.440,199361
2008.01.06,00:00,108.510,110.140,108.500,109.020,320677
2008.01.13,00:00,108.650,108.990,105.900,106.640,380962
2008.01.20,00:00,106.700,107.920,104.980,106.830,281553
2008.01.27,00:00,106.750,107.460,105.710,106.480,66779
2008.02.03,00:00,106.500,107.860,105.900,107.360,165080
2008.02.10,00:00,107.590,108.620,106.290,107.820,48839
2008.02.17,00:00,107.870,108.350,106.710,107.220,74933
2008.02.24,00:00,107.300,108.260,103.780,103.890,46840
2008.03.02,00:00,103.610,104.190,101.390,102.810,109516
2008.03.09,00:00,102.480,103.600,98.880,99.060,137094
2008.03.16,00:00,98.510,100.450,95.740,99.570,147146
2008.03.23,00:00,99.440,101.030,98.550,99.210,27447
2008.03.30,00:00,98.960,102.970,98.790,101.590,38899
2008.04.06,00:00,101.520,102.850,100.040,100.890,69981
2008.04.13,00:00,101.390,104.640,100.320,103.700,75381
2008.04.20,00:00,103.890,104.820,102.680,104.380,63757
2008.04.27,00:00,104.450,105.710,103.220,105.390,59283
2008.05.04,00:00,105.240,105.620,102.600,102.960,56213
2008.05.11,00:00,103.050,105.450,102.570,104.080,58325
2008.05.18,00:00,104.010,104.690,102.730,103.250,57411
2008.05.25,00:00,103.260,105.880,103.140,105.420,58874
2008.06.01,00:00,105.140,106.430,103.860,104.990,115244
2008.06.08,00:00,104.690,108.390,104.420,108.210,68790
2008.06.15,00:00,108.030,108.570,107.110,107.250,125319
2008.06.22,00:00,107.140,108.420,105.860,106.150,94367
2008.06.29,00:00,106.180,106.930,105.000,106.750,93649
2008.07.06,00:00,106.800,107.750,105.650,106.360,95871
2008.07.13,00:00,105.980,107.080,103.760,106.940,115266
2008.07.20,00:00,106.870,107.980,106.050,107.890,93363
2008.07.27,00:00,107.800,108.360,107.270,107.740,81476
2008.08.03,00:00,107.660,110.370,107.440,110.200,90328
2008.08.10,00:00,110.310,110.650,108.380,110.510,108462
2008.08.17,00:00,110.530,110.570,108.130,110.040,98926
2008.08.24,00:00,110.090,110.290,108.420,108.810,54672
2008.08.31,00:00,108.390,109.170,105.520,107.200,65037
2008.09.07,00:00,108.660,109.080,106.060,107.870,76201
2008.09.14,00:00,105.510,108.010,103.540,107.250,119668
2008.09.21,00:00,106.800,107.160,105.020,106.140,72765
2008.09.28,00:00,106.090,106.950,103.520,105.150,76614
2008.10.05,00:00,104.910,105.150,97.870,100.240,146752
2008.10.12,00:00,100.770,103.080,99.250,101.470,103101
2008.10.19,00:00,101.510,102.420,90.890,94.620,80578
2008.10.26,00:00,92.630,99.700,91.890,98.470,139439
2008.11.02,00:00,98.640,100.570,96.750,98.290,66099
2008.11.09,00:00,99.280,99.460,94.460,97.090,249349
2008.11.16,00:00,95.920,97.540,93.560,95.930,95174
2008.11.23,00:00,95.810,97.410,94.610,95.530,58917
2008.11.30,00:00,95.510,95.560,91.590,92.980,54548
2008.12.07,00:00,92.820,93.890,88.380,91.060,44360
2008.12.14,00:00,91.350,91.370,87.160,89.070,30594
2008.12.21,00:00,89.080,90.970,89.080,90.640,11339
2008.12.28,00:00,90.650,92.390,89.730,92.240,13185
2009.01.04,00:00,92.090,94.630,90.160,90.230,30197
2009.01.11,00:00,90.200,90.900,88.440,90.590,27437
2009.01.18,00:00,90.970,91.280,87.130,88.830,36331
2009.01.25,00:00,88.810,90.710,88.260,89.820,35886
2009.02.01,00:00,90.000,92.230,88.590,92.000,32377
2009.02.08,00:00,91.960,92.390,89.690,91.970,36669
2009.02.15,00:00,91.700,94.460,91.420,93.020,86320
2009.02.22,00:00,93.500,98.700,92.770,97.600,52933
2009.03.01,00:00,97.770,99.690,96.590,98.290,53310
2009.03.08,00:00,98.390,99.190,95.670,98.000,47852
2009.03.15,00:00,98.060,98.960,93.540,95.940,51214
2009.03.22,00:00,95.520,98.860,95.500,97.850,54388
2009.03.29,00:00,98.060,100.360,95.970,100.270,56329
2009.04.05,00:00,100.230,101.440,99.320,100.300,47876
2009.04.12,00:00,100.330,100.710,98.140,99.250,115802
2009.04.19,00:00,99.240,99.420,96.640,97.090,60428
2009.04.26,00:00,96.770,99.570,95.620,99.280,55484
2009.05.03,00:00,99.270,99.680,97.960,98.460,46399
2009.05.10,00:00,98.550,98.830,94.700,95.100,55730
2009.05.17,00:00,94.860,96.690,93.840,94.780,59319
2009.05.24,00:00,94.630,97.230,94.410,95.270,48809
2009.05.31,00:00,95.210,98.930,94.440,98.890,60141
2009.06.07,00:00,98.590,98.850,97.080,98.370,51292
2009.06.14,00:00,98.400,98.570,95.510,96.180,49056
2009.06.21,00:00,96.190,96.560,94.870,95.190,46944
2009.06.28,00:00,95.160,96.980,95.140,96.080,36744
2009.07.05,00:00,96.130,96.130,91.770,92.400,57488
2009.07.12,00:00,92.380,94.460,91.730,94.350,52980
2009.07.19,00:00,94.300,95.290,93.090,94.740,47039
2009.07.26,00:00,94.820,95.870,94.010,94.610,53323
2009.08.02,00:00,94.750,97.780,94.360,97.500,69171
2009.08.09,00:00,97.680,97.730,94.430,94.900,86663
2009.08.16,00:00,94.750,95.280,93.420,94.390,78225
2009.08.23,00:00,94.450,95.060,93.210,93.600,73240
2009.08.30,00:00,93.450,93.550,91.940,93.000,69745
2009.09.06,00:00,92.970,93.290,90.210,90.680,56416
2009.09.13,00:00,90.390,91.630,90.120,91.310,66305
2009.09.20,00:00,91.310,92.530,89.510,89.630,64162
2009.09.27,00:00,89.600,90.400,88.230,89.780,70871
2009.10.04,00:00,89.420,89.970,88.010,89.750,70721
2009.10.11,00:00,89.530,91.316,88.830,90.890,54207
2009.10.18,00:00,91.010,92.117,90.073,92.054,133652
2009.10.25,00:00,92.114,92.321,89.913,90.082,116306
2009.11.01,00:00,89.951,91.318,89.607,89.864,104942
2009.11.08,00:00,89.989,90.610,89.283,89.644,85470
2009.11.15,00:00,89.550,89.703,88.638,88.860,81279
2009.11.22,00:00,88.897,89.184,84.807,86.607,101706
2009.11.29,00:00,86.652,90.775,85.860,90.193,104285
2009.12.06,00:00,90.180,90.376,87.364,88.949,108843
2009.12.13,00:00,88.950,90.906,88.318,90.421,95459
2009.12.20,00:00,90.294,91.867,90.241,91.539,48595
2009.12.27,00:00,91.407,93.135,91.407,93.008,44990
2010.01.03,00:00,92.955,93.764,91.248,92.663,83641
2010.01.10,00:00,92.607,92.658,90.601,90.759,78605
2010.01.17,00:00,90.743,91.865,89.802,89.815,81021
2010.01.24,00:00,89.922,90.921,89.134,90.249,123783
2010.01.31,00:00,89.966,91.268,88.545,89.253,79793
2010.02.07,00:00,89.351,90.416,89.141,89.953,77232
2010.02.14,00:00,90.009,92.141,89.705,91.500,78995
2010.02.21,00:00,91.499,91.900,88.742,88.846,76008
2010.02.28,00:00,88.890,90.585,88.139,90.268,69349
2010.03.07,00:00,90.389,91.080,89.628,90.545,66090
2010.03.14,00:00,90.717,90.801,89.757,90.489,153130
2010.03.21,00:00,90.484,92.952,89.830,92.449,73524
2010.03.28,00:00,92.408,94.690,92.123,94.598,76613
2010.04.04,00:00,94.705,94.775,92.830,93.170,76668
2010.04.11,00:00,92.931,93.720,91.899,92.142,88569
2010.04.18,00:00,91.819,94.323,91.595,93.946,84245
2010.04.25,00:00,94.029,94.579,92.809,93.845,90100
2010.05.02,00:00,93.878,94.977,87.948,91.583,171531
2010.05.09,00:00,92.371,93.632,91.801,92.454,147444
2010.05.16,00:00,92.251,92.961,88.962,90.022,204476
2010.05.23,00:00,90.299,91.405,89.263,91.053,165817
2010.05.30,00:00,90.991,92.875,90.538,91.887,126320
2010.06.06,00:00,91.879,92.075,90.831,91.643,126626
2010.06.13,00:00,91.776,92.109,90.447,90.690,83188
2010.06.20,00:00,90.287,91.474,89.213,89.228,85623
2010.06.27,00:00,89.258,89.460,86.957,87.737,91329
2010.07.04,00:00,87.698,88.694,87.021,88.601,139904
2010.07.11,00:00,88.691,89.146,86.258,86.563,251287
2010.07.18,00:00,86.497,87.568,86.339,87.457,157587
2010.07.25,00:00,87.475,88.114,85.937,86.450,93904
2010.08.01,00:00,86.331,86.879,85.022,85.492,76872
2010.08.08,00:00,85.336,86.369,84.727,86.185,74903
2010.08.15,00:00,86.166,86.225,84.889,85.607,63769
2010.08.22,00:00,85.571,85.687,83.592,85.214,82528
2010.08.29,00:00,85.388,85.900,83.664,84.375,74017
2010.09.05,00:00,84.369,84.492,83.331,84.156,70764
2010.09.12,00:00,84.228,85.925,82.874,85.848,83160
2010.09.19,00:00,85.722,85.800,84.112,84.209,72932
2010.09.26,00:00,84.259,84.385,83.153,83.217,69397
2010.10.03,00:00,83.243,83.977,81.721,81.907,92673
2010.10.10,00:00,81.958,82.348,80.878,81.450,79789
2010.10.17,00:00,81.334,81.916,80.842,81.364,92590
2010.10.24,00:00,81.287,81.977,80.372,80.372,94725
2010.10.31,00:00,80.303,81.581,80.242,81.254,103301
2010.11.07,00:00,81.218,82.792,80.527,82.514,185290
2010.11.14,00:00,82.469,83.777,82.393,83.530,151969
2010.11.21,00:00,83.486,84.179,82.778,84.050,93187
2010.11.28,00:00,83.987,84.398,82.520,82.522,156139
2010.12.05,00:00,82.674,84.297,82.337,83.939,151650
2010.12.12,00:00,83.990,84.507,82.836,83.966,180682
2010.12.19,00:00,83.930,83.937,82.853,82.873,97296
2010.12.26,00:00,82.806,82.974,80.937,81.121,113814
2011.01.02,00:00,81.222,83.674,80.885,83.115,146375
2011.01.09,00:00,83.248,83.485,82.405,82.855,143338
2011.01.16,00:00,82.890,83.118,81.849,82.552,137536
2011.01.23,00:00,82.589,83.208,81.973,82.104,150895
2011.01.30,00:00,82.079,82.464,81.107,82.182,137130
2011.02.06,00:00,82.183,83.667,81.767,83.419,216434
2011.02.13,00:00,83.457,83.970,82.970,83.174,339703
2011.02.20,00:00,83.084,83.530,81.619,81.663,371451
2011.02.27,00:00,81.726,83.045,81.566,82.297,134342
2011.03.06,00:00,82.323,83.291,81.651,81.825,127333
2011.03.13,00:00,81.616,82.459,76.369,80.594,443478
2011.03.20,00:00,80.677,81.491,80.647,81.345,166510
2011.03.27,00:00,81.395,84.733,81.304,84.052,126006
2011.04.03,00:00,84.197,85.518,83.850,84.754,490370
2011.04.10,00:00,84.851,85.153,82.950,83.125,258413
2011.04.17,00:00,83.206,83.256,81.617,81.857,273951
2011.04.24,00:00,81.806,82.783,81.042,81.198,239602
2011.05.01,00:00,81.066,81.687,79.560,80.622,139961
2011.05.08,00:00,80.635,81.328,80.151,80.777,141302
2011.05.15,00:00,80.810,82.225,80.625,81.705,214943
2011.05.22,00:00,81.770,82.207,80.694,80.783,278572
2011.05.29,00:00,80.778,81.768,80.047,80.269,256621
2011.06.05,00:00,80.225,80.454,79.689,80.303,253064
2011.06.12,00:00,80.283,81.055,80.005,80.045,257472
2011.06.19,00:00,80.140,80.791,80.007,80.417,188435
2011.06.26,00:00,80.338,81.265,80.304,80.818,121334
2011.07.03,00:00,80.815,81.473,80.495,80.661,95860
2011.07.10,00:00,80.566,80.828,78.431,79.112,143823
2011.07.17,00:00,79.097,79.311,78.215,78.531,141033
2011.07.24,00:00,78.362,78.697,76.728,76.779,134396
2011.07.31,00:00,77.137,80.230,76.288,78.394,324219
2011.08.07,00:00,78.025,78.462,76.308,76.808,465997
2011.08.14,00:00,76.823,77.096,75.940,76.487,279125
2011.08.21,00:00,76.761,77.694,76.454,76.682,276180
2011.08.28,00:00,76.750,77.237,76.421,76.819,255999
2011.09.04,00:00,76.899,77.857,76.689,77.490,303712
2011.09.11,00:00,77.452,77.583,76.558,76.838,321998
2011.09.18,00:00,76.921,76.978,76.104,76.611,270219
2011.09.25,00:00,76.446,77.197,76.223,77.135,259101
2011.10.02,00:00,77.061,77.258,76.513,76.851,241868
2011.10.09,00:00,76.783,77.485,76.312,77.209,182538
2011.10.16,00:00,77.062,77.453,75.787,76.134,174572
2011.10.23,00:00,76.186,76.481,75.660,75.749,178659
2011.10.30,00:00,75.630,79.533,75.566,78.210,287746
2011.11.06,00:00,78.184,78.186,77.050,77.115,197762
2011.11.13,00:00,77.166,77.495,76.576,76.910,189376
2011.11.20,00:00,76.862,77.789,76.762,77.740,174329
2011.11.27,00:00,77.555,78.282,77.289,77.983,201092
2011.12.04,00:00,78.013,78.107,77.128,77.522,181739
2011.12.11,00:00,77.639,78.159,77.492,77.802,188640
2011.12.18,00:00,77.773,78.223,77.684,78.032,123117
2011.12.25,00:00,77.981,78.036,76.846,76.864,156483
2012.01.01,00:00,76.943,77.335,76.608,76.880,205436
2012.01.08,00:00,76.882,77.040,76.663,76.874,246640
2012.01.15,00:00,76.962,77.320,76.551,76.968,238999
2012.01.22,00:00,76.950,78.282,76.647,76.662,294319
2012.01.29,00:00,76.570,76.738,76.025,76.504,265706
2012.02.05,00:00,76.579,77.805,76.488,77.602,329378
2012.02.12,00:00,77.504,79.610,77.363,79.539,360972
2012.02.19,00:00,79.602,81.213,79.360,81.201,382317
2012.02.26,00:00,81.238,81.871,80.010,81.778,559865
2012.03.04,00:00,81.748,82.645,80.584,82.373,526197
2012.03.11,00:00,82.501,84.179,81.965,83.415,491439
2012.03.18,00:00,83.375,84.095,81.973,82.333,551269
2012.03.25,00:00,82.439,83.383,81.830,82.836,586519
2012.04.01,00:00,82.967,83.304,81.289,81.550,558396
2012.04.08,00:00,81.545,81.861,80.570,80.894,542095
2012.04.15,00:00,80.935,81.779,80.293,81.402,487227
2012.04.22,00:00,81.563,81.692,80.185,80.234,498893
2012.04.29,00:00,80.320,80.612,79.635,79.752,391160
2012.05.06,00:00,79.826,80.078,79.429,79.898,242012
2012.05.13,00:00,79.922,80.552,78.975,78.988,600840
2012.05.20,00:00,79.205,80.151,79.106,79.652,532639
2012.05.27,00:00,79.654,79.697,77.660,77.973,459216
2012.06.03,00:00,78.069,79.794,77.995,79.461,586897
2012.06.10,00:00,79.482,79.746,78.612,78.658,547904
2012.06.17,00:00,78.911,80.567,78.792,80.398,506242
2012.06.24,00:00,80.462,80.620,79.123,79.791,445452
2012.07.01,00:00,79.912,80.094,79.310,79.646,369452
2012.07.08,00:00,79.641,79.963,79.070,79.150,299453
2012.07.15,00:00,79.232,79.245,78.429,78.444,319471
2012.07.22,00:00,78.446,78.676,77.941,78.451,313962
2012.07.29,00:00,78.492,78.772,77.908,78.464,262755
2012.08.05,00:00,78.602,78.791,78.142,78.251,333166
2012.08.12,00:00,78.276,79.575,78.162,79.548,188373
2012.08.19,00:00,79.557,79.658,78.309,78.638,113572
2012.08.26,00:00,78.654,78.842,78.189,78.379,101854
2012.09.02,00:00,78.330,79.033,78.013,78.177,99916
2012.09.09,00:00,78.222,78.390,77.140,78.380,127496
2012.09.16,00:00,78.344,79.215,78.018,78.117,136672
2012.09.23,00:00,78.128,78.161,77.434,77.941,101574
2012.09.30,00:00,77.964,78.871,77.789,78.648,105237
2012.10.07,00:00,78.656,78.758,77.945,78.421,93473
2012.10.14,00:00,78.424,79.460,78.328,79.272,109141
2012.10.21,00:00,79.278,80.375,79.214,79.622,112812
2012.10.28,00:00,79.633,80.670,79.274,80.391,92288
2012.11.04,00:00,80.436,80.559,79.074,79.479,112261
2012.11.11,00:00,79.460,81.458,79.208,81.299,112356
2012.11.18,00:00,81.361,82.834,81.085,82.385,124126
2012.11.25,00:00,82.359,82.746,81.685,82.471,128071
2012.12.02,00:00,82.386,82.824,81.717,82.486,116276
2012.12.09,00:00,82.523,83.959,82.114,83.492,125705
2012.12.16,00:00,84.320,84.613,83.611,84.242,155145
2012.12.23,00:00,84.363,86.628,84.321,85.864,99940
2012.12.30,00:00,85.691,88.404,85.678,88.147,117777
2013.01.06,00:00,88.114,89.444,86.821,89.177,203536
2013.01.13,00:00,89.301,90.199,87.793,90.077,247540
2013.01.20,00:00,90.087,91.192,88.058,90.858,231970
2013.01.27,00:00,91.044,92.955,90.325,92.824,219694
2013.02.03,00:00,92.738,94.054,91.975,92.655,236525
2013.02.10,00:00,92.697,94.455,92.224,93.491,156887
2013.02.17,00:00,93.693,94.188,92.784,93.378,115064
2013.02.24,00:00,94.463,94.482,90.898,93.563,214001
2013.03.03,00:00,93.609,96.551,92.913,95.987,197716
2013.03.10,00:00,96.044,96.708,95.078,95.265,203879
2013.03.17,00:00,94.598,96.133,94.196,94.517,238586
2013.03.24,00:00,94.506,94.962,93.527,94.211,192055
2013.03.31,00:00,94.233,97.830,92.567,97.524,233600
2013.04.07,00:00,98.267,99.946,98.071,98.409,253340
2013.04.14,00:00,98.336,99.684,95.789,99.518,288940
2013.04.21,00:00,99.778,99.884,97.557,98.079,243627
2013.04.28,00:00,97.967,99.269,97.007,99.010,190415
2013.05.05,00:00,99.137,101.982,98.582,101.608,200895
2013.05.12,00:00,101.786,103.306,101.264,103.223,226932
2013.05.19,00:00,102.633,103.734,100.749,101.283,273889
2013.05.26,00:00,101.022,102.525,100.221,100.454,266280
2013.06.02,00:00,100.546,100.722,94.982,97.491,317157
2013.06.09,00:00,97.765,99.283,93.788,94.107,346216
2013.06.16,00:00,94.183,98.285,94.178,97.868,297647
2013.06.23,00:00,97.973,99.448,96.960,99.166,287500
2013.06.30,00:00,99.209,101.229,99.176,101.200,227097
2013.07.07,00:00,101.281,101.531,98.249,99.177,252956
2013.07.14,00:00,99.302,100.863,98.895,100.612,219592
2013.07.21,00:00,100.386,100.618,97.959,98.265,237544
2013.07.28,00:00,98.289,99.942,97.589,98.907,231778
2013.08.04,00:00,98.981,99.149,95.806,96.212,222113
2013.08.11,00:00,96.290,98.649,95.922,97.565,213036
2013.08.18,00:00,97.623,99.147,96.909,98.680,213401
2013.08.25,00:00,98.610,98.841,96.816,98.103,196379
2013.09.01,00:00,98.290,100.223,98.274,99.098,203157
2013.09.08,00:00,99.780,100.608,99.013,99.348,206328
2013.09.15,00:00,98.833,99.666,97.763,99.369,196070
2013.09.22,00:00,99.274,99.357,98.095,98.256,185838
2013.09.29,00:00,97.782,98.726,96.931,97.475,223113
2013.10.06,00:00,97.286,98.594,96.569,98.553,198647
2013.10.13,00:00,98.213,99.002,97.557,97.768,175264
2013.10.20,00:00,97.951,98.483,96.944,97.374,171677
2013.10.27,00:00,97.666,98.847,97.443,98.685,168009
2013.11.03,00:00,98.822,99.410,97.616,99.074,160878
2013.11.10,00:00,99.173,100.433,98.923,100.162,173994
2013.11.17,00:00,100.257,101.352,99.571,101.258,190995
2013.11.24,00:00,101.261,102.608,101.140,102.388,174139
2013.12.01,00:00,102.500,103.378,101.623,102.848,219221
2013.12.08,00:00,103.016,103.921,102.155,103.215,195672
2013.12.15,00:00,103.212,104.633,102.502,104.063,190431
2013.12.22,00:00,103.985,105.182,103.772,105.165,89884
2013.12.29,00:00,105.196,105.441,104.074,104.839,110588
2014.01.05,00:00,104.829,105.345,103.827,104.169,206156
2014.01.12,00:00,103.985,104.921,102.855,104.282,193862
2014.01.19,00:00,104.211,104.839,101.999,102.269,215782
2014.01.26,00:00,102.226,103.442,101.768,102.063,264702
2014.02.02,00:00,101.933,102.578,100.756,102.316,252833
2014.02.09,00:00,102.528,102.701,101.569,101.779,187588
2014.02.16,00:00,101.629,102.827,101.384,102.489,184415
2014.02.23,00:00,102.472,102.682,101.554,101.784,193248
2014.03.02,00:00,101.483,103.757,101.199,103.222,188934
2014.03.09,00:00,103.141,103.425,101.207,101.341,197729
2014.03.16,00:00,101.392,102.680,101.278,102.250,175187
2014.03.23,00:00,102.244,102.977,101.725,102.818,165409
2014.03.30,00:00,103.930,104.127,103.197,103.263,83300
2014.04.06,00:00,103.288,103.389,101.322,101.605,196727
2014.04.13,00:00,101.581,102.566,101.416,102.375,142074
2014.04.20,00:00,102.432,102.722,101.961,102.193,124219
2014.04.27,00:00,102.179,103.017,102.030,102.193,136570
2014.05.04,00:00,102.151,102.257,101.431,101.778,144781
2014.05.11,00:00,101.864,102.361,101.313,101.413,150142
2014.05.18,00:00,101.539,102.005,100.823,101.877,153642
2014.05.25,00:00,101.895,102.140,101.428,101.727,124314
2014.06.01,00:00,101.855,102.795,101.754,102.448,149499
2014.06.08,00:00,102.457,102.647,101.605,101.990,138739
2014.06.15,00:00,102.037,102.328,101.721,102.023,123302
2014.06.22,00:00,102.054,102.166,101.314,101.381,112737
2014.06.29,00:00,101.369,102.266,101.238,102.039,105391
2014.07.06,00:00,102.025,102.200,101.066,101.332,109486
2014.07.13,00:00,101.373,101.792,101.087,101.305,108749
2014.07.20,00:00,101.308,101.938,101.196,101.786,90778
2014.07.27,00:00,101.784,103.082,101.748,102.563,133344
2014.08.03,00:00,102.551,102.924,101.510,101.998,136818
2014.08.10,00:00,102.169,102.716,102.022,102.319,101070
2014.08.17,00:00,102.316,104.193,102.247,103.893,108788
2014.08.24,00:00,104.235,104.273,103.555,104.008,106823
2014.08.31,00:00,104.180,105.705,104.101,105.051,131856
2014.09.07,00:00,105.011,107.392,104.991,107.308,174691
2014.09.14,00:00,107.153,109.457,106.811,109.004,177637
2014.09.21,00:00,109.032,109.535,108.251,109.274,194845
2014.09.28,00:00,109.301,110.081,108.008,109.730,225257
2014.10.05,00:00,109.711,109.848,107.528,107.604,256478
2014.10.12,00:00,107.523,107.607,105.195,106.848,286744
2014.10.19,00:00,107.199,108.352,106.249,108.145,208164
2014.10.26,00:00,108.247,112.473,107.605,112.324,228750
2014.11.02,00:00,112.696,115.570,112.574,114.601,289749
2014.11.09,00:00,114.518,116.823,113.857,116.287,275060
2014.11.16,00:00,116.472,118.978,115.458,117.813,298152
2014.11.23,00:00,117.838,118.773,117.235,118.602,230063
2014.11.30,00:00,118.760,121.685,117.863,121.449,270568
2014.12.07,00:00,121.588,121.845,117.442,118.775,351707
2014.12.14,00:00,118.663,119.623,115.562,119.464,374329
2014.12.21,00:00,119.526,120.824,119.312,120.326,171063
2014.12.28,00:00,120.350,120.740,118.862,120.438,195334
2015.01.04,00:00,120.497,120.645,118.054,118.494,367218
2015.01.11,00:00,118.317,119.317,115.852,117.547,408009
2015.01.18,00:00,117.453,118.865,116.921,117.731,366886
2015.01.25,00:00,117.515,118.658,117.263,117.527,331484
2015.02.01,00:00,116.941,119.219,116.876,119.089,299489
2015.02.08,00:00,119.019,120.481,118.333,118.695,274241
2015.02.15,00:00,118.462,119.415,118.235,119.009,241627
2015.02.22,00:00,119.031,119.837,118.626,119.575,227505
2015.03.01,00:00,119.689,121.280,119.379,120.707,244676
2015.03.08,00:00,120.805,122.023,120.611,121.415,301485
2015.03.15,00:00,121.431,121.518,119.288,120.017,271627
2015.03.22,00:00,119.835,120.163,118.329,119.108,276560
2015.03.29,00:00,119.207,120.364,118.720,118.927,215928
2015.04.05,00:00,118.859,120.737,118.797,120.173,202458
2015.04.12,00:00,120.316,120.843,118.568,118.896,240210
2015.04.19,00:00,118.992,120.092,118.530,118.925,236326
2015.04.26,00:00,118.856,120.286,118.496,120.170,224736
2015.05.03,00:00,120.221,120.504,119.054,119.770,209662
2015.05.10,00:00,119.633,120.275,118.886,119.358,219666
2015.05.17,00:00,119.239,121.569,119.213,121.499,524528
2015.05.24,00:00,121.493,124.460,121.445,124.111,610267
2015.05.31,00:00,124.075,125.855,123.750,125.575,700453
2015.06.07,00:00,125.567,125.676,122.457,123.348,705175
2015.06.14,00:00,123.207,124.441,122.451,122.631,558615
2015.06.21,00:00,122.939,124.375,122.560,123.808,535294
2015.06.28,00:00,122.703,123.712,121.936,122.823,643913
2015.07.05,00:00,121.881,122.930,120.411,122.839,743360
2015.07.12,00:00,122.185,124.232,122.185,124.053,529107
2015.07.19,00:00,124.019,124.476,123.569,123.768,492514
2015.07.26,00:00,123.731,124.580,123.009,123.874,567411
2015.08.02,00:00,123.851,125.072,123.798,124.201,534362
2015.08.09,00:00,124.111,125.279,123.786,124.313,570858
2015.08.16,00:00,124.285,124.573,121.814,122.022,568573
2015.08.23,00:00,121.869,122.022,116.137,121.695,1115147
2015.08.30,00:00,121.617,121.635,118.574,119.025,833773
2015.09.06,00:00,118.917,121.326,118.798,120.573,770339
2015.09.13,00:00,120.488,120.987,119.052,119.954,742076
2015.09.20,00:00,120.099,121.232,119.223,120.543,812783
2015.09.27,00:00,120.501,120.586,118.681,119.874,852218
2015.10.04,00:00,119.983,120.566,119.623,120.270,692687
2015.10.11,00:00,120.165,120.260,118.061,119.406,566861
2015.10.18,00:00,119.327,121.478,119.136,121.418,567431
2015.10.25,00:00,121.469,121.485,120.017,120.583,713516
2015.11.01,00:00,120.343,123.264,120.255,123.118,600113
2015.11.08,00:00,123.265,123.600,122.428,122.578,563188
2015.11.15,00:00,122.229,123.752,122.223,122.784,598434
2015.11.22,00:00,122.856,123.257,122.256,122.811,544528
2015.11.29,00:00,122.805,123.665,122.295,123.087,624273
2015.12.06,00:00,123.188,123.472,120.576,120.927,684659
2015.12.13,00:00,121.038,123.561,120.341,121.097,782947
2015.12.20,00:00,121.208,121.502,120.247,120.404,347021
2015.12.27,00:00,120.155,120.650,120.000,120.295,236094
2016.01.03,00:00,120.184,120.459,117.315,117.360,794249
2016.01.10,00:00,117.182,118.375,116.505,116.952,872326
2016.01.17,00:00,116.680,118.874,115.968,118.742,906631
2016.01.24,00:00,118.618,121.685,117.649,121.117,835761
2016.01.31,00:00,121.316,121.481,116.273,116.796,930430
2016.02.07,00:00,116.922,117.522,110.972,113.168,1198375
2016.02.14,00:00,113.372,114.871,112.304,112.562,895257
2016.02.21,00:00,112.542,113.988,111.043,113.962,817301
2016.02.28,00:00,113.960,114.550,112.153,113.772,747034
2016.03.06,00:00,113.916,114.443,112.220,113.785,660682
2016.03.13,00:00,113.901,114.130,110.664,111.540,655735
2016.03.20,00:00,111.523,113.315,111.213,113.027,491273
2016.03.27,00:00,113.149,113.800,111.581,111.597,533624
2016.04.03,00:00,111.588,111.791,107.663,108.046,701918
2016.04.10,00:00,107.976,109.726,107.630,108.742,579911
2016.04.17,00:00,108.164,111.801,107.832,111.786,681083
2016.04.24,00:00,111.842,111.880,106.272,106.281,870251
2016.05.01,00:00,106.220,107.493,105.544,107.098,701580
2016.05.08,00:00,107.056,109.552,107.034,108.599,575653
2016.05.15,00:00,108.612,110.583,108.459,110.096,553661
2016.05.22,00:00,110.106,110.445,109.103,110.218,546288
2016.05.29,00:00,110.404,111.441,106.505,106.536,603269
2016.06.05,00:00,106.559,107.898,106.253,106.909,689196
2016.06.12,00:00,106.795,106.846,103.538,104.138,782100
2016.06.19,00:00,104.692,106.765,98.973,102.197,700562
2016.06.26,00:00,101.526,103.371,101.398,102.552,762857
2016.07.03,00:00,102.594,102.800,99.982,100.567,642384
2016.07.10,00:00,100.585,106.310,100.525,104.802,579691
2016.07.17,00:00,105.329,107.486,105.266,106.010,552360
2016.07.24,00:00,106.112,106.720,101.967,102.008,653332
2016.07.31,00:00,102.228,102.826,100.675,101.790,556770
2016.08.07,00:00,101.964,102.651,100.822,101.266,519673
2016.08.14,00:00,101.122,101.452,99.526,100.172,469223
2016.08.21,00:00,100.766,101.939,99.933,101.784,424572
2016.08.28,00:00,101.929,104.316,101.747,103.872,594091
2016.09.04,00:00,104.076,104.129,101.194,102.642,567890
2016.09.11,00:00,102.586,103.352,101.414,102.242,652870
2016.09.18,00:00,102.135,102.778,100.094,101.005,709442
2016.09.25,00:00,101.057,101.836,100.078,101.277,738602
2016.10.02,00:00,101.194,104.158,101.176,102.894,656678
2016.10.09,00:00,103.236,104.630,102.804,104.181,731627
2016.10.16,00:00,104.345,104.369,103.158,103.820,543603
2016.10.23,00:00,103.815,105.521,103.716,104.663,576580
2016.10.30,00:00,104.593,105.225,102.537,103.078,714997
2016.11.06,00:00,103.952,106.946,101.184,106.586,1019368
2016.11.13,00:00,106.853,110.947,106.722,110.857,876030
2016.11.20,00:00,110.931,113.893,110.258,113.161,790708
2016.11.27,00:00,112.796,114.824,111.352,113.487,951790
2016.12.04,00:00,113.254,115.362,112.820,115.157,856727
2016.12.11,00:00,115.408,118.656,114.716,117.903,964176
2016.12.18,00:00,117.946,118.238,116.542,117.240,724830
2016.12.25,00:00,117.267,117.808,116.033,116.990,663431
2017.01.01,00:00,116.943,118.600,115.061,116.918,832986
2017.01.08,00:00,117.007,117.529,113.747,114.425,1010922
2017.01.15,00:00,114.298,115.614,112.544,114.567,980198
2017.01.22,00:00,114.247,115.373,112.515,115.066,926652
2017.01.29,00:00,114.844,114.945,112.050,112.550,1031942
2017.02.05,00:00,112.428,113.854,111.587,113.220,839215
2017.02.12,00:00,113.467,114.952,112.615,112.894,748554
2017.02.19,00:00,112.875,113.775,111.932,112.143,681386
2017.02.26,00:00,112.123,114.747,111.685,114.021,897054
2017.03.05,00:00,113.887,115.499,113.556,114.776,808401
2017.03.12,00:00,114.745,115.190,112.558,112.680,790216
2017.03.19,00:00,112.625,112.892,110.620,111.240,860257
2017.03.26,00:00,111.016,112.195,110.106,111.372,764117
2017.04.02,00:00,111.373,111.582,110.125,111.071,766611
2017.04.09,00:00,111.063,111.574,108.541,108.563,911417
2017.04.16,00:00,108.739,109.482,108.126,109.025,649477
2017.04.23,00:00,110.460,111.773,109.589,111.507,726367
2017.04.30,00:00,111.316,113.044,111.201,112.707,537296
2017.05.07,00:00,112.944,114.363,112.391,113.326,549437
2017.05.14,00:00,113.169,113.849,110.231,111.242,714131
2017.05.21,00:00,111.048,112.123,110.856,111.308,561855
2017.05.28,00:00,111.208,111.705,110.325,110.412,551513
2017.06.04,00:00,110.359,110.805,109.111,110.307,562874
2017.06.11,00:00,110.302,111.412,108.809,110.822,602292
2017.06.18,00:00,110.876,111.781,110.706,111.275,545392
2017.06.25,00:00,111.184,112.920,111.143,112.376,662766
2017.07.02,00:00,112.107,114.173,112.087,113.860,649909
2017.07.09,00:00,113.897,114.488,112.261,112.507,607077
2017.07.16,00:00,112.457,112.861,111.004,111.081,664318
2017.07.23,00:00,111.095,112.192,110.541,110.662,762617
2017.07.30,00:00,110.634,111.043,109.828,110.662,760465
2017.08.06,00:00,110.689,110.912,108.714,109.162,689105
2017.08.13,00:00,109.151,110.941,108.595,109.179,807957
2017.08.20,00:00,109.344,109.834,108.629,109.321,598300
2017.08.27,00:00,109.175,110.665,108.259,110.232,719866
2017.09.03,00:00,109.496,109.923,107.313,107.824,791060
2017.09.10,00:00,108.164,111.328,108.083,110.822,671331
2017.09.17,00:00,111.052,112.712,110.988,111.982,677978
2017.09.24,00:00,112.146,113.252,111.470,112.470,721700
2017.10.01,00:00,112.640,113.434,112.317,112.630,642736
2017.10.08,00:00,112.572,112.824,111.682,111.836,616304
2017.10.15,00:00,111.746,113.565,111.649,113.491,629183
2017.10.22,00:00,113.860,114.448,113.239,113.664,790359
2017.10.29,00:00,113.716,114.423,112.954,114.041,674808
2017.11.05,00:00,114.000,114.733,113.086,113.482,664520
2017.11.12,00:00,113.490,113.905,111.940,112.133,633652
2017.11.19,00:00,112.112,112.713,111.063,111.492,578630
2017.11.26,00:00,111.484,112.870,110.837,112.166,774170
2017.12.03,00:00,112.782,113.588,111.990,113.458,729113
2017.12.10,00:00,113.526,113.749,112.030,112.592,608193
2017.12.17,00:00,112.714,113.633,112.307,113.244,561860
2017.12.24,00:00,113.325,113.377,112.467,112.657,431096
2017.12.31,00:00,112.662,113.303,112.049,113.009,407256
2018.01.07,00:00,113.114,113.382,110.909,111.005,669211
2018.01.14,00:00,111.081,111.476,110.188,110.806,724239
2018.01.21,00:00,110.524,111.220,108.281,108.623,801741
2018.01.28,00:00,108.682,110.479,108.410,110.133,891921
2018.02.04,00:00,110.196,110.287,108.041,108.755,1578411
2018.02.11,00:00,108.840,108.885,105.541,106.262,961194
2018.02.18,00:00,106.296,107.898,106.089,106.830,718113
2018.02.25,00:00,107.015,107.670,105.243,105.701,830688
2018.03.04,00:00,105.473,107.041,105.344,106.795,816974
2018.03.11,00:00,106.772,107.286,105.597,105.950,678491
2018.03.18,00:00,105.988,106.633,104.629,104.684,815071
2018.03.25,00:00,104.691,107.007,104.687,106.244,757261
2018.04.01,00:00,106.200,107.487,105.654,106.918,751492
2018.04.08,00:00,106.927,107.774,106.610,107.335,709665
2018.04.15,00:00,107.443,107.852,106.877,107.624,583249
2018.04.22,00:00,107.761,109.532,107.654,109.033,651968
2018.04.29,00:00,109.059,110.030,108.641,109.057,560267
2018.05.06,00:00,109.108,110.013,108.753,109.363,559240
2018.05.13,00:00,109.304,111.076,109.204,110.744,567828
2018.05.20,00:00,110.854,111.390,108.950,109.375,650483
2018.05.27,00:00,109.742,109.822,108.108,109.502,812230
2018.06.03,00:00,109.452,110.261,109.193,109.518,649766
2018.06.10,00:00,109.303,110.899,109.295,110.641,607184
2018.06.17,00:00,110.697,110.753,109.545,109.974,606669
2018.06.24,00:00,109.887,110.937,109.362,110.676,559888
2018.07.01,00:00,110.616,111.129,110.263,110.445,514615
2018.07.08,00:00,110.394,112.795,110.346,112.324,474215
2018.07.15,00:00,112.196,113.172,111.376,111.437,524293
2018.07.22,00:00,111.382,111.538,110.582,110.983,477477
2018.07.29,00:00,110.920,112.145,110.710,111.254,447605
2018.08.05,00:00,111.205,111.519,110.505,110.924,359393
2018.08.12,00:00,110.448,111.426,110.105,110.488,467085
2018.08.19,00:00,110.577,111.481,109.769,111.245,358014
2018.08.26,00:00,111.317,111.823,110.680,111.087,385817
2018.09.02,00:00,111.016,111.753,110.375,111.055,411258
2018.09.09,00:00,111.023,112.164,110.845,112.054,332320
2018.09.16,00:00,111.998,112.868,111.659,112.519,371770
2018.09.23,00:00,112.410,113.706,112.389,113.672,353922
2018.09.30,00:00,113.705,114.542,113.516,113.704,421751
2018.10.07,00:00,113.747,113.936,111.824,112.200,617613
2018.10.14,00:00,112.120,112.721,111.616,112.498,573083
2018.10.21,00:00,112.570,112.877,111.368,111.872,682377
2018.10.28,00:00,111.859,113.377,111.768,113.182,569702
2018.11.04,00:00,113.145,114.079,112.939,113.760,454647
2018.11.11,00:00,113.832,114.199,112.635,112.828,530111
2018.11.18,00:00,112.745,113.139,112.297,112.884,428307
2018.11.25,00:00,112.890,114.028,112.867,113.442,398929
2018.12.02,00:00,113.580,113.814,112.226,112.687,507481
2018.12.09,00:00,112.642,113.703,112.235,113.380,533915
2018.12.16,00:00,113.348,113.515,110.807,111.199,677514
2018.12.23,00:00,110.945,111.403,110.137,110.258,606918
2018.12.30,00:00,110.268,110.470,106.430,108.516,588772
2019.01.06,00:00,108.479,109.082,107.764,108.544,550548
2019.01.13,00:00,108.497,109.886,107.981,109.766,504208
2019.01.20,00:00,109.695,109.994,109.141,109.538,426077
2019.01.27,00:00,109.536,109.739,108.492,109.522,433490
2019.02.03,00:00,109.504,110.157,109.428,109.741,363265
2019.02.10,00:00,109.737,111.124,109.736,110.455,380504
2019.02.17,00:00,110.438,110.945,110.435,110.640,362074
2019.02.24,00:00,110.647,112.073,110.347,111.892,355563
2019.03.03,00:00,111.848,112.132,110.774,111.145,354804
2019.03.10,00:00,111.136,111.896,110.873,111.428,333877
2019.03.17,00:00,111.465,111.688,109.735,109.901,348118
2019.03.24,00:00,109.990,110.943,109.701,110.824,453495
2019.03.31,00:00,110.945,111.816,110.844,111.684,300071
2019.04.07,00:00,111.695,112.087,110.838,111.993,278201
2019.04.14,00:00,111.945,112.158,111.756,111.902,308194
2019.04.21,00:00,111.825,112.395,111.364,111.510,271106
2019.04.28,00:00,111.533,111.894,111.042,111.076,240136
2019.05.05,00:00,110.628,110.953,109.465,109.945,456905
2019.05.12,00:00,109.763,110.188,109.014,110.034,408011
2019.05.19,00:00,110.085,110.668,109.268,109.280,374192
2019.05.26,00:00,109.290,109.922,108.273,108.274,431712
2019.06.02,00:00,108.286,108.612,107.809,108.155,503022
2019.06.09,00:00,108.447,108.795,108.153,108.550,419388
2019.06.16,00:00,108.478,108.720,107.042,107.300,486974
2019.06.23,00:00,107.303,108.155,106.772,107.897,406452
2019.06.30,00:00,108.155,108.631,107.527,108.455,295951
2019.07.07,00:00,108.387,108.985,107.796,107.886,279954
2019.07.14,00:00,107.912,108.371,107.205,107.683,302399
2019.07.21,00:00,107.747,108.820,107.694,108.662,279422
2019.07.28,00:00,108.622,109.311,106.503,106.595,451820
2019.08.04,00:00,106.522,107.083,105.261,105.629,689806
2019.08.11,00:00,105.577,106.971,105.043,106.342,583407
2019.08.18,00:00,106.246,106.728,105.249,105.365,452738
2019.08.25,00:00,104.988,106.676,104.444,106.250,660140
2019.09.01,00:00,106.190,106.250,106.180,106.220,220
2019.09.08,00:00,106.838,108.254,106.755,108.050,432231
2019.09.15,00:00,107.548,108.471,107.490,107.547,487475
2019.09.22,00:00,107.703,108.175,106.954,107.925,491018
2019.09.29,00:00,107.965,108.466,106.473,106.901,471482
2019.10.06,00:00,106.674,108.624,106.646,108.434,526868
2019.10.13,00:00,108.309,108.933,108.026,108.375,449341
2019.10.20,00:00,108.427,108.768,108.243,108.667,337673
2019.10.27,00:00,108.709,109.281,107.880,108.160,313408
2019.11.03,00:00,108.217,109.482,108.187,109.205,321102
2019.11.10,00:00,109.205,109.287,108.228,108.757,276776
2019.11.17,00:00,108.784,109.066,108.271,108.620,333184
2019.11.24,00:00,108.646,109.663,108.606,109.464,259161
2019.12.01,00:00,109.509,109.722,108.422,108.531,326501
2019.12.08,00:00,108.625,109.702,108.425,109.341,316278
2019.12.15,00:00,109.251,109.681,109.176,109.435,208992
2019.12.22,00:00,109.422,109.680,109.321,109.408,166003
2019.12.29,00:00,109.395,109.480,107.835,108.085,223643
2020.01.05,00:00,107.884,109.685,107.645,109.457,387867
2020.01.12,00:00,109.514,110.284,109.497,110.130,235369
2020.01.19,00:00,110.072,110.216,109.166,109.251,273862
2020.01.26,00:00,108.950,109.260,108.303,108.321,425133
2020.02.02,00:00,108.392,110.016,108.305,109.762,394900
2020.02.09,00:00,109.667,110.130,109.555,109.765,321606
2020.02.16,00:00,109.789,112.218,109.651,111.584,414477
2020.02.23,00:00,111.376,111.677,107.504,108.022,1089113
2020.03.01,00:00,107.609,108.572,104.987,105.352,1134970
2020.03.08,00:00,104.416,108.495,101.174,107.968,1519241
2020.03.15,00:00,106.973,111.497,105.129,110.766,1892251
2020.03.22,00:00,110.749,111.706,107.738,107.940,1380698
2020.03.29,00:00,107.679,108.723,106.917,108.352,824613
2020.04.05,00:00,108.342,109.378,108.205,108.355,534889
2020.04.12,00:00,108.351,108.521,106.924,107.505,400563
2020.04.19,00:00,107.483,108.040,107.277,107.447,370750
2020.04.26,00:00,107.538,107.619,106.356,106.897,430144
2020.05.03,00:00,106.798,107.066,105.983,106.683,344482
2020.05.10,00:00,106.507,107.765,106.480,107.082,309273
2020.05.17,00:00,107.074,108.083,107.055,107.608,247011
2020.05.24,00:00,107.564,107.944,107.075,107.772,256590
2020.05.31,00:00,107.668,109.848,107.374,109.581,323579
2020.06.07,00:00,109.548,109.689,106.569,107.362,386578
2020.06.14,00:00,107.303,107.635,106.664,106.867,337298
2020.06.21,00:00,106.767,107.449,106.069,107.201,316514
2020.06.28,00:00,107.067,108.160,107.037,107.466,263234
2020.07.05,00:00,107.443,107.788,106.633,106.911,205775
2020.07.12,00:00,106.876,107.427,106.661,107.019,196265
2020.07.19,00:00,107.071,107.533,105.678,106.119,210163
2020.07.26,00:00,106.010,106.106,104.184,105.846,321529
2020.08.02,00:00,105.763,106.470,105.297,105.891,323485
2020.08.09,00:00,105.847,107.046,105.705,106.569,246708
2020.08.16,00:00,106.562,106.652,105.098,105.759,285385
2020.08.23,00:00,105.758,106.943,105.198,105.319,305842
2020.08.30,00:00,105.413,106.546,105.288,106.209,316034
2020.09.06,00:00,106.216,106.383,105.787,106.129,212007
2020.09.13,00:00,106.074,106.162,104.269,104.568,208107
2020.09.20,00:00,104.480,105.696,103.997,105.545,233484
2020.09.27,00:00,105.497,105.796,104.939,105.278,278753
2020.10.04,00:00,105.248,106.105,105.248,105.586,239911
2020.10.11,00:00,105.726,105.783,105.032,105.365,224078
2020.10.18,00:00,105.376,105.743,104.336,104.665,233073
2020.10.25,00:00,104.660,105.052,104.019,104.679,268716
2020.11.01,00:00,104.535,105.339,103.171,103.337,446428
2020.11.08,00:00,103.301,105.671,103.176,104.582,395976
2020.11.15,00:00,104.722,105.130,103.649,103.810,318034
2020.11.22,00:00,103.789,104.756,103.677,104.070,300484
2020.11.29,00:00,104.031,104.747,103.666,104.180,296589
2020.12.06,00:00,104.114,104.575,103.819,104.004,210907
2020.12.13,00:00,103.927,104.148,102.870,103.277,216893
2020.12.20,00:00,103.448,103.887,103.248,103.637,248903
2020.12.27,00:00,103.603,103.895,102.956,103.264,215216
2021.01.03,00:00,103.117,104.087,102.588,103.930,436417
2021.01.10,00:00,103.865,104.393,103.520,103.856,312971
2021.01.17,00:00,103.805,104.081,103.322,103.740,263472
2021.01.24,00:00,103.760,104.935,103.550,104.656,247384
2021.01.31,00:00,104.762,105.763,104.602,105.332,199321
2021.02.07,00:00,105.300,105.666,104.405,104.910,203701
2021.02.14,00:00,104.887,106.220,104.887,105.401,236193
2021.02.21,00:00,105.377,106.687,104.916,106.505,303643
2021.02.28,00:00,106.516,108.633,106.361,108.331,271692
2021.03.07,00:00,108.321,109.230,108.265,109.013,282986
2021.03.14,00:00,109.004,109.359,108.535,108.577,284998
2021.03.21,00:00,108.574,109.843,108.401,109.662,250862
2021.03.28,00:00,109.715,110.960,109.368,110.652,239428
2021.04.04,00:00,110.601,110.742,108.995,109.638,244557
2021.04.11,00:00,109.658,109.765,108.606,108.769,239704
2021.04.18,00:00,108.731,108.831,107.472,107.836,258043
2021.04.25,00:00,107.886,109.362,107.635,109.281,257944
2021.05.02,00:00,109.231,109.692,108.333,108.565,273648
2021.05.09,00:00,108.508,109.780,108.344,109.319,361986
2021.05.16,00:00,109.246,109.497,108.565,108.938,338601
2021.05.23,00:00,108.866,110.195,108.554,109.851,277482
2021.05.30,00:00,109.761,110.324,109.326,109.531,223849
2021.06.06,00:00,109.559,109.836,109.184,109.647,268686
2021.06.13,00:00,109.587,110.819,109.587,110.193,356189
2021.06.20,00:00,110.171,111.110,109.709,110.766,286366
2021.06.27,00:00,110.751,111.653,110.412,111.003,333950
2021.07.04,00:00,110.946,111.185,109.528,110.094,382406
2021.07.11,00:00,110.109,110.694,109.709,110.053,283835
2021.07.18,00:00,109.991,110.588,109.060,110.496,344691
2021.07.25,00:00,110.409,110.578,109.357,109.613,340332
2021.08.01,00:00,109.666,110.349,108.717,110.205,295155
2021.08.08,00:00,110.286,110.796,109.539,109.567,260875
2021.08.15,00:00,109.616,110.223,109.108,109.756,653934
2021.08.22,00:00,109.706,110.263,109.407,109.791,445033
2021.08.29,00:00,109.846,110.415,109.580,109.673,267963
2021.09.05,00:00,109.690,110.441,109.616,109.900,239701
2021.09.12,00:00,109.823,110.157,109.109,109.955,251857
2021.09.19,00:00,109.871,110.789,109.114,110.709,334661
2021.09.26,00:00,110.607,112.072,110.530,111.046,351683
2021.10.03,00:00,110.872,112.251,110.815,112.213,385830
2021.10.10,00:00,112.121,114.458,112.120,114.210,337373
2021.10.17,00:00,114.210,114.694,113.408,113.447,360345
2021.10.24,00:00,113.520,114.306,113.250,114.102,379461
2021.10.31,00:00,114.093,114.439,113.294,113.369,375478
2021.11.07,00:00,113.306,114.296,112.720,113.887,342857
2021.11.14,00:00,113.881,114.963,113.580,113.993,418716
2021.11.21,00:00,113.897,115.511,113.045,113.322,522786
2021.11.28,00:00,113.649,113.951,112.525,112.741,699514
2021.12.05,00:00,112.810,113.949,112.809,113.366,409899
2021.12.12,00:00,113.233,114.266,113.134,113.673,404426
2021.12.19,00:00,113.771,114.508,113.321,114.334,301648
2021.12.26,00:00,114.326,115.203,114.304,115.060,201051
2022.01.02,00:00,115.036,116.346,114.940,115.574,367152
2022.01.09,00:00,115.588,115.847,113.477,114.169,404176
2022.01.16,00:00,114.117,115.054,113.598,113.647,410643
2022.01.23,00:00,113.616,115.681,113.465,115.202,536761
2022.01.30,00:00,115.245,115.587,114.144,115.168,411679
2022.02.06,00:00,115.225,116.336,114.910,115.343,369346
2022.02.13,00:00,115.270,115.878,114.782,115.000,469034
2022.02.20,00:00,114.965,115.758,114.403,115.497,552670
2022.02.27,00:00,115.127,115.803,114.645,114.828,529304
2022.03.06,00:00,114.882,117.353,114.805,117.331,472473
2022.03.13,00:00,117.318,119.395,117.311,119.106,340238
2022.03.20,00:00,119.107,122.428,119.059,122.059,358172
2022.03.27,00:00,122.016,125.100,121.277,122.501,806171
2022.04.03,00:00,122.596,124.674,122.263,124.275,363247
2022.04.10,00:00,123.996,126.667,123.991,126.380,517324
2022.04.17,00:00,126.381,129.404,126.234,128.496,639541
2022.04.24,00:00,128.571,131.249,126.939,129.785,737650
2022.05.01,00:00,129.709,130.803,128.623,130.536,615636
2022.05.08,00:00,130.458,131.344,127.514,129.223,775366
2022.05.15,00:00,129.190,129.779,127.021,127.868,556028
2022.05.22,00:00,127.899,128.079,126.355,127.088,546177
2022.05.29,00:00,127.011,130.976,126.859,130.805,512621
2022.06.05,00:00,130.900,134.554,130.429,134.379,670198
2022.06.12,00:00,134.333,135.568,131.490,134.927,962768
2022.06.19,00:00,134.928,136.712,134.254,135.180,878058
2022.06.26,00:00,135.064,136.996,134.518,135.241,935613
2022.07.03,00:00,135.285,136.562,134.780,136.078,837691
2022.07.10,00:00,135.954,139.382,135.954,138.512,860096
2022.07.17,00:00,138.485,138.874,135.561,136.066,808557
2022.07.24,00:00,136.156,137.456,132.500,133.213,742072
2022.07.31,00:00,133.268,135.498,130.381,135.000,835652
2022.08.07,00:00,135.059,135.566,131.723,133.474,809322
2022.08.14,00:00,133.416,137.223,132.544,136.878,900779
2022.08.21,00:00,136.918,137.706,135.807,137.590,545490
2022.08.28,00:00,137.632,140.798,137.538,140.196,587936
2022.09.04,00:00,140.130,144.983,140.097,142.604,749467
2022.09.11,00:00,142.116,144.938,141.615,142.923,662143
2022.09.18,00:00,142.900,145.893,140.335,143.323,619393
2022.09.25,00:00,143.637,144.900,143.240,144.751,771318
2022.10.02,00:00,144.758,145.437,143.520,145.374,570277
2022.10.09,00:00,145.278,148.857,145.231,148.740,659737
2022.10.16,00:00,148.588,151.936,146.163,147.671,743683
2022.10.23,00:00,147.804,149.694,145.095,147.756,674533
2022.10.30,00:00,147.754,148.844,145.665,146.628,821194
2022.11.06,00:00,147.166,147.565,138.457,138.756,1007106
2022.11.13,00:00,139.113,140.790,137.654,140.361,1300137
2022.11.20,00:00,140.267,142.249,138.039,139.142,1048049
2022.11.27,00:00,139.221,139.890,133.616,134.300,1143732
2022.12.04,00:00,134.469,137.847,134.122,136.565,914180
2022.12.11,00:00,136.505,138.169,134.492,136.698,936092
2022.12.18,00:00,135.929,137.467,130.555,132.809,852782
2022.12.25,00:00,132.771,134.495,130.772,131.093,421627
2023.01.01,00:00,130.926,134.769,129.503,132.108,715068
2023.01.08,00:00,131.912,132.866,127.453,127.849,747242
2023.01.15,00:00,127.789,131.566,127.211,129.559,676534
2023.01.22,00:00,129.443,131.111,129.018,129.820,500404
2023.01.29,00:00,129.714,131.193,128.074,131.173,577604
2023.02.05,00:00,132.482,132.896,129.793,131.388,949454
2023.02.12,00:00,131.269,135.104,131.242,134.138,886299
2023.02.19,00:00,134.247,135.354,133.914,135.172,564337
